const uint8_t Oswald_Regular40pt7bBitmaps[] PROGMEM = {
  0x00, 0xFF, 0xFF, 0xFF, 0xFF, 0xFF, 0xFF, 0xFF, 0xFF, 0xFF, 0xFF, 0x7E,
  0x7E, 0x7E, 0x7E, 0x7E, 0x7E, 0x7E, 0x7E, 0x7E, 0x7E, 0x7E, 0x7E, 0x7E,
  0x7E, 0x7E, 0x7E, 0x7E, 0x7E, 0x7C, 0x7C, 0x3C, 0x3C, 0x3C, 0x3C, 0x3C,
  0x3C, 0x3C, 0x3C, 0x3C, 0x3C, 0x3C, 0x3C, 0x3C, 0x3C, 0x3C, 0x3C, 0x3C,
  0x38, 0x38, 0x38, 0x00, 0x00, 0x00, 0x00, 0x00, 0x00, 0xFF, 0xFF, 0xFF,
  0xFF, 0xFF, 0xFF, 0xFF, 0xFF, 0xFF, 0x1F, 0xFF, 0xC3, 0xFB, 0xF8, 0x7F,
  0x7F, 0x0F, 0xEF, 0xE1, 0xFD, 0xFC, 0x3F, 0xBF, 0x87, 0xF7, 0xE0, 0xFC,
  0xFC, 0x1F, 0x9F, 0x83, 0xF3, 0xF0, 0x7E, 0x7E, 0x0F, 0xCF, 0xC1, 0xF9,
  0xF8, 0x3E, 0x3E, 0x07, 0xC7, 0xC0, 0xF8, 0xF8, 0x1F, 0x1F, 0x03, 0xE3,
  0xE0, 0x7C, 0x00, 0x00, 0x7F, 0xC0, 0x7F, 0x80, 0x3F, 0xC0, 0x7F, 0xC0,
  0x1F, 0xE0, 0x3F, 0xE0, 0x0F, 0xF0, 0x1F, 0xF0, 0x07, 0xF8, 0x0F, 0xF0,
  0x07, 0xFC, 0x07, 0xF8, 0x03, 0xFE, 0x03, 0xFC, 0x01, 0xFF, 0x01, 0xFE,
  0x00, 0xFF, 0x01, 0xFF, 0x00, 0x7F, 0x80, 0xFF, 0x80, 0x3F, 0xC0, 0x7F,
  0xC0, 0x1F, 0xE0, 0x3F, 0xC0, 0x1F, 0xF0, 0x1F, 0xE0, 0x0F, 0xF8, 0x0F,
  0xF0, 0x07, 0xFC, 0x07, 0xF8, 0x03, 0xFC, 0x07, 0xFC, 0x01, 0xFE, 0x03,
  0xFE, 0x00, 0xFF, 0x01, 0xFF, 0x00, 0x7F, 0x80, 0xFF, 0x00, 0x7F, 0xC0,
  0x7F, 0x80, 0x3F, 0xE0, 0x3F, 0xC7, 0xFF, 0xFF, 0xFF, 0xFF, 0xFF, 0xFF,
  0xFF, 0xFF, 0xFF, 0xFF, 0xFF, 0xFF, 0xFF, 0xFF, 0xFF, 0xFF, 0xFF, 0xFF,
  0xFF, 0xFF, 0xFF, 0xFF, 0xFF, 0xFF, 0xE0, 0xFF, 0x80, 0xFF, 0x00, 0x7F,
  0xC0, 0x7F, 0x80, 0x3F, 0xC0, 0x7F, 0xC0, 0x1F, 0xE0, 0x3F, 0xE0, 0x0F,
  0xF0, 0x1F, 0xF0, 0x07, 0xF8, 0x0F, 0xF0, 0x03, 0xFC, 0x07, 0xF8, 0x03,
  0xFE, 0x03, 0xFC, 0x1F, 0xFF, 0xFF, 0xFF, 0xFF, 0xFF, 0xFF, 0xFF, 0xFF,
  0xFF, 0xFF, 0xFF, 0xFF, 0xFF, 0xFF, 0xFF, 0xFF, 0xFF, 0xFF, 0xFF, 0xFF,
  0xFF, 0xFF, 0xFF, 0xFF, 0x8F, 0xF8, 0x0F, 0xF0, 0x07, 0xFC, 0x07, 0xF8,
  0x03, 0xFC, 0x07, 0xFC, 0x01, 0xFE, 0x03, 0xFE, 0x00, 0xFF, 0x01, 0xFE,
  0x00, 0x7F, 0x80, 0xFF, 0x00, 0x7F, 0xC0, 0x7F, 0x80, 0x3F, 0xE0, 0x3F,
  0xC0, 0x1F, 0xF0, 0x1F, 0xE0, 0x0F, 0xF0, 0x1F, 0xF0, 0x07, 0xF8, 0x0F,
  0xF8, 0x03, 0xFC, 0x07, 0xF8, 0x01, 0xFE, 0x03, 0xFC, 0x01, 0xFF, 0x01,
  0xFE, 0x00, 0xFF, 0x80, 0xFF, 0x00, 0x7F, 0xC0, 0xFF, 0x80, 0x3F, 0xC0,
  0x7F, 0xC0, 0x1F, 0xE0, 0x3F, 0xE0, 0x0F, 0xF0, 0x1F, 0xE0, 0x07, 0xF8,
  0x0F, 0xF0, 0x07, 0xFC, 0x07, 0xF8, 0x03, 0xFE, 0x03, 0xFC, 0x01, 0xFF,
  0x03, 0xFE, 0x00, 0x00, 0x03, 0x80, 0x00, 0x00, 0x03, 0x80, 0x00, 0x00,
  0x03, 0x80, 0x00, 0x00, 0x03, 0x80, 0x00, 0x00, 0x03, 0x80, 0x00, 0x00,
  0x03, 0xE0, 0x00, 0x00, 0xFF, 0xFC, 0x00, 0x03, 0xFF, 0xFF, 0x00, 0x07,
  0xFF, 0xFF, 0xC0, 0x0F, 0xFF, 0xFF, 0xE0, 0x1F, 0xFF, 0xFF, 0xE0, 0x3F,
  0xFF, 0xFF, 0xF0, 0x3F, 0xFC, 0x3F, 0xF8, 0x7F, 0xE0, 0x0F, 0xF8, 0x7F,
  0xC0, 0x07, 0xFC, 0xFF, 0x80, 0x03, 0xFC, 0xFF, 0x00, 0x03, 0xFC, 0xFF,
  0x00, 0x01, 0xFC, 0xFF, 0x00, 0x01, 0xFE, 0xFF, 0x00, 0x01, 0xFE, 0xFF,
  0x00, 0x01, 0xFE, 0xFF, 0x00, 0x01, 0xFE, 0xFF, 0x00, 0x00, 0xF8, 0xFF,
  0x80, 0x00, 0x80, 0xFF, 0x80, 0x00, 0x00, 0x7F, 0xC0, 0x00, 0x00, 0x7F,
  0xE0, 0x00, 0x00, 0x7F, 0xF0, 0x00, 0x00, 0x3F, 0xF8, 0x00, 0x00, 0x3F,
  0xFC, 0x00, 0x00, 0x1F, 0xFE, 0x00, 0x00, 0x0F, 0xFF, 0x00, 0x00, 0x0F,
  0xFF, 0x80, 0x00, 0x07, 0xFF, 0xC0, 0x00, 0x01, 0xFF, 0xF0, 0x00, 0x00,
  0xFF, 0xF8, 0x00, 0x00, 0x7F, 0xFC, 0x00, 0x00, 0x3F, 0xFE, 0x00, 0x00,
  0x1F, 0xFF, 0x00, 0x00, 0x0F, 0xFF, 0x80, 0x00, 0x07, 0xFF, 0xC0, 0x00,
  0x01, 0xFF, 0xE0, 0x00, 0x00, 0xFF, 0xF0, 0x00, 0x00, 0x7F, 0xF0, 0x00,
  0x00, 0x3F, 0xF8, 0x00, 0x00, 0x1F, 0xF8, 0x00, 0x00, 0x0F, 0xFC, 0x00,
  0x00, 0x07, 0xFC, 0x00, 0x00, 0x03, 0xFE, 0x00, 0x00, 0x03, 0xFE, 0x07,
  0x00, 0x01, 0xFE, 0x3F, 0x00, 0x01, 0xFF, 0xFF, 0x00, 0x00, 0xFF, 0xFF,
  0x00, 0x00, 0xFF, 0xFF, 0x00, 0x00, 0xFF, 0xFF, 0x80, 0x00, 0xFF, 0xFF,
  0x80, 0x00, 0xFF, 0xFF, 0x80, 0x00, 0xFF, 0x7F, 0xC0, 0x00, 0xFF, 0x7F,
  0xC0, 0x01, 0xFF, 0x7F, 0xE0, 0x01, 0xFE, 0x3F, 0xF0, 0x03, 0xFE, 0x3F,
  0xF8, 0x07, 0xFE, 0x1F, 0xFF, 0xFF, 0xFC, 0x1F, 0xFF, 0xFF, 0xFC, 0x0F,
  0xFF, 0xFF, 0xF8, 0x07, 0xFF, 0xFF, 0xF0, 0x03, 0xFF, 0xFF, 0xE0, 0x01,
  0xFF, 0xFF, 0x80, 0x00, 0x3F, 0xFE, 0x00, 0x00, 0x00, 0xE0, 0x00, 0x00,
  0x00, 0xE0, 0x00, 0x00, 0x00, 0xE0, 0x00, 0x00, 0x00, 0xE0, 0x00, 0x00,
  0x00, 0xE0, 0x00, 0x00, 0x00, 0xE0, 0x00, 0x00, 0x08, 0x00, 0x00, 0x00,
  0x00, 0x00, 0x00, 0x01, 0xFF, 0xE0, 0x00, 0x07, 0xF0, 0x00, 0x00, 0x07,
  0xFF, 0xF0, 0x00, 0x0F, 0xF0, 0x00, 0x00, 0x0F, 0xFF, 0xFC, 0x00, 0x0F,
  0xE0, 0x00, 0x00, 0x1F, 0xFF, 0xFC, 0x00, 0x0F, 0xE0, 0x00, 0x00, 0x3F,
  0xFF, 0xFE, 0x00, 0x0F, 0xE0, 0x00, 0x00, 0x3F, 0xFF, 0xFF, 0x00, 0x1F,
  0xE0, 0x00, 0x00, 0x7F, 0xC1, 0xFF, 0x00, 0x1F, 0xC0, 0x00, 0x00, 0x7F,
  0x80, 0xFF, 0x00, 0x1F, 0xC0, 0x00, 0x00, 0x7F, 0x80, 0xFF, 0x80, 0x1F,
  0xC0, 0x00, 0x00, 0xFF, 0x00, 0x7F, 0x80, 0x3F, 0xC0, 0x00, 0x00, 0xFF,
  0x00, 0x7F, 0x80, 0x3F, 0x80, 0x00, 0x00, 0xFF, 0x00, 0x7F, 0x80, 0x3F,
  0x80, 0x00, 0x00, 0xFF, 0x00, 0x7F, 0x80, 0x3F, 0x80, 0x00, 0x00, 0xFF,
  0x00, 0x7F, 0x80, 0x7F, 0x80, 0x00, 0x00, 0xFF, 0x00, 0x7F, 0x80, 0x7F,
  0x00, 0x00, 0x00, 0xFF, 0x00, 0x7F, 0x80, 0x7F, 0x00, 0x00, 0x00, 0xFF,
  0x00, 0x7F, 0x80, 0xFF, 0x00, 0x00, 0x00, 0xFF, 0x00, 0x7F, 0x80, 0xFF,
  0x00, 0x00, 0x00, 0xFF, 0x00, 0x7F, 0x80, 0xFE, 0x00, 0x00, 0x00, 0xFF,
  0x00, 0x7F, 0x80, 0xFE, 0x00, 0x00, 0x00, 0xFF, 0x00, 0x7F, 0x81, 0xFE,
  0x00, 0x00, 0x00, 0xFF, 0x00, 0x7F, 0x81, 0xFC, 0x00, 0x00, 0x00, 0xFF,
  0x00, 0x7F, 0x81, 0xFC, 0x00, 0x00, 0x00, 0xFF, 0x00, 0x7F, 0x81, 0xFC,
  0x00, 0x00, 0x00, 0x7F, 0x80, 0xFF, 0x03, 0xFC, 0x00, 0x00, 0x00, 0x7F,
  0x80, 0xFF, 0x03, 0xF8, 0x00, 0x00, 0x00, 0x7F, 0x80, 0xFF, 0x03, 0xF8,
  0x00, 0x00, 0x00, 0x7F, 0xC1, 0xFF, 0x03, 0xF8, 0x00, 0x00, 0x00, 0x3F,
  0xFF, 0xFE, 0x07, 0xF8, 0x00, 0x00, 0x00, 0x1F, 0xFF, 0xFE, 0x07, 0xF0,
  0x00, 0x00, 0x00, 0x1F, 0xFF, 0xFC, 0x07, 0xF0, 0x01, 0xFF, 0x00, 0x0F,
  0xFF, 0xF8, 0x07, 0xF0, 0x07, 0xFF, 0xE0, 0x03, 0xFF, 0xE0, 0x0F, 0xF0,
  0x1F, 0xFF, 0xF0, 0x00, 0xFF, 0x80, 0x0F, 0xE0, 0x3F, 0xFF, 0xF8, 0x00,
  0x00, 0x00, 0x0F, 0xE0, 0x7F, 0xFF, 0xFC, 0x00, 0x00, 0x00, 0x1F, 0xE0,
  0x7F, 0xFF, 0xFC, 0x00, 0x00, 0x00, 0x1F, 0xE0, 0xFF, 0x83, 0xFE, 0x00,
  0x00, 0x00, 0x1F, 0xC0, 0xFF, 0x01, 0xFE, 0x00, 0x00, 0x00, 0x1F, 0xC0,
  0xFF, 0x01, 0xFE, 0x00, 0x00, 0x00, 0x3F, 0xC1, 0xFE, 0x01, 0xFF, 0x00,
  0x00, 0x00, 0x3F, 0xC1, 0xFE, 0x00, 0xFF, 0x00, 0x00, 0x00, 0x3F, 0x81,
  0xFE, 0x00, 0xFF, 0x00, 0x00, 0x00, 0x3F, 0x81, 0xFE, 0x00, 0xFF, 0x00,
  0x00, 0x00, 0x7F, 0x81, 0xFE, 0x00, 0xFF, 0x00, 0x00, 0x00, 0x7F, 0x01,
  0xFE, 0x00, 0xFF, 0x00, 0x00, 0x00, 0x7F, 0x01, 0xFE, 0x00, 0xFF, 0x00,
  0x00, 0x00, 0x7F, 0x01, 0xFE, 0x00, 0xFF, 0x00, 0x00, 0x00, 0xFF, 0x01,
  0xFE, 0x00, 0xFF, 0x00, 0x00, 0x00, 0xFE, 0x01, 0xFE, 0x00, 0xFF, 0x00,
  0x00, 0x00, 0xFE, 0x01, 0xFE, 0x00, 0xFF, 0x00, 0x00, 0x00, 0xFE, 0x01,
  0xFE, 0x00, 0xFF, 0x00, 0x00, 0x01, 0xFE, 0x01, 0xFE, 0x00, 0xFF, 0x00,
  0x00, 0x01, 0xFC, 0x01, 0xFE, 0x00, 0xFF, 0x00, 0x00, 0x01, 0xFC, 0x01,
  0xFE, 0x00, 0xFF, 0x00, 0x00, 0x03, 0xFC, 0x01, 0xFE, 0x00, 0xFF, 0x00,
  0x00, 0x03, 0xFC, 0x00, 0xFF, 0x01, 0xFE, 0x00, 0x00, 0x03, 0xF8, 0x00,
  0xFF, 0x01, 0xFE, 0x00, 0x00, 0x03, 0xF8, 0x00, 0xFF, 0x83, 0xFE, 0x00,
  0x00, 0x07, 0xF8, 0x00, 0x7F, 0xFF, 0xFC, 0x00, 0x00, 0x07, 0xF8, 0x00,
  0x7F, 0xFF, 0xFC, 0x00, 0x00, 0x07, 0xF0, 0x00, 0x3F, 0xFF, 0xF8, 0x00,
  0x00, 0x07, 0xF0, 0x00, 0x1F, 0xFF, 0xF0, 0x00, 0x00, 0x0F, 0xF0, 0x00,
  0x0F, 0xFF, 0xE0, 0x00, 0x00, 0x0F, 0xE0, 0x00, 0x03, 0xFF, 0x80, 0x00,
  0x00, 0x00, 0x00, 0x00, 0x00, 0x18, 0x00, 0x00, 0x00, 0x00, 0x00, 0x00,
  0x00, 0x3F, 0xF8, 0x00, 0x00, 0x01, 0xFF, 0xFC, 0x00, 0x00, 0x0F, 0xFF,
  0xFC, 0x00, 0x00, 0x3F, 0xFF, 0xFC, 0x00, 0x00, 0x7F, 0xFF, 0xFC, 0x00,
  0x01, 0xFF, 0xFF, 0xFC, 0x00, 0x07, 0xFF, 0xFF, 0xF8, 0x00, 0x0F, 0xF8,
  0x1F, 0xF0, 0x00, 0x1F, 0xE0, 0x1F, 0xF0, 0x00, 0x7F, 0xC0, 0x1F, 0xE0,
  0x00, 0xFF, 0x00, 0x3F, 0xC0, 0x01, 0xFE, 0x00, 0x7F, 0x80, 0x03, 0xFC,
  0x00, 0xFF, 0x00, 0x07, 0xF8, 0x01, 0xFE, 0x00, 0x0F, 0xF0, 0x03, 0xFC,
  0x00, 0x1F, 0xE0, 0x07, 0xF8, 0x00, 0x3F, 0xC0, 0x1F, 0xE0, 0x00, 0x7F,
  0x80, 0x3F, 0xC0, 0x00, 0xFF, 0x80, 0x7F, 0x80, 0x00, 0xFF, 0x01, 0xFE,
  0x00, 0x01, 0xFE, 0x03, 0xFC, 0x00, 0x03, 0xFC, 0x0F, 0xF0, 0x00, 0x03,
  0xFC, 0x1F, 0xE0, 0x00, 0x07, 0xF8, 0x7F, 0x80, 0x00, 0x07, 0xF0, 0xFE,
  0x00, 0x00, 0x0F, 0xF3, 0xFC, 0x00, 0x00, 0x1F, 0xE7, 0xF0, 0x00, 0x00,
  0x1F, 0xFF, 0xC0, 0x00, 0x00, 0x3F, 0xFF, 0x00, 0x00, 0x00, 0x3F, 0xFC,
  0x00, 0x00, 0x00, 0x7F, 0xF0, 0x00, 0x00, 0x00, 0x7F, 0xE0, 0x00, 0x00,
  0x00, 0xFF, 0x80, 0x00, 0x00, 0x03, 0xFF, 0x00, 0x00, 0x00, 0x0F, 0xFF,
  0x00, 0x00, 0x00, 0x3F, 0xFE, 0x00, 0x3F, 0xC0, 0xFF, 0xFE, 0x00, 0x7F,
  0x83, 0xFF, 0xFE, 0x01, 0xFF, 0x07, 0xFB, 0xFC, 0x03, 0xFE, 0x1F, 0xF3,
  0xFC, 0x07, 0xFC, 0x7F, 0xC7, 0xF8, 0x0F, 0xF8, 0xFF, 0x07, 0xF8, 0x1F,
  0xF3, 0xFE, 0x0F, 0xF8, 0x3F, 0xC7, 0xF8, 0x0F, 0xF0, 0xFF, 0x8F, 0xF0,
  0x0F, 0xF1, 0xFF, 0x3F, 0xE0, 0x1F, 0xE3, 0xFC, 0x7F, 0x80, 0x1F, 0xEF,
  0xF8, 0xFF, 0x00, 0x3F, 0xFF, 0xE1, 0xFE, 0x00, 0x3F, 0xFF, 0xC3, 0xFC,
  0x00, 0x3F, 0xFF, 0x07, 0xF8, 0x00, 0x7F, 0xFE, 0x0F, 0xF0, 0x00, 0x7F,
  0xF8, 0x1F, 0xE0, 0x00, 0x7F, 0xF0, 0x3F, 0xC0, 0x00, 0xFF, 0xC0, 0x7F,
  0xC0, 0x03, 0xFF, 0xC0, 0x7F, 0x80, 0x0F, 0xFF, 0xE0, 0xFF, 0x80, 0x7F,
  0xFF, 0xFD, 0xFF, 0xFF, 0xFF, 0xFF, 0xF9, 0xFF, 0xFF, 0xFF, 0xFF, 0xF1,
  0xFF, 0xFF, 0xFC, 0xFF, 0xE1, 0xFF, 0xFF, 0xF0, 0xFF, 0xC1, 0xFF, 0xFF,
  0xC0, 0xFF, 0x81, 0xFF, 0xFE, 0x00, 0x7F, 0x00, 0xFF, 0xF0, 0x00, 0x7E,
  0x00, 0x0C, 0x00, 0x00, 0x0C, 0xFF, 0xFE, 0xFE, 0xFE, 0xFE, 0xFE, 0xFE,
  0xFC, 0xFC, 0xFC, 0xFC, 0xFC, 0xFC, 0xF8, 0xF8, 0xF8, 0xF8, 0xF8, 0xF8,
  0x00, 0x00, 0x00, 0x7C, 0x03, 0xF8, 0x0F, 0xF0, 0x3F, 0xE0, 0xFF, 0xC3,
  0xFF, 0x87, 0xF8, 0x1F, 0xE0, 0x3F, 0xC0, 0x7F, 0x01, 0xFE, 0x03, 0xFC,
  0x07, 0xF0, 0x1F, 0xE0, 0x3F, 0xC0, 0x7F, 0x80, 0xFF, 0x01, 0xFC, 0x03,
  0xF8, 0x0F, 0xF0, 0x1F, 0xE0, 0x3F, 0xC0, 0x7F, 0x80, 0xFF, 0x01, 0xFE,
  0x03, 0xFC, 0x07, 0xF8, 0x0F, 0xF0, 0x1F, 0xE0, 0x3F, 0xC0, 0x7F, 0x80,
  0xFF, 0x01, 0xFE, 0x03, 0xFC, 0x07, 0xF8, 0x0F, 0xF0, 0x1F, 0xE0, 0x3F,
  0xC0, 0x7F, 0x80, 0xFF, 0x01, 0xFE, 0x03, 0xFC, 0x07, 0xF8, 0x0F, 0xF0,
  0x1F, 0xE0, 0x3F, 0xC0, 0x7F, 0x80, 0xFF, 0x01, 0xFE, 0x03, 0xFC, 0x07,
  0xF8, 0x0F, 0xF0, 0x1F, 0xE0, 0x3F, 0xC0, 0x7F, 0x80, 0xFF, 0x01, 0xFE,
  0x03, 0xFC, 0x07, 0xF8, 0x0F, 0xF0, 0x0F, 0xE0, 0x1F, 0xE0, 0x3F, 0xC0,
  0x7F, 0x80, 0xFF, 0x01, 0xFE, 0x01, 0xFC, 0x03, 0xFC, 0x07, 0xF8, 0x07,
  0xF8, 0x0F, 0xF0, 0x0F, 0xF0, 0x1F, 0xF0, 0x1F, 0xF8, 0x3F, 0xF0, 0x3F,
  0xE0, 0x3F, 0xC0, 0x1F, 0x80, 0x0F, 0x00, 0x01, 0xF0, 0x03, 0xF8, 0x07,
  0xF8, 0x0F, 0xF8, 0x1F, 0xF8, 0x3F, 0xF8, 0x0F, 0xF0, 0x0F, 0xF0, 0x1F,
  0xE0, 0x1F, 0xC0, 0x3F, 0xC0, 0x7F, 0x80, 0x7F, 0x00, 0xFF, 0x01, 0xFE,
  0x03, 0xFC, 0x07, 0xF8, 0x0F, 0xF0, 0x0F, 0xE0, 0x1F, 0xE0, 0x3F, 0xC0,
  0x7F, 0x80, 0xFF, 0x01, 0xFE, 0x03, 0xFC, 0x07, 0xF8, 0x0F, 0xF0, 0x1F,
  0xE0, 0x3F, 0xC0, 0x7F, 0x80, 0xFF, 0x01, 0xFE, 0x03, 0xFC, 0x07, 0xF8,
  0x0F, 0xF0, 0x1F, 0xE0, 0x3F, 0xC0, 0x7F, 0x80, 0xFF, 0x01, 0xFE, 0x03,
  0xFC, 0x07, 0xF8, 0x0F, 0xF0, 0x1F, 0xE0, 0x3F, 0xC0, 0x7F, 0x80, 0xFF,
  0x01, 0xFE, 0x03, 0xFC, 0x07, 0xF8, 0x0F, 0xF0, 0x1F, 0xE0, 0x3F, 0xC0,
  0x7F, 0x80, 0xFF, 0x01, 0xFE, 0x03, 0xFC, 0x07, 0xF8, 0x0F, 0xF0, 0x1F,
  0xE0, 0x3F, 0x80, 0xFF, 0x01, 0xFE, 0x03, 0xFC, 0x07, 0xF8, 0x0F, 0xE0,
  0x1F, 0xC0, 0x7F, 0x80, 0xFF, 0x03, 0xFC, 0x07, 0xF8, 0x1F, 0xE0, 0x7F,
  0xC3, 0xFF, 0x07, 0xFE, 0x0F, 0xF8, 0x1F, 0xE0, 0x3F, 0x00, 0x78, 0x00,
  0x00, 0x3F, 0x00, 0x00, 0x0F, 0xC0, 0x00, 0x03, 0xF0, 0x00, 0x00, 0xF8,
  0x00, 0x00, 0x3E, 0x00, 0x00, 0x0F, 0x80, 0x04, 0x03, 0xE0, 0x11, 0xC0,
  0xF8, 0x1C, 0x7C, 0x3E, 0x1F, 0xBF, 0xCF, 0x9F, 0xEF, 0xFF, 0xFF, 0xFB,
  0xFF, 0xFF, 0xFF, 0x3F, 0xFF, 0xFE, 0x01, 0xFF, 0xFC, 0x00, 0x1F, 0xFC,
  0x00, 0x03, 0xFE, 0x00, 0x00, 0xFF, 0x80, 0x00, 0x7D, 0xF0, 0x00, 0x3F,
  0x7E, 0x00, 0x0F, 0x8F, 0xC0, 0x07, 0xE3, 0xF0, 0x03, 0xF0, 0x7E, 0x01,
  0xFC, 0x1F, 0xC0, 0x7E, 0x03, 0xF8, 0x0F, 0x80, 0xF8, 0x00, 0xC0, 0x1C,
  0x00, 0x10, 0x00, 0x00, 0x00, 0x1F, 0x80, 0x00, 0x00, 0xFC, 0x00, 0x00,
  0x07, 0xE0, 0x00, 0x00, 0x3F, 0x00, 0x00, 0x01, 0xF8, 0x00, 0x00, 0x0F,
  0xC0, 0x00, 0x00, 0x7E, 0x00, 0x00, 0x03, 0xF0, 0x00, 0x00, 0x1F, 0x80,
  0x00, 0x00, 0xFC, 0x00, 0x00, 0x07, 0xE0, 0x00, 0x00, 0x3F, 0x00, 0x00,
  0x01, 0xF8, 0x00, 0x7F, 0xFF, 0xFF, 0xFF, 0xFF, 0xFF, 0xFF, 0xFF, 0xFF,
  0xFF, 0xFF, 0xFF, 0xFF, 0xFF, 0xFF, 0xFF, 0xFF, 0xFF, 0xFF, 0xFF, 0xFF,
  0xFE, 0x00, 0x3F, 0x00, 0x00, 0x01, 0xF8, 0x00, 0x00, 0x0F, 0xC0, 0x00,
  0x00, 0x7E, 0x00, 0x00, 0x03, 0xF0, 0x00, 0x00, 0x1F, 0x80, 0x00, 0x00,
  0xFC, 0x00, 0x00, 0x07, 0xE0, 0x00, 0x00, 0x3F, 0x00, 0x00, 0x01, 0xF8,
  0x00, 0x00, 0x0F, 0xC0, 0x00, 0x00, 0x7E, 0x00, 0x00, 0x03, 0xF0, 0x00,
  0xFF, 0xFF, 0xFF, 0xFF, 0xFF, 0xFF, 0xFF, 0xFF, 0xFF, 0x0F, 0x0F, 0x0F,
  0x1F, 0x1E, 0x3E, 0xFC, 0xF8, 0x70, 0x60, 0xFF, 0xFF, 0xFF, 0xFF, 0xFF,
  0xFF, 0xFF, 0xFF, 0xFF, 0xFF, 0xFF, 0xFF, 0xFC, 0xFF, 0xFF, 0xFF, 0xFF,
  0xFF, 0xFF, 0xFF, 0xFF, 0xFF, 0x00, 0x00, 0x7F, 0x80, 0x00, 0x3F, 0x80,
  0x00, 0x1F, 0xC0, 0x00, 0x1F, 0xE0, 0x00, 0x0F, 0xE0, 0x00, 0x07, 0xF0,
  0x00, 0x03, 0xF8, 0x00, 0x03, 0xFC, 0x00, 0x01, 0xFC, 0x00, 0x00, 0xFE,
  0x00, 0x00, 0x7F, 0x00, 0x00, 0x7F, 0x80, 0x00, 0x3F, 0x80, 0x00, 0x1F,
  0xC0, 0x00, 0x1F, 0xE0, 0x00, 0x0F, 0xE0, 0x00, 0x07, 0xF0, 0x00, 0x03,
  0xF8, 0x00, 0x03, 0xFC, 0x00, 0x01, 0xFC, 0x00, 0x00, 0xFE, 0x00, 0x00,
  0x7F, 0x00, 0x00, 0x7F, 0x80, 0x00, 0x3F, 0x80, 0x00, 0x1F, 0xC0, 0x00,
  0x0F, 0xE0, 0x00, 0x0F, 0xF0, 0x00, 0x07, 0xF0, 0x00, 0x03, 0xF8, 0x00,
  0x03, 0xFC, 0x00, 0x01, 0xFC, 0x00, 0x00, 0xFE, 0x00, 0x00, 0x7F, 0x00,
  0x00, 0x7F, 0x80, 0x00, 0x3F, 0x80, 0x00, 0x1F, 0xC0, 0x00, 0x0F, 0xE0,
  0x00, 0x0F, 0xF0, 0x00, 0x07, 0xF0, 0x00, 0x03, 0xF8, 0x00, 0x01, 0xFC,
  0x00, 0x01, 0xFE, 0x00, 0x00, 0xFE, 0x00, 0x00, 0x7F, 0x00, 0x00, 0x7F,
  0x80, 0x00, 0x3F, 0x80, 0x00, 0x1F, 0xC0, 0x00, 0x0F, 0xE0, 0x00, 0x0F,
  0xF0, 0x00, 0x07, 0xF0, 0x00, 0x03, 0xF8, 0x00, 0x01, 0xFC, 0x00, 0x01,
  0xFE, 0x00, 0x00, 0xFE, 0x00, 0x00, 0x7F, 0x00, 0x00, 0x3F, 0x80, 0x00,
  0x3F, 0xC0, 0x00, 0x1F, 0xC0, 0x00, 0x0F, 0xE0, 0x00, 0x0F, 0xF0, 0x00,
  0x07, 0xF0, 0x00, 0x03, 0xF8, 0x00, 0x01, 0xFC, 0x00, 0x01, 0xFE, 0x00,
  0x00, 0x00, 0x01, 0x00, 0x00, 0x00, 0xFF, 0xF8, 0x00, 0x07, 0xFF, 0xFC,
  0x00, 0x1F, 0xFF, 0xFC, 0x00, 0x7F, 0xFF, 0xFC, 0x01, 0xFF, 0xFF, 0xFC,
  0x07, 0xFF, 0xFF, 0xFC, 0x1F, 0xFF, 0xFF, 0xF8, 0x3F, 0xF0, 0x1F, 0xF8,
  0x7F, 0x80, 0x0F, 0xF1, 0xFF, 0x00, 0x1F, 0xF3, 0xFC, 0x00, 0x1F, 0xE7,
  0xF8, 0x00, 0x3F, 0xDF, 0xF0, 0x00, 0x7F, 0xFF, 0xC0, 0x00, 0x7F, 0xFF,
  0x80, 0x00, 0xFF, 0xFF, 0x00, 0x01, 0xFF, 0xFE, 0x00, 0x03, 0xFF, 0xFC,
  0x00, 0x07, 0xFF, 0xF8, 0x00, 0x0F, 0xFF, 0xF0, 0x00, 0x1F, 0xFF, 0xE0,
  0x00, 0x3F, 0xFF, 0xC0, 0x00, 0x7F, 0xFF, 0x80, 0x00, 0xFF, 0xFF, 0x00,
  0x01, 0xFF, 0xFE, 0x00, 0x03, 0xFF, 0xFC, 0x00, 0x07, 0xFF, 0xF8, 0x00,
  0x0F, 0xFF, 0xF0, 0x00, 0x1F, 0xFF, 0xE0, 0x00, 0x3F, 0xFF, 0xC0, 0x00,
  0x7F, 0xFF, 0x80, 0x00, 0xFF, 0xFF, 0x00, 0x01, 0xFF, 0xFE, 0x00, 0x03,
  0xFF, 0xFC, 0x00, 0x07, 0xFF, 0xF8, 0x00, 0x0F, 0xFF, 0xF0, 0x00, 0x1F,
  0xFF, 0xE0, 0x00, 0x3F, 0xFF, 0xC0, 0x00, 0x7F, 0xFF, 0x80, 0x00, 0xFF,
  0xFF, 0x00, 0x01, 0xFF, 0xFE, 0x00, 0x03, 0xFF, 0xFC, 0x00, 0x07, 0xFF,
  0xF8, 0x00, 0x0F, 0xFF, 0xF0, 0x00, 0x1F, 0xFF, 0xE0, 0x00, 0x3F, 0xFF,
  0xC0, 0x00, 0x7F, 0xFF, 0x80, 0x00, 0xFF, 0xFF, 0x00, 0x01, 0xFF, 0xFE,
  0x00, 0x03, 0xFF, 0xFC, 0x00, 0x07, 0xFF, 0xF8, 0x00, 0x0F, 0xFF, 0xF8,
  0x00, 0x3F, 0xEF, 0xF0, 0x00, 0x7F, 0x9F, 0xE0, 0x00, 0xFF, 0x3F, 0xE0,
  0x03, 0xFE, 0x3F, 0xE0, 0x0F, 0xF8, 0x7F, 0xE0, 0x3F, 0xF0, 0x7F, 0xFF,
  0xFF, 0xC0, 0xFF, 0xFF, 0xFF, 0x80, 0xFF, 0xFF, 0xFE, 0x00, 0xFF, 0xFF,
  0xF8, 0x00, 0xFF, 0xFF, 0xE0, 0x00, 0xFF, 0xFF, 0x80, 0x00, 0x7F, 0xFC,
  0x00, 0x00, 0x03, 0x00, 0x00, 0x00, 0x07, 0xE0, 0x01, 0xFC, 0x00, 0xFF,
  0x80, 0x3F, 0xF0, 0x1F, 0xFE, 0x0F, 0xFF, 0xCF, 0xFF, 0xFF, 0xFF, 0xFF,
  0xFF, 0xFF, 0xFF, 0xFF, 0xFF, 0xFF, 0xFF, 0xFF, 0xEF, 0xFF, 0x01, 0xFE,
  0x00, 0x3F, 0xC0, 0x07, 0xF8, 0x00, 0xFF, 0x00, 0x1F, 0xE0, 0x03, 0xFC,
  0x00, 0x7F, 0x80, 0x0F, 0xF0, 0x01, 0xFE, 0x00, 0x3F, 0xC0, 0x07, 0xF8,
  0x00, 0xFF, 0x00, 0x1F, 0xE0, 0x03, 0xFC, 0x00, 0x7F, 0x80, 0x0F, 0xF0,
  0x01, 0xFE, 0x00, 0x3F, 0xC0, 0x07, 0xF8, 0x00, 0xFF, 0x00, 0x1F, 0xE0,
  0x03, 0xFC, 0x00, 0x7F, 0x80, 0x0F, 0xF0, 0x01, 0xFE, 0x00, 0x3F, 0xC0,
  0x07, 0xF8, 0x00, 0xFF, 0x00, 0x1F, 0xE0, 0x03, 0xFC, 0x00, 0x7F, 0x80,
  0x0F, 0xF0, 0x01, 0xFE, 0x00, 0x3F, 0xC0, 0x07, 0xF8, 0x00, 0xFF, 0x00,
  0x1F, 0xE0, 0x03, 0xFC, 0x00, 0x7F, 0x80, 0x0F, 0xF0, 0x01, 0xFE, 0x00,
  0x3F, 0xC0, 0x07, 0xF8, 0x00, 0xFF, 0x00, 0x1F, 0xE0, 0x03, 0xFC, 0x00,
  0x7F, 0x80, 0x0F, 0xF0, 0x01, 0xFE, 0x00, 0x3F, 0xC0, 0x07, 0xF8, 0x00,
  0xFF, 0x00, 0x00, 0x00, 0x00, 0x00, 0x7F, 0xF8, 0x00, 0x03, 0xFF, 0xFE,
  0x00, 0x1F, 0xFF, 0xFE, 0x00, 0x7F, 0xFF, 0xFE, 0x01, 0xFF, 0xFF, 0xFE,
  0x03, 0xFF, 0xFF, 0xFC, 0x0F, 0xFF, 0xFF, 0xFC, 0x1F, 0xF8, 0x0F, 0xFC,
  0x7F, 0xE0, 0x0F, 0xF8, 0xFF, 0x80, 0x0F, 0xF1, 0xFE, 0x00, 0x1F, 0xE3,
  0xFC, 0x00, 0x3F, 0xEF, 0xF8, 0x00, 0x3F, 0xDF, 0xE0, 0x00, 0x7F, 0xBF,
  0xC0, 0x00, 0xFF, 0x7F, 0x80, 0x01, 0xFE, 0xFF, 0x00, 0x03, 0xFD, 0xFE,
  0x00, 0x07, 0xFB, 0xFC, 0x00, 0x0F, 0xF7, 0xF8, 0x00, 0x1F, 0xE0, 0x00,
  0x00, 0x3F, 0xC0, 0x00, 0x00, 0xFF, 0x80, 0x00, 0x01, 0xFE, 0x00, 0x00,
  0x03, 0xFC, 0x00, 0x00, 0x0F, 0xF8, 0x00, 0x00, 0x1F, 0xE0, 0x00, 0x00,
  0x7F, 0xC0, 0x00, 0x01, 0xFF, 0x00, 0x00, 0x03, 0xFE, 0x00, 0x00, 0x0F,
  0xF8, 0x00, 0x00, 0x1F, 0xF0, 0x00, 0x00, 0x7F, 0xC0, 0x00, 0x01, 0xFF,
  0x00, 0x00, 0x03, 0xFE, 0x00, 0x00, 0x0F, 0xF8, 0x00, 0x00, 0x3F, 0xF0,
  0x00, 0x00, 0x7F, 0xC0, 0x00, 0x01, 0xFF, 0x00, 0x00, 0x07, 0xFE, 0x00,
  0x00, 0x0F, 0xF8, 0x00, 0x00, 0x3F, 0xE0, 0x00, 0x00, 0x7F, 0xC0, 0x00,
  0x01, 0xFF, 0x00, 0x00, 0x07, 0xFC, 0x00, 0x00, 0x0F, 0xF8, 0x00, 0x00,
  0x3F, 0xE0, 0x00, 0x00, 0xFF, 0xC0, 0x00, 0x01, 0xFF, 0x00, 0x00, 0x07,
  0xFC, 0x00, 0x00, 0x1F, 0xF8, 0x00, 0x00, 0x3F, 0xE0, 0x00, 0x00, 0xFF,
  0x80, 0x00, 0x01, 0xFF, 0x00, 0x00, 0x07, 0xFC, 0x00, 0x00, 0x1F, 0xF0,
  0x00, 0x00, 0x3F, 0xE0, 0x00, 0x00, 0xFF, 0x80, 0x00, 0x03, 0xFF, 0xFF,
  0xFF, 0xF7, 0xFF, 0xFF, 0xFF, 0xEF, 0xFF, 0xFF, 0xFF, 0xDF, 0xFF, 0xFF,
  0xFF, 0xBF, 0xFF, 0xFF, 0xFF, 0x7F, 0xFF, 0xFF, 0xFE, 0xFF, 0xFF, 0xFF,
  0xFC, 0x00, 0x01, 0x00, 0x00, 0x00, 0xFF, 0xF8, 0x00, 0x07, 0xFF, 0xFC,
  0x00, 0x3F, 0xFF, 0xFE, 0x00, 0xFF, 0xFF, 0xFE, 0x03, 0xFF, 0xFF, 0xFE,
  0x07, 0xFF, 0xFF, 0xFC, 0x1F, 0xFF, 0xFF, 0xFC, 0x3F, 0xE0, 0x0F, 0xF8,
  0xFF, 0x80, 0x0F, 0xF9, 0xFE, 0x00, 0x0F, 0xF3, 0xFC, 0x00, 0x1F, 0xEF,
  0xF8, 0x00, 0x3F, 0xFF, 0xE0, 0x00, 0x3F, 0xFF, 0xC0, 0x00, 0x7F, 0xFF,
  0x80, 0x00, 0xFF, 0xFF, 0x00, 0x01, 0xFF, 0xFE, 0x00, 0x03, 0xFF, 0xFC,
  0x00, 0x07, 0xF8, 0x00, 0x00, 0x0F, 0xF0, 0x00, 0x00, 0x1F, 0xE0, 0x00,
  0x00, 0x3F, 0xC0, 0x00, 0x00, 0xFF, 0x00, 0x00, 0x01, 0xFE, 0x00, 0x00,
  0x07, 0xFC, 0x00, 0x00, 0x1F, 0xF0, 0x00, 0x00, 0xFF, 0xC0, 0x00, 0x3F,
  0xFF, 0x80, 0x00, 0x7F, 0xFE, 0x00, 0x00, 0xFF, 0xF0, 0x00, 0x01, 0xFF,
  0x80, 0x00, 0x03, 0xFF, 0x80, 0x00, 0x07, 0xFF, 0x80, 0x00, 0x0F, 0xFF,
  0xC0, 0x00, 0x1F, 0xFF, 0x80, 0x00, 0x01, 0xFF, 0x80, 0x00, 0x00, 0xFF,
  0x80, 0x00, 0x00, 0xFF, 0x00, 0x00, 0x01, 0xFF, 0x00, 0x00, 0x01, 0xFE,
  0x00, 0x00, 0x03, 0xFC, 0x00, 0x00, 0x07, 0xFC, 0x00, 0x00, 0x07, 0xF8,
  0x00, 0x00, 0x0F, 0xF0, 0x00, 0x00, 0x1F, 0xE0, 0x00, 0x00, 0x3F, 0xC0,
  0x00, 0x00, 0x7F, 0xFF, 0x80, 0x00, 0xFF, 0xFF, 0x00, 0x01, 0xFF, 0xFE,
  0x00, 0x03, 0xFF, 0xFC, 0x00, 0x07, 0xFF, 0xF8, 0x00, 0x0F, 0xFF, 0xF0,
  0x00, 0x3F, 0xFF, 0xF0, 0x00, 0x7F, 0x9F, 0xE0, 0x00, 0xFF, 0x3F, 0xC0,
  0x03, 0xFE, 0x7F, 0xC0, 0x07, 0xF8, 0x7F, 0xC0, 0x1F, 0xF0, 0xFF, 0xFF,
  0xFF, 0xE0, 0xFF, 0xFF, 0xFF, 0x81, 0xFF, 0xFF, 0xFE, 0x01, 0xFF, 0xFF,
  0xF8, 0x01, 0xFF, 0xFF, 0xE0, 0x00, 0xFF, 0xFF, 0x80, 0x00, 0x7F, 0xFC,
  0x00, 0x00, 0x06, 0x00, 0x00, 0x00, 0x00, 0x7F, 0xE0, 0x00, 0x00, 0x3F,
  0xF8, 0x00, 0x00, 0x0F, 0xFE, 0x00, 0x00, 0x03, 0xFF, 0x80, 0x00, 0x01,
  0xFF, 0xE0, 0x00, 0x00, 0x7F, 0xF8, 0x00, 0x00, 0x3F, 0xFE, 0x00, 0x00,
  0x0F, 0xFF, 0x80, 0x00, 0x07, 0xFF, 0xE0, 0x00, 0x01, 0xFF, 0xF8, 0x00,
  0x00, 0x7F, 0xFE, 0x00, 0x00, 0x3F, 0xFF, 0x80, 0x00, 0x0F, 0xDF, 0xE0,
  0x00, 0x07, 0xF7, 0xF8, 0x00, 0x01, 0xFD, 0xFE, 0x00, 0x00, 0xFE, 0x7F,
  0x80, 0x00, 0x3F, 0x9F, 0xE0, 0x00, 0x0F, 0xE7, 0xF8, 0x00, 0x07, 0xF1,
  0xFE, 0x00, 0x01, 0xFC, 0x7F, 0x80, 0x00, 0xFE, 0x1F, 0xE0, 0x00, 0x3F,
  0x87, 0xF8, 0x00, 0x1F, 0xE1, 0xFE, 0x00, 0x07, 0xF0, 0x7F, 0x80, 0x01,
  0xFC, 0x1F, 0xE0, 0x00, 0xFF, 0x07, 0xF8, 0x00, 0x3F, 0x81, 0xFE, 0x00,
  0x1F, 0xE0, 0x7F, 0x80, 0x07, 0xF8, 0x1F, 0xE0, 0x03, 0xFC, 0x07, 0xF8,
  0x00, 0xFF, 0x01, 0xFE, 0x00, 0x3F, 0xC0, 0x7F, 0x80, 0x1F, 0xE0, 0x1F,
  0xE0, 0x07, 0xF8, 0x07, 0xF8, 0x03, 0xFE, 0x01, 0xFE, 0x00, 0xFF, 0x00,
  0x7F, 0x80, 0x7F, 0xC0, 0x1F, 0xE0, 0x1F, 0xF0, 0x07, 0xF8, 0x07, 0xF8,
  0x01, 0xFE, 0x03, 0xFE, 0x00, 0x7F, 0x80, 0xFF, 0xFF, 0xFF, 0xFF, 0xFF,
  0xFF, 0xFF, 0xFF, 0xFF, 0xFF, 0xFF, 0xFF, 0xFF, 0xFF, 0xFF, 0xFF, 0xFF,
  0xFF, 0xFF, 0xFF, 0xFF, 0xFF, 0xFF, 0xFF, 0xFF, 0xFF, 0xFF, 0xFF, 0xFF,
  0xFC, 0x00, 0x00, 0x7F, 0x80, 0x00, 0x00, 0x1F, 0xE0, 0x00, 0x00, 0x07,
  0xF8, 0x00, 0x00, 0x01, 0xFE, 0x00, 0x00, 0x00, 0x7F, 0x80, 0x00, 0x00,
  0x1F, 0xE0, 0x00, 0x00, 0x07, 0xF8, 0x00, 0x00, 0x01, 0xFE, 0x00, 0x00,
  0x00, 0x7F, 0x80, 0x00, 0x00, 0x1F, 0xE0, 0x00, 0x00, 0x07, 0xF8, 0x00,
  0x00, 0x01, 0xFE, 0x00, 0x00, 0x00, 0x7F, 0x80, 0x00, 0x00, 0x1F, 0xE0,
  0x00, 0x00, 0x07, 0xF8, 0x00, 0x00, 0x01, 0xFE, 0x00, 0x00, 0x00, 0x7F,
  0x80, 0x7F, 0xFF, 0xFF, 0xF8, 0xFF, 0xFF, 0xFF, 0xF1, 0xFF, 0xFF, 0xFF,
  0xE3, 0xFF, 0xFF, 0xFF, 0xC7, 0xFF, 0xFF, 0xFF, 0x8F, 0xFF, 0xFF, 0xFF,
  0x1F, 0xFF, 0xFF, 0xFE, 0x3F, 0xFF, 0xFF, 0xFC, 0x7F, 0x80, 0x00, 0x00,
  0xFF, 0x00, 0x00, 0x01, 0xFE, 0x00, 0x00, 0x03, 0xFC, 0x00, 0x00, 0x07,
  0xF8, 0x00, 0x00, 0x0F, 0xF0, 0x00, 0x00, 0x1F, 0xE0, 0x00, 0x00, 0x3F,
  0xC0, 0x00, 0x00, 0x7F, 0x80, 0x00, 0x00, 0xFF, 0x00, 0x00, 0x01, 0xFE,
  0x00, 0x00, 0x03, 0xFC, 0x00, 0x00, 0x07, 0xF8, 0x00, 0x00, 0x0F, 0xF0,
  0x00, 0x00, 0x1F, 0xE0, 0x00, 0x00, 0x3F, 0xC1, 0xFE, 0x00, 0x7F, 0x9F,
  0xFF, 0x00, 0xFF, 0x7F, 0xFF, 0x81, 0xFF, 0xFF, 0xFF, 0x83, 0xFF, 0xFF,
  0xFF, 0x87, 0xFF, 0xFF, 0xFF, 0x0F, 0xFF, 0x03, 0xFF, 0x1F, 0xF8, 0x03,
  0xFE, 0x3F, 0xE0, 0x03, 0xFE, 0x7F, 0xC0, 0x03, 0xFC, 0xFF, 0x00, 0x07,
  0xF8, 0x00, 0x00, 0x0F, 0xF0, 0x00, 0x00, 0x0F, 0xF0, 0x00, 0x00, 0x1F,
  0xE0, 0x00, 0x00, 0x3F, 0xC0, 0x00, 0x00, 0x7F, 0x80, 0x00, 0x00, 0xFF,
  0x00, 0x00, 0x01, 0xFE, 0x00, 0x00, 0x03, 0xFC, 0x00, 0x00, 0x07, 0xF8,
  0x00, 0x00, 0x0F, 0xF0, 0x00, 0x00, 0x1F, 0xE0, 0x00, 0x00, 0x3F, 0xFF,
  0xC0, 0x00, 0x7F, 0xFF, 0x80, 0x00, 0xFF, 0xFF, 0x00, 0x01, 0xFF, 0xFE,
  0x00, 0x03, 0xFB, 0xFC, 0x00, 0x07, 0xF7, 0xF8, 0x00, 0x0F, 0xEF, 0xF8,
  0x00, 0x3F, 0xCF, 0xF0, 0x00, 0x7F, 0x9F, 0xE0, 0x00, 0xFE, 0x3F, 0xE0,
  0x03, 0xFC, 0x3F, 0xC0, 0x07, 0xF8, 0x7F, 0xE0, 0x3F, 0xE0, 0xFF, 0xFF,
  0xFF, 0x80, 0xFF, 0xFF, 0xFF, 0x00, 0xFF, 0xFF, 0xFC, 0x00, 0xFF, 0xFF,
  0xF0, 0x00, 0xFF, 0xFF, 0x80, 0x00, 0x3F, 0xFC, 0x00, 0x00, 0x01, 0x00,
  0x00, 0x00, 0x01, 0x00, 0x00, 0x00, 0x7F, 0xF8, 0x00, 0x03, 0xFF, 0xFC,
  0x00, 0x1F, 0xFF, 0xFE, 0x00, 0x7F, 0xFF, 0xFE, 0x01, 0xFF, 0xFF, 0xFE,
  0x03, 0xFF, 0xFF, 0xFC, 0x0F, 0xFF, 0xFF, 0xFC, 0x1F, 0xF0, 0x0F, 0xFC,
  0x7F, 0xC0, 0x0F, 0xF8, 0xFF, 0x00, 0x0F, 0xF3, 0xFE, 0x00, 0x1F, 0xF7,
  0xF8, 0x00, 0x3F, 0xEF, 0xF0, 0x00, 0x3F, 0xDF, 0xE0, 0x00, 0x7F, 0xBF,
  0x80, 0x00, 0xFF, 0xFF, 0x00, 0x01, 0xFF, 0xFE, 0x00, 0x00, 0x03, 0xFC,
  0x00, 0x00, 0x07, 0xF8, 0x00, 0x00, 0x0F, 0xF0, 0x00, 0x00, 0x1F, 0xE0,
  0x00, 0x00, 0x3F, 0xC0, 0x00, 0x00, 0x7F, 0x80, 0x00, 0x00, 0xFF, 0x00,
  0x00, 0x01, 0xFE, 0x00, 0x00, 0x03, 0xFC, 0x00, 0x00, 0x07, 0xF8, 0x3F,
  0xE0, 0x0F, 0xF1, 0xFF, 0xF0, 0x1F, 0xEF, 0xFF, 0xF8, 0x3F, 0xFF, 0xFF,
  0xF8, 0x7F, 0xFF, 0xFF, 0xF8, 0xFF, 0xFF, 0xFF, 0xF1, 0xFF, 0xF0, 0x3F,
  0xF3, 0xFF, 0x80, 0x3F, 0xE7, 0xFC, 0x00, 0x3F, 0xEF, 0xF0, 0x00, 0x3F,
  0xDF, 0xE0, 0x00, 0x7F, 0xBF, 0xC0, 0x00, 0xFF, 0x7F, 0x80, 0x00, 0xFF,
  0xFF, 0x00, 0x01, 0xFF, 0xFE, 0x00, 0x03, 0xFF, 0xFC, 0x00, 0x07, 0xFF,
  0xF8, 0x00, 0x0F, 0xFF, 0xF0, 0x00, 0x1F, 0xFF, 0xE0, 0x00, 0x3F, 0xFF,
  0xC0, 0x00, 0x7F, 0xFF, 0x80, 0x00, 0xFF, 0xFF, 0x00, 0x01, 0xFF, 0xFE,
  0x00, 0x03, 0xFF, 0xFC, 0x00, 0x07, 0xFB, 0xF8, 0x00, 0x0F, 0xE7, 0xF8,
  0x00, 0x3F, 0xCF, 0xF0, 0x00, 0x7F, 0x9F, 0xE0, 0x00, 0xFF, 0x1F, 0xE0,
  0x03, 0xFC, 0x3F, 0xE0, 0x0F, 0xF8, 0x3F, 0xE0, 0x3F, 0xF0, 0x7F, 0xFF,
  0xFF, 0xC0, 0x7F, 0xFF, 0xFF, 0x00, 0xFF, 0xFF, 0xFE, 0x00, 0xFF, 0xFF,
  0xF8, 0x00, 0xFF, 0xFF, 0xE0, 0x00, 0x7F, 0xFF, 0x80, 0x00, 0x3F, 0xF8,
  0x00, 0x00, 0x02, 0x00, 0x00, 0xFF, 0xFF, 0xFF, 0xFF, 0xFF, 0xFF, 0xFF,
  0xFF, 0xFF, 0xFF, 0xFF, 0xFF, 0xFF, 0xFF, 0xFF, 0xFF, 0xFF, 0xFF, 0xFC,
  0x00, 0x01, 0xFC, 0x00, 0x01, 0xFE, 0x00, 0x00, 0xFF, 0x00, 0x00, 0x7F,
  0x80, 0x00, 0x3F, 0xC0, 0x00, 0x1F, 0xE0, 0x00, 0x1F, 0xE0, 0x00, 0x0F,
  0xF0, 0x00, 0x07, 0xF8, 0x00, 0x03, 0xFC, 0x00, 0x01, 0xFE, 0x00, 0x00,
  0xFE, 0x00, 0x00, 0xFF, 0x00, 0x00, 0x7F, 0x80, 0x00, 0x3F, 0xC0, 0x00,
  0x1F, 0xE0, 0x00, 0x0F, 0xE0, 0x00, 0x0F, 0xF0, 0x00, 0x07, 0xF8, 0x00,
  0x03, 0xFC, 0x00, 0x01, 0xFE, 0x00, 0x00, 0xFE, 0x00, 0x00, 0xFF, 0x00,
  0x00, 0x7F, 0x80, 0x00, 0x3F, 0xC0, 0x00, 0x1F, 0xE0, 0x00, 0x0F, 0xE0,
  0x00, 0x0F, 0xF0, 0x00, 0x07, 0xF8, 0x00, 0x03, 0xFC, 0x00, 0x01, 0xFE,
  0x00, 0x00, 0xFF, 0x00, 0x00, 0xFF, 0x00, 0x00, 0x7F, 0x80, 0x00, 0x3F,
  0xC0, 0x00, 0x1F, 0xE0, 0x00, 0x0F, 0xF0, 0x00, 0x0F, 0xF0, 0x00, 0x07,
  0xF8, 0x00, 0x03, 0xFC, 0x00, 0x01, 0xFE, 0x00, 0x00, 0xFF, 0x00, 0x00,
  0xFF, 0x00, 0x00, 0x7F, 0x80, 0x00, 0x3F, 0xC0, 0x00, 0x1F, 0xE0, 0x00,
  0x0F, 0xF0, 0x00, 0x07, 0xF0, 0x00, 0x07, 0xF8, 0x00, 0x03, 0xFC, 0x00,
  0x01, 0xFE, 0x00, 0x00, 0xFF, 0x00, 0x00, 0x7F, 0x00, 0x00, 0x7F, 0x80,
  0x00, 0x3F, 0xC0, 0x00, 0x1F, 0xE0, 0x00, 0x0F, 0xF0, 0x00, 0x07, 0xF8,
  0x00, 0x00, 0x01, 0x00, 0x00, 0x00, 0xFF, 0xF8, 0x00, 0x07, 0xFF, 0xFC,
  0x00, 0x1F, 0xFF, 0xFC, 0x00, 0x7F, 0xFF, 0xFC, 0x01, 0xFF, 0xFF, 0xFC,
  0x07, 0xFF, 0xFF, 0xFC, 0x0F, 0xF8, 0x0F, 0xF8, 0x3F, 0xE0, 0x0F, 0xF8,
  0x7F, 0x80, 0x0F, 0xF0, 0xFF, 0x00, 0x1F, 0xE3, 0xFE, 0x00, 0x3F, 0xC7,
  0xF8, 0x00, 0x3F, 0xCF, 0xF0, 0x00, 0x7F, 0x9F, 0xE0, 0x00, 0xFF, 0x3F,
  0xC0, 0x01, 0xFE, 0x7F, 0x80, 0x03, 0xFC, 0xFF, 0x00, 0x07, 0xF9, 0xFE,
  0x00, 0x0F, 0xF3, 0xFC, 0x00, 0x1F, 0xE7, 0xF8, 0x00, 0x3F, 0xCF, 0xF8,
  0x00, 0xFF, 0x8F, 0xF0, 0x01, 0xFE, 0x1F, 0xE0, 0x03, 0xFC, 0x3F, 0xE0,
  0x0F, 0xF8, 0x3F, 0xE0, 0x3F, 0xE0, 0x3F, 0xE0, 0xFF, 0x80, 0x7F, 0xFF,
  0xFF, 0x00, 0x7F, 0xFF, 0xFC, 0x00, 0x7F, 0xFF, 0xF0, 0x00, 0x7F, 0xFF,
  0xC0, 0x00, 0xFF, 0xFF, 0x80, 0x03, 0xFF, 0xFF, 0x80, 0x1F, 0xFF, 0xFF,
  0x80, 0x3F, 0xFF, 0xFF, 0x80, 0xFF, 0xC1, 0xFF, 0x83, 0xFE, 0x00, 0xFF,
  0x87, 0xF8, 0x00, 0xFF, 0x1F, 0xF0, 0x01, 0xFF, 0x3F, 0xC0, 0x01, 0xFE,
  0x7F, 0x80, 0x03, 0xFD, 0xFF, 0x00, 0x07, 0xFF, 0xFC, 0x00, 0x07, 0xFF,
  0xF8, 0x00, 0x0F, 0xFF, 0xF0, 0x00, 0x1F, 0xFF, 0xE0, 0x00, 0x3F, 0xFF,
  0xC0, 0x00, 0x7F, 0xFF, 0x80, 0x00, 0xFF, 0xFF, 0x00, 0x01, 0xFF, 0xFE,
  0x00, 0x03, 0xFF, 0xFC, 0x00, 0x07, 0xFF, 0xF8, 0x00, 0x0F, 0xFF, 0xF0,
  0x00, 0x1F, 0xEF, 0xF0, 0x00, 0x7F, 0x9F, 0xE0, 0x00, 0xFF, 0x3F, 0xC0,
  0x01, 0xFE, 0x7F, 0xC0, 0x07, 0xFC, 0x7F, 0xC0, 0x0F, 0xF0, 0xFF, 0xC0,
  0x7F, 0xE0, 0xFF, 0xFF, 0xFF, 0x80, 0xFF, 0xFF, 0xFE, 0x01, 0xFF, 0xFF,
  0xFC, 0x01, 0xFF, 0xFF, 0xE0, 0x00, 0xFF, 0xFF, 0x80, 0x00, 0x7F, 0xFC,
  0x00, 0x00, 0x03, 0x00, 0x00, 0x00, 0x01, 0x00, 0x00, 0x00, 0x7F, 0xF0,
  0x00, 0x03, 0xFF, 0xF8, 0x00, 0x1F, 0xFF, 0xFC, 0x00, 0x7F, 0xFF, 0xFC,
  0x01, 0xFF, 0xFF, 0xFC, 0x03, 0xFF, 0xFF, 0xF8, 0x0F, 0xFF, 0xFF, 0xF8,
  0x3F, 0xF0, 0x1F, 0xF0, 0x7F, 0xC0, 0x1F, 0xF0, 0xFF, 0x00, 0x1F, 0xE3,
  0xFC, 0x00, 0x1F, 0xE7, 0xF8, 0x00, 0x3F, 0xCF, 0xF0, 0x00, 0x7F, 0x9F,
  0xC0, 0x00, 0xFF, 0x7F, 0x80, 0x00, 0xFF, 0xFF, 0x00, 0x01, 0xFF, 0xFE,
  0x00, 0x03, 0xFF, 0xFC, 0x00, 0x07, 0xFF, 0xF8, 0x00, 0x0F, 0xFF, 0xF0,
  0x00, 0x1F, 0xFF, 0xE0, 0x00, 0x3F, 0xFF, 0xC0, 0x00, 0x7F, 0xFF, 0x80,
  0x00, 0xFF, 0xFF, 0x00, 0x01, 0xFF, 0xFE, 0x00, 0x03, 0xFF, 0xFC, 0x00,
  0x07, 0xFF, 0xF8, 0x00, 0x0F, 0xF7, 0xF8, 0x00, 0x1F, 0xEF, 0xF0, 0x00,
  0x3F, 0xDF, 0xE0, 0x00, 0xFF, 0xBF, 0xE0, 0x03, 0xFF, 0x3F, 0xE0, 0x0F,
  0xFE, 0x7F, 0xE0, 0x3F, 0xFC, 0x7F, 0xFF, 0xFF, 0xF8, 0xFF, 0xFF, 0xFF,
  0xF0, 0xFF, 0xFF, 0xFF, 0xE0, 0xFF, 0xFF, 0xBF, 0xC0, 0x7F, 0xFC, 0x7F,
  0x80, 0x3F, 0xE0, 0xFF, 0x00, 0x00, 0x01, 0xFE, 0x00, 0x00, 0x03, 0xFC,
  0x00, 0x00, 0x07, 0xF8, 0x00, 0x00, 0x0F, 0xF0, 0x00, 0x00, 0x1F, 0xE0,
  0x00, 0x00, 0x3F, 0xC0, 0x00, 0x00, 0x7F, 0x80, 0x00, 0x00, 0xFF, 0x00,
  0x00, 0x01, 0xFF, 0xFE, 0x00, 0x03, 0xFF, 0xFC, 0x00, 0x07, 0xF7, 0xF8,
  0x00, 0x1F, 0xEF, 0xF0, 0x00, 0x3F, 0xDF, 0xE0, 0x00, 0x7F, 0xBF, 0xE0,
  0x00, 0xFE, 0x3F, 0xC0, 0x03, 0xFC, 0x7F, 0xC0, 0x0F, 0xF8, 0xFF, 0xC0,
  0x3F, 0xE0, 0xFF, 0xFF, 0xFF, 0xC1, 0xFF, 0xFF, 0xFF, 0x01, 0xFF, 0xFF,
  0xFE, 0x01, 0xFF, 0xFF, 0xF8, 0x01, 0xFF, 0xFF, 0xE0, 0x00, 0xFF, 0xFF,
  0x00, 0x00, 0x7F, 0xFC, 0x00, 0x00, 0x03, 0x00, 0x00, 0xFF, 0xFF, 0xFF,
  0xFF, 0xFF, 0xFF, 0xFF, 0xFF, 0xFF, 0x00, 0x00, 0x00, 0x00, 0x00, 0x00,
  0x00, 0x00, 0x00, 0x00, 0x00, 0x00, 0x00, 0x00, 0x00, 0x00, 0xFF, 0xFF,
  0xFF, 0xFF, 0xFF, 0xFF, 0xFF, 0xFF, 0xFF, 0xFF, 0xFF, 0xFF, 0xFF, 0xFF,
  0xFF, 0xFF, 0xFF, 0xFF, 0x00, 0x00, 0x00, 0x00, 0x00, 0x00, 0x00, 0x00,
  0x00, 0x00, 0x00, 0x00, 0x00, 0x00, 0x00, 0x00, 0x00, 0x00, 0x00, 0x00,
  0x00, 0xFF, 0xFF, 0xFF, 0xFF, 0xFF, 0xFF, 0xFF, 0xFF, 0xFF, 0x0F, 0x0F,
  0x0F, 0x0F, 0x1E, 0x3E, 0xFE, 0x7C, 0x70, 0x00, 0x00, 0x02, 0x00, 0x00,
  0x1C, 0x00, 0x00, 0xF8, 0x00, 0x07, 0xF0, 0x00, 0x3F, 0xE0, 0x01, 0xFF,
  0xC0, 0x07, 0xFF, 0x80, 0x3F, 0xFF, 0x01, 0xFF, 0xFE, 0x0F, 0xFF, 0xF0,
  0x7F, 0xFF, 0x03, 0xFF, 0xF8, 0x0F, 0xFF, 0xC0, 0x1F, 0xFE, 0x00, 0x3F,
  0xF0, 0x00, 0x7F, 0x80, 0x00, 0xFE, 0x00, 0x01, 0xFF, 0x00, 0x03, 0xFF,
  0x80, 0x07, 0xFF, 0xC0, 0x0F, 0xFF, 0xE0, 0x07, 0xFF, 0xF0, 0x03, 0xFF,
  0xF8, 0x01, 0xFF, 0xFC, 0x01, 0xFF, 0xFE, 0x00, 0xFF, 0xFC, 0x00, 0x7F,
  0xF8, 0x00, 0x3F, 0xF0, 0x00, 0x1F, 0xE0, 0x00, 0x0F, 0xC0, 0x00, 0x07,
  0x80, 0x00, 0x03, 0x00, 0x00, 0x02, 0xFF, 0xFF, 0xFF, 0xFF, 0xFF, 0xFF,
  0xFF, 0xFF, 0xFF, 0xFF, 0xFF, 0xFF, 0xFF, 0xFF, 0xFF, 0xFF, 0xFF, 0xFF,
  0x00, 0x00, 0x00, 0x00, 0x00, 0x00, 0x00, 0x00, 0x00, 0x00, 0x00, 0x00,
  0x00, 0x00, 0x00, 0x00, 0x00, 0x00, 0x00, 0x00, 0x00, 0x00, 0x00, 0x00,
  0xFF, 0xFF, 0xFF, 0xFF, 0xFF, 0xFF, 0xFF, 0xFF, 0xFF, 0xFF, 0xFF, 0xFF,
  0xFF, 0xFF, 0xFF, 0xFF, 0xFF, 0xFF, 0x80, 0x00, 0x01, 0xC0, 0x00, 0x03,
  0xE0, 0x00, 0x07, 0xE0, 0x00, 0x0F, 0xF0, 0x00, 0x1F, 0xF8, 0x00, 0x3F,
  0xFC, 0x00, 0x7F, 0xFE, 0x00, 0xFF, 0xFF, 0x00, 0x7F, 0xFF, 0x80, 0x3F,
  0xFF, 0xC0, 0x1F, 0xFF, 0xC0, 0x0F, 0xFF, 0xE0, 0x07, 0xFF, 0xC0, 0x03,
  0xFF, 0x80, 0x00, 0xFF, 0x00, 0x00, 0xFE, 0x00, 0x07, 0xFC, 0x00, 0x3F,
  0xF8, 0x03, 0xFF, 0xF0, 0x1F, 0xFF, 0xE0, 0xFF, 0xFF, 0x07, 0xFF, 0xF8,
  0x3F, 0xFF, 0xC0, 0xFF, 0xFE, 0x01, 0xFF, 0xF0, 0x03, 0xFF, 0x80, 0x07,
  0xFC, 0x00, 0x0F, 0xF0, 0x00, 0x1F, 0x80, 0x00, 0x3C, 0x00, 0x00, 0x60,
  0x00, 0x00, 0x00, 0x00, 0x00, 0x00, 0x00, 0x00, 0x00, 0x00, 0xFF, 0xF8,
  0x00, 0x07, 0xFF, 0xFC, 0x00, 0x3F, 0xFF, 0xFC, 0x00, 0xFF, 0xFF, 0xFE,
  0x03, 0xFF, 0xFF, 0xFC, 0x0F, 0xFF, 0xFF, 0xFC, 0x1F, 0xFF, 0xFF, 0xFC,
  0x7F, 0xE0, 0x1F, 0xF8, 0xFF, 0x80, 0x0F, 0xF9, 0xFE, 0x00, 0x1F, 0xF7,
  0xF8, 0x00, 0x1F, 0xEF, 0xF0, 0x00, 0x3F, 0xFF, 0xE0, 0x00, 0x3F, 0xFF,
  0xC0, 0x00, 0x7F, 0xFF, 0x80, 0x00, 0xFF, 0xFF, 0x00, 0x01, 0xFF, 0xFE,
  0x00, 0x03, 0xFF, 0xF8, 0x00, 0x07, 0xFA, 0x00, 0x00, 0x0F, 0xF0, 0x00,
  0x00, 0x1F, 0xE0, 0x00, 0x00, 0x7F, 0xC0, 0x00, 0x00, 0xFF, 0x00, 0x00,
  0x01, 0xFE, 0x00, 0x00, 0x07, 0xFC, 0x00, 0x00, 0x0F, 0xF0, 0x00, 0x00,
  0x3F, 0xE0, 0x00, 0x00, 0xFF, 0x80, 0x00, 0x01, 0xFF, 0x00, 0x00, 0x07,
  0xFC, 0x00, 0x00, 0x1F, 0xF8, 0x00, 0x00, 0x7F, 0xE0, 0x00, 0x01, 0xFF,
  0x80, 0x00, 0x03, 0xFF, 0x00, 0x00, 0x0F, 0xFC, 0x00, 0x00, 0x7F, 0xF0,
  0x00, 0x01, 0xFF, 0xC0, 0x00, 0x07, 0xFF, 0x00, 0x00, 0x1F, 0xFC, 0x00,
  0x00, 0x7F, 0xE0, 0x00, 0x00, 0xFF, 0x80, 0x00, 0x01, 0xFE, 0x00, 0x00,
  0x03, 0xFC, 0x00, 0x00, 0x07, 0xF8, 0x00, 0x00, 0x0F, 0xF0, 0x00, 0x00,
  0x1F, 0xE0, 0x00, 0x00, 0x3F, 0xC0, 0x00, 0x00, 0x7F, 0x80, 0x00, 0x00,
  0xFF, 0x00, 0x00, 0x01, 0xFE, 0x00, 0x00, 0x00, 0x00, 0x00, 0x00, 0x00,
  0x00, 0x00, 0x00, 0x00, 0x00, 0x00, 0x00, 0x00, 0x00, 0x00, 0x00, 0x00,
  0x00, 0x00, 0x00, 0x00, 0x00, 0x00, 0x00, 0x00, 0x00, 0x00, 0x01, 0xFE,
  0x00, 0x00, 0x03, 0xFC, 0x00, 0x00, 0x07, 0xF8, 0x00, 0x00, 0x0F, 0xF0,
  0x00, 0x00, 0x1F, 0xE0, 0x00, 0x00, 0x3F, 0xC0, 0x00, 0x00, 0x7F, 0x80,
  0x00, 0x00, 0xFF, 0x00, 0x00, 0x00, 0x00, 0x00, 0x07, 0xFF, 0xC0, 0x00,
  0x00, 0x00, 0x00, 0x01, 0xFF, 0xFF, 0xF0, 0x00, 0x00, 0x00, 0x00, 0x1F,
  0xFF, 0xFF, 0xFC, 0x00, 0x00, 0x00, 0x00, 0xFF, 0xFF, 0xFF, 0xFE, 0x00,
  0x00, 0x00, 0x07, 0xFF, 0xFF, 0xFF, 0xFE, 0x00, 0x00, 0x00, 0x3F, 0xFF,
  0xFF, 0xFF, 0xFF, 0x00, 0x00, 0x00, 0xFF, 0xFF, 0x00, 0x1F, 0xFF, 0x00,
  0x00, 0x03, 0xFF, 0xE0, 0x00, 0x07, 0xFF, 0x00, 0x00, 0x1F, 0xFF, 0x00,
  0x00, 0x03, 0xFF, 0x00, 0x00, 0x7F, 0xF8, 0x00, 0x00, 0x01, 0xFF, 0x00,
  0x00, 0xFF, 0xC0, 0x00, 0x00, 0x01, 0xFE, 0x00, 0x03, 0xFF, 0x00, 0x00,
  0x00, 0x01, 0xFE, 0x00, 0x0F, 0xFC, 0x00, 0x00, 0x00, 0x01, 0xFE, 0x00,
  0x3F, 0xF0, 0x00, 0x00, 0x00, 0x01, 0xFC, 0x00, 0xFF, 0xC0, 0x00, 0x00,
  0x00, 0x01, 0xFC, 0x01, 0xFF, 0x00, 0x00, 0x00, 0x00, 0x03, 0xF8, 0x07,
  0xFE, 0x00, 0x00, 0xFC, 0x00, 0x03, 0xF8, 0x0F, 0xF8, 0x00, 0x0F, 0xFE,
  0xFE, 0x07, 0xF0, 0x3F, 0xE0, 0x00, 0x3F, 0xFF, 0xF8, 0x07, 0xE0, 0x7F,
  0xC0, 0x01, 0xFF, 0xFF, 0xF0, 0x0F, 0xE1, 0xFF, 0x00, 0x07, 0xFF, 0xFF,
  0xE0, 0x1F, 0xC3, 0xFE, 0x00, 0x1F, 0xFF, 0xFF, 0xC0, 0x1F, 0x87, 0xF8,
  0x00, 0x7F, 0xF0, 0x7F, 0x80, 0x3F, 0x1F, 0xF0, 0x00, 0xFF, 0x80, 0xFF,
  0x00, 0x7E, 0x3F, 0xC0, 0x03, 0xFE, 0x01, 0xFE, 0x00, 0xFE, 0x7F, 0x80,
  0x0F, 0xF8, 0x03, 0xF8, 0x00, 0xFC, 0xFF, 0x00, 0x1F, 0xE0, 0x07, 0xF0,
  0x01, 0xFB, 0xFE, 0x00, 0x7F, 0xC0, 0x1F, 0xE0, 0x03, 0xF7, 0xF8, 0x00,
  0xFF, 0x00, 0x3F, 0xC0, 0x07, 0xEF, 0xF0, 0x03, 0xFE, 0x00, 0x7F, 0x80,
  0x0F, 0xDF, 0xE0, 0x07, 0xF8, 0x00, 0xFF, 0x00, 0x1F, 0xBF, 0xC0, 0x0F,
  0xF0, 0x01, 0xFC, 0x00, 0x3F, 0xFF, 0x80, 0x3F, 0xC0, 0x03, 0xF8, 0x00,
  0x7F, 0xFE, 0x00, 0x7F, 0x80, 0x0F, 0xF0, 0x00, 0xFF, 0xFC, 0x00, 0xFF,
  0x00, 0x1F, 0xE0, 0x01, 0xFF, 0xF8, 0x01, 0xFE, 0x00, 0x3F, 0xC0, 0x03,
  0xFF, 0xF0, 0x07, 0xF8, 0x00, 0x7F, 0x80, 0x07, 0xDF, 0xE0, 0x0F, 0xF0,
  0x00, 0xFE, 0x00, 0x1F, 0xBF, 0xC0, 0x1F, 0xE0, 0x01, 0xFC, 0x00, 0x3F,
  0x7F, 0x80, 0x3F, 0xC0, 0x03, 0xF8, 0x00, 0x7E, 0xFF, 0x00, 0x7F, 0x80,
  0x0F, 0xF0, 0x00, 0xF9, 0xFE, 0x00, 0xFF, 0x00, 0x1F, 0xE0, 0x03, 0xF3,
  0xFC, 0x01, 0xFE, 0x00, 0x3F, 0xC0, 0x07, 0xE7, 0xF8, 0x03, 0xFC, 0x00,
  0x7F, 0x00, 0x1F, 0x8F, 0xF0, 0x07, 0xF8, 0x01, 0xFE, 0x00, 0x3F, 0x1F,
  0xE0, 0x0F, 0xF8, 0x03, 0xFC, 0x00, 0xFC, 0x3F, 0xC0, 0x0F, 0xF0, 0x0F,
  0xF8, 0x01, 0xF0, 0x7F, 0xC0, 0x1F, 0xF0, 0x3F, 0xF0, 0x07, 0xE0, 0x7F,
  0x80, 0x3F, 0xF0, 0xFF, 0xE0, 0x1F, 0x80, 0xFF, 0x00, 0x3F, 0xFF, 0xFF,
  0xC0, 0x7E, 0x01, 0xFE, 0x00, 0x3F, 0xFF, 0xBF, 0xC3, 0xF8, 0x03, 0xFE,
  0x00, 0x7F, 0xFF, 0x3F, 0xFF, 0xE0, 0x07, 0xFC, 0x00, 0x7F, 0xFC, 0x7F,
  0xFF, 0x80, 0x07, 0xF8, 0x00, 0x3F, 0xF0, 0x3F, 0xFC, 0x00, 0x0F, 0xF8,
  0x00, 0x1F, 0x80, 0x1F, 0xC0, 0x00, 0x0F, 0xF0, 0x00, 0x00, 0x00, 0x00,
  0x00, 0x00, 0x1F, 0xF0, 0x00, 0x00, 0x00, 0x00, 0x00, 0x00, 0x3F, 0xE0,
  0x00, 0x00, 0x00, 0x00, 0x00, 0x00, 0x3F, 0xE0, 0x00, 0x00, 0x00, 0x00,
  0x00, 0x00, 0x3F, 0xE0, 0x00, 0x00, 0x00, 0x00, 0x00, 0x00, 0x7F, 0xE0,
  0x00, 0x00, 0x00, 0x00, 0x00, 0x00, 0x7F, 0xE0, 0x00, 0x00, 0x00, 0x00,
  0x00, 0x00, 0x7F, 0xE0, 0x00, 0x00, 0x00, 0x00, 0x00, 0x00, 0x7F, 0xF0,
  0x00, 0x00, 0x00, 0x00, 0x00, 0x00, 0x7F, 0xF8, 0x00, 0x00, 0x00, 0x00,
  0x00, 0x00, 0x7F, 0xFC, 0x00, 0x00, 0x0C, 0x00, 0x00, 0x00, 0x7F, 0xFF,
  0x80, 0x03, 0xFC, 0x00, 0x00, 0x00, 0x7F, 0xFF, 0xFF, 0xFF, 0xF8, 0x00,
  0x00, 0x00, 0x3F, 0xFF, 0xFF, 0xFF, 0xF0, 0x00, 0x00, 0x00, 0x1F, 0xFF,
  0xFF, 0xFF, 0xF0, 0x00, 0x00, 0x00, 0x0F, 0xFF, 0xFF, 0xFF, 0xE0, 0x00,
  0x00, 0x00, 0x03, 0xFF, 0xFF, 0xFC, 0x00, 0x00, 0x00, 0x00, 0x00, 0x7F,
  0xFF, 0x00, 0x00, 0x00, 0x00, 0x03, 0xFE, 0x00, 0x00, 0x00, 0x3F, 0xE0,
  0x00, 0x00, 0x07, 0xFE, 0x00, 0x00, 0x00, 0x7F, 0xE0, 0x00, 0x00, 0x07,
  0xFE, 0x00, 0x00, 0x00, 0x7F, 0xF0, 0x00, 0x00, 0x07, 0xFF, 0x00, 0x00,
  0x00, 0xFF, 0xF0, 0x00, 0x00, 0x0F, 0xFF, 0x00, 0x00, 0x00, 0xFF, 0xF8,
  0x00, 0x00, 0x0F, 0xFF, 0x80, 0x00, 0x00, 0xFF, 0xF8, 0x00, 0x00, 0x1F,
  0xFF, 0x80, 0x00, 0x01, 0xFF, 0xF8, 0x00, 0x00, 0x1F, 0xDF, 0xC0, 0x00,
  0x01, 0xFD, 0xFC, 0x00, 0x00, 0x3F, 0xDF, 0xC0, 0x00, 0x03, 0xF9, 0xFC,
  0x00, 0x00, 0x3F, 0x9F, 0xC0, 0x00, 0x03, 0xF9, 0xFE, 0x00, 0x00, 0x3F,
  0x8F, 0xE0, 0x00, 0x07, 0xF8, 0xFE, 0x00, 0x00, 0x7F, 0x8F, 0xE0, 0x00,
  0x07, 0xF0, 0xFE, 0x00, 0x00, 0x7F, 0x0F, 0xF0, 0x00, 0x07, 0xF0, 0x7F,
  0x00, 0x00, 0xFF, 0x07, 0xF0, 0x00, 0x0F, 0xF0, 0x7F, 0x00, 0x00, 0xFE,
  0x07, 0xF8, 0x00, 0x0F, 0xE0, 0x7F, 0x80, 0x00, 0xFE, 0x07, 0xF8, 0x00,
  0x1F, 0xE0, 0x3F, 0x80, 0x01, 0xFE, 0x03, 0xF8, 0x00, 0x1F, 0xE0, 0x3F,
  0xC0, 0x01, 0xFC, 0x03, 0xFC, 0x00, 0x3F, 0xC0, 0x3F, 0xC0, 0x03, 0xFC,
  0x01, 0xFC, 0x00, 0x3F, 0xC0, 0x1F, 0xC0, 0x03, 0xFC, 0x01, 0xFE, 0x00,
  0x3F, 0x80, 0x1F, 0xE0, 0x07, 0xF8, 0x01, 0xFE, 0x00, 0x7F, 0x80, 0x1F,
  0xE0, 0x07, 0xFF, 0xFF, 0xFE, 0x00, 0x7F, 0xFF, 0xFF, 0xF0, 0x07, 0xFF,
  0xFF, 0xFF, 0x00, 0xFF, 0xFF, 0xFF, 0xF0, 0x0F, 0xFF, 0xFF, 0xFF, 0x00,
  0xFF, 0xFF, 0xFF, 0xF8, 0x0F, 0xF0, 0x00, 0x7F, 0x80, 0xFF, 0x00, 0x07,
  0xF8, 0x1F, 0xE0, 0x00, 0x7F, 0x81, 0xFE, 0x00, 0x07, 0xF8, 0x1F, 0xE0,
  0x00, 0x3F, 0xC1, 0xFE, 0x00, 0x03, 0xFC, 0x3F, 0xE0, 0x00, 0x3F, 0xC3,
  0xFC, 0x00, 0x03, 0xFC, 0x3F, 0xC0, 0x00, 0x3F, 0xC3, 0xFC, 0x00, 0x03,
  0xFE, 0x3F, 0xC0, 0x00, 0x1F, 0xE7, 0xFC, 0x00, 0x01, 0xFE, 0x7F, 0x80,
  0x00, 0x1F, 0xE7, 0xF8, 0x00, 0x01, 0xFF, 0x7F, 0x80, 0x00, 0x1F, 0xF7,
  0xF8, 0x00, 0x00, 0xFF, 0xFF, 0xFF, 0xF8, 0x00, 0x7F, 0xFF, 0xFF, 0x80,
  0x3F, 0xFF, 0xFF, 0xF0, 0x1F, 0xFF, 0xFF, 0xFC, 0x0F, 0xFF, 0xFF, 0xFF,
  0x07, 0xFF, 0xFF, 0xFF, 0xC3, 0xFE, 0x00, 0xFF, 0xF1, 0xFF, 0x00, 0x0F,
  0xF8, 0xFF, 0x80, 0x03, 0xFE, 0x7F, 0xC0, 0x00, 0xFF, 0x3F, 0xE0, 0x00,
  0x7F, 0x9F, 0xF0, 0x00, 0x1F, 0xEF, 0xF8, 0x00, 0x0F, 0xF7, 0xFC, 0x00,
  0x07, 0xFB, 0xFE, 0x00, 0x03, 0xFD, 0xFF, 0x00, 0x01, 0xFE, 0xFF, 0x80,
  0x00, 0xFF, 0x7F, 0xC0, 0x00, 0x7F, 0xBF, 0xE0, 0x00, 0x3F, 0xDF, 0xF0,
  0x00, 0x1F, 0xEF, 0xF8, 0x00, 0x0F, 0xF7, 0xFC, 0x00, 0x0F, 0xF3, 0xFE,
  0x00, 0x07, 0xF9, 0xFF, 0x00, 0x03, 0xFC, 0xFF, 0x80, 0x03, 0xFC, 0x7F,
  0xC0, 0x03, 0xFE, 0x3F, 0xE0, 0x07, 0xFE, 0x1F, 0xFF, 0xFF, 0xFE, 0x0F,
  0xFF, 0xFF, 0xFE, 0x07, 0xFF, 0xFF, 0xF8, 0x03, 0xFF, 0xFF, 0xFE, 0x01,
  0xFF, 0xFF, 0xFF, 0xC0, 0xFF, 0xFF, 0xFF, 0xF0, 0x7F, 0xFF, 0xFF, 0xFC,
  0x3F, 0xE0, 0x0F, 0xFF, 0x1F, 0xF0, 0x00, 0xFF, 0xCF, 0xF8, 0x00, 0x3F,
  0xE7, 0xFC, 0x00, 0x0F, 0xFB, 0xFE, 0x00, 0x07, 0xFD, 0xFF, 0x00, 0x01,
  0xFE, 0xFF, 0x80, 0x00, 0xFF, 0xFF, 0xC0, 0x00, 0x3F, 0xFF, 0xE0, 0x00,
  0x1F, 0xFF, 0xF0, 0x00, 0x0F, 0xFF, 0xF8, 0x00, 0x07, 0xFF, 0xFC, 0x00,
  0x03, 0xFF, 0xFE, 0x00, 0x01, 0xFF, 0xFF, 0x00, 0x00, 0xFF, 0xFF, 0x80,
  0x00, 0x7F, 0xFF, 0xC0, 0x00, 0x3F, 0xFF, 0xE0, 0x00, 0x1F, 0xFF, 0xF0,
  0x00, 0x1F, 0xEF, 0xF8, 0x00, 0x0F, 0xF7, 0xFC, 0x00, 0x07, 0xFB, 0xFE,
  0x00, 0x07, 0xFD, 0xFF, 0x00, 0x03, 0xFC, 0xFF, 0x80, 0x03, 0xFE, 0x7F,
  0xC0, 0x0F, 0xFE, 0x3F, 0xFF, 0xFF, 0xFF, 0x1F, 0xFF, 0xFF, 0xFF, 0x0F,
  0xFF, 0xFF, 0xFF, 0x07, 0xFF, 0xFF, 0xFE, 0x03, 0xFF, 0xFF, 0xFE, 0x01,
  0xFF, 0xFF, 0xF8, 0x00, 0x00, 0x00, 0x00, 0x00, 0x00, 0x1F, 0xFF, 0x80,
  0x00, 0x3F, 0xFF, 0xF0, 0x00, 0x7F, 0xFF, 0xFE, 0x00, 0x7F, 0xFF, 0xFF,
  0x80, 0x7F, 0xFF, 0xFF, 0xE0, 0x7F, 0xFF, 0xFF, 0xF0, 0x3F, 0xFF, 0xFF,
  0xFC, 0x3F, 0xF8, 0x03, 0xFE, 0x1F, 0xF0, 0x00, 0xFF, 0x9F, 0xF8, 0x00,
  0x3F, 0xCF, 0xF8, 0x00, 0x1F, 0xE7, 0xFC, 0x00, 0x0F, 0xF3, 0xFE, 0x00,
  0x03, 0xFD, 0xFE, 0x00, 0x01, 0xFF, 0xFF, 0x00, 0x00, 0xFF, 0xFF, 0x80,
  0x00, 0x7F, 0xFF, 0xC0, 0x00, 0x3F, 0xFF, 0xE0, 0x00, 0x1F, 0xFF, 0xF0,
  0x00, 0x0F, 0xFF, 0xF8, 0x00, 0x07, 0xFF, 0xFC, 0x00, 0x03, 0xFF, 0xFE,
  0x00, 0x01, 0xFF, 0xFF, 0x00, 0x00, 0xFF, 0xFF, 0x80, 0x00, 0x00, 0x7F,
  0xC0, 0x00, 0x00, 0x3F, 0xE0, 0x00, 0x00, 0x1F, 0xF0, 0x00, 0x00, 0x0F,
  0xF8, 0x00, 0x00, 0x07, 0xFC, 0x00, 0x00, 0x03, 0xFE, 0x00, 0x00, 0x01,
  0xFF, 0x00, 0x00, 0x00, 0xFF, 0x80, 0x00, 0x00, 0x7F, 0xC0, 0x00, 0x00,
  0x3F, 0xE0, 0x00, 0x00, 0x1F, 0xF0, 0x00, 0x00, 0x0F, 0xF8, 0x00, 0x00,
  0x07, 0xFC, 0x00, 0x00, 0x03, 0xFE, 0x00, 0x00, 0x01, 0xFF, 0x00, 0x00,
  0x00, 0xFF, 0x80, 0x00, 0x00, 0x7F, 0xC0, 0x00, 0x3F, 0xFF, 0xE0, 0x00,
  0x1F, 0xFF, 0xF0, 0x00, 0x0F, 0xFF, 0xF8, 0x00, 0x07, 0xFF, 0xFC, 0x00,
  0x03, 0xFF, 0xFE, 0x00, 0x01, 0xFF, 0xFF, 0x00, 0x00, 0xFF, 0xFF, 0x80,
  0x00, 0x7F, 0xFF, 0xC0, 0x00, 0x3F, 0xFF, 0xE0, 0x00, 0x1F, 0xEF, 0xF0,
  0x00, 0x0F, 0xF7, 0xFC, 0x00, 0x07, 0xF3, 0xFE, 0x00, 0x07, 0xF9, 0xFF,
  0x00, 0x03, 0xFC, 0x7F, 0xC0, 0x01, 0xFE, 0x3F, 0xE0, 0x01, 0xFE, 0x1F,
  0xFC, 0x01, 0xFF, 0x07, 0xFF, 0xFF, 0xFF, 0x81, 0xFF, 0xFF, 0xFF, 0x80,
  0xFF, 0xFF, 0xFF, 0x80, 0x3F, 0xFF, 0xFF, 0x80, 0x0F, 0xFF, 0xFF, 0x80,
  0x01, 0xFF, 0xFF, 0x80, 0x00, 0x3F, 0xFF, 0x00, 0x00, 0x00, 0x60, 0x00,
  0x00, 0xFF, 0xFF, 0xF0, 0x00, 0x7F, 0xFF, 0xFF, 0x80, 0x3F, 0xFF, 0xFF,
  0xF0, 0x1F, 0xFF, 0xFF, 0xFC, 0x0F, 0xFF, 0xFF, 0xFF, 0x07, 0xFF, 0xFF,
  0xFF, 0xC3, 0xFE, 0x00, 0xFF, 0xF1, 0xFF, 0x00, 0x0F, 0xFC, 0xFF, 0x80,
  0x03, 0xFE, 0x7F, 0xC0, 0x01, 0xFF, 0xBF, 0xE0, 0x00, 0x7F, 0xDF, 0xF0,
  0x00, 0x3F, 0xEF, 0xF8, 0x00, 0x1F, 0xF7, 0xFC, 0x00, 0x07, 0xFF, 0xFE,
  0x00, 0x03, 0xFF, 0xFF, 0x00, 0x01, 0xFF, 0xFF, 0x80, 0x00, 0xFF, 0xFF,
  0xC0, 0x00, 0x7F, 0xFF, 0xE0, 0x00, 0x3F, 0xFF, 0xF0, 0x00, 0x1F, 0xFF,
  0xF8, 0x00, 0x0F, 0xFF, 0xFC, 0x00, 0x07, 0xFF, 0xFE, 0x00, 0x03, 0xFF,
  0xFF, 0x00, 0x01, 0xFF, 0xFF, 0x80, 0x00, 0xFF, 0xFF, 0xC0, 0x00, 0x7F,
  0xFF, 0xE0, 0x00, 0x3F, 0xFF, 0xF0, 0x00, 0x1F, 0xFF, 0xF8, 0x00, 0x0F,
  0xFF, 0xFC, 0x00, 0x07, 0xFF, 0xFE, 0x00, 0x03, 0xFF, 0xFF, 0x00, 0x01,
  0xFF, 0xFF, 0x80, 0x00, 0xFF, 0xFF, 0xC0, 0x00, 0x7F, 0xFF, 0xE0, 0x00,
  0x3F, 0xFF, 0xF0, 0x00, 0x1F, 0xFF, 0xF8, 0x00, 0x0F, 0xFF, 0xFC, 0x00,
  0x07, 0xFF, 0xFE, 0x00, 0x03, 0xFF, 0xFF, 0x00, 0x01, 0xFF, 0xFF, 0x80,
  0x00, 0xFF, 0xFF, 0xC0, 0x00, 0x7F, 0xFF, 0xE0, 0x00, 0x3F, 0xFF, 0xF0,
  0x00, 0x1F, 0xFF, 0xF8, 0x00, 0x0F, 0xFF, 0xFC, 0x00, 0x07, 0xFF, 0xFE,
  0x00, 0x03, 0xFF, 0xFF, 0x00, 0x01, 0xFF, 0xFF, 0x80, 0x00, 0xFF, 0xFF,
  0xC0, 0x00, 0x7F, 0xFF, 0xE0, 0x00, 0x3F, 0xDF, 0xF0, 0x00, 0x3F, 0xEF,
  0xF8, 0x00, 0x1F, 0xF7, 0xFC, 0x00, 0x0F, 0xFB, 0xFE, 0x00, 0x0F, 0xF9,
  0xFF, 0x00, 0x07, 0xFC, 0xFF, 0x80, 0x07, 0xFC, 0x7F, 0xC0, 0x1F, 0xFE,
  0x3F, 0xFF, 0xFF, 0xFE, 0x1F, 0xFF, 0xFF, 0xFE, 0x0F, 0xFF, 0xFF, 0xFE,
  0x07, 0xFF, 0xFF, 0xFE, 0x03, 0xFF, 0xFF, 0xFC, 0x01, 0xFF, 0xFF, 0xE0,
  0x00, 0xFF, 0xFF, 0xFF, 0xFF, 0xFF, 0xFF, 0xFF, 0xFF, 0xFF, 0xFF, 0xFF,
  0xFF, 0xFF, 0xFF, 0xFF, 0xFF, 0xFF, 0xFF, 0xFF, 0xFE, 0x00, 0x01, 0xFF,
  0x00, 0x00, 0xFF, 0x80, 0x00, 0x7F, 0xC0, 0x00, 0x3F, 0xE0, 0x00, 0x1F,
  0xF0, 0x00, 0x0F, 0xF8, 0x00, 0x07, 0xFC, 0x00, 0x03, 0xFE, 0x00, 0x01,
  0xFF, 0x00, 0x00, 0xFF, 0x80, 0x00, 0x7F, 0xC0, 0x00, 0x3F, 0xE0, 0x00,
  0x1F, 0xF0, 0x00, 0x0F, 0xF8, 0x00, 0x07, 0xFC, 0x00, 0x03, 0xFE, 0x00,
  0x01, 0xFF, 0x00, 0x00, 0xFF, 0x80, 0x00, 0x7F, 0xC0, 0x00, 0x3F, 0xE0,
  0x00, 0x1F, 0xF0, 0x00, 0x0F, 0xFF, 0xFF, 0xC7, 0xFF, 0xFF, 0xE3, 0xFF,
  0xFF, 0xF1, 0xFF, 0xFF, 0xF8, 0xFF, 0xFF, 0xFC, 0x7F, 0xFF, 0xFE, 0x3F,
  0xE0, 0x00, 0x1F, 0xF0, 0x00, 0x0F, 0xF8, 0x00, 0x07, 0xFC, 0x00, 0x03,
  0xFE, 0x00, 0x01, 0xFF, 0x00, 0x00, 0xFF, 0x80, 0x00, 0x7F, 0xC0, 0x00,
  0x3F, 0xE0, 0x00, 0x1F, 0xF0, 0x00, 0x0F, 0xF8, 0x00, 0x07, 0xFC, 0x00,
  0x03, 0xFE, 0x00, 0x01, 0xFF, 0x00, 0x00, 0xFF, 0x80, 0x00, 0x7F, 0xC0,
  0x00, 0x3F, 0xE0, 0x00, 0x1F, 0xF0, 0x00, 0x0F, 0xF8, 0x00, 0x07, 0xFC,
  0x00, 0x03, 0xFE, 0x00, 0x01, 0xFF, 0x00, 0x00, 0xFF, 0x80, 0x00, 0x7F,
  0xC0, 0x00, 0x3F, 0xFF, 0xFF, 0xFF, 0xFF, 0xFF, 0xFF, 0xFF, 0xFF, 0xFF,
  0xFF, 0xFF, 0xFF, 0xFF, 0xFF, 0xFF, 0xFF, 0xFF, 0xFF, 0xFF, 0xFF, 0xFF,
  0xFF, 0xFF, 0xFF, 0xFF, 0xFF, 0xFF, 0xFF, 0xFF, 0xFF, 0xFF, 0xFF, 0xFF,
  0xFF, 0xFF, 0xFF, 0xFF, 0xFE, 0x00, 0x01, 0xFF, 0x00, 0x00, 0xFF, 0x80,
  0x00, 0x7F, 0xC0, 0x00, 0x3F, 0xE0, 0x00, 0x1F, 0xF0, 0x00, 0x0F, 0xF8,
  0x00, 0x07, 0xFC, 0x00, 0x03, 0xFE, 0x00, 0x01, 0xFF, 0x00, 0x00, 0xFF,
  0x80, 0x00, 0x7F, 0xC0, 0x00, 0x3F, 0xE0, 0x00, 0x1F, 0xF0, 0x00, 0x0F,
  0xF8, 0x00, 0x07, 0xFC, 0x00, 0x03, 0xFE, 0x00, 0x01, 0xFF, 0x00, 0x00,
  0xFF, 0x80, 0x00, 0x7F, 0xC0, 0x00, 0x3F, 0xE0, 0x00, 0x1F, 0xF0, 0x00,
  0x0F, 0xFF, 0xFF, 0x87, 0xFF, 0xFF, 0xC3, 0xFF, 0xFF, 0xE1, 0xFF, 0xFF,
  0xF0, 0xFF, 0xFF, 0xF8, 0x7F, 0xFF, 0xFC, 0x3F, 0xE0, 0x00, 0x1F, 0xF0,
  0x00, 0x0F, 0xF8, 0x00, 0x07, 0xFC, 0x00, 0x03, 0xFE, 0x00, 0x01, 0xFF,
  0x00, 0x00, 0xFF, 0x80, 0x00, 0x7F, 0xC0, 0x00, 0x3F, 0xE0, 0x00, 0x1F,
  0xF0, 0x00, 0x0F, 0xF8, 0x00, 0x07, 0xFC, 0x00, 0x03, 0xFE, 0x00, 0x01,
  0xFF, 0x00, 0x00, 0xFF, 0x80, 0x00, 0x7F, 0xC0, 0x00, 0x3F, 0xE0, 0x00,
  0x1F, 0xF0, 0x00, 0x0F, 0xF8, 0x00, 0x07, 0xFC, 0x00, 0x03, 0xFE, 0x00,
  0x01, 0xFF, 0x00, 0x00, 0xFF, 0x80, 0x00, 0x7F, 0xC0, 0x00, 0x3F, 0xE0,
  0x00, 0x1F, 0xF0, 0x00, 0x0F, 0xF8, 0x00, 0x07, 0xFC, 0x00, 0x03, 0xFE,
  0x00, 0x01, 0xFF, 0x00, 0x00, 0x00, 0x00, 0x80, 0x00, 0x00, 0x0F, 0xFF,
  0xC0, 0x00, 0x1F, 0xFF, 0xFC, 0x00, 0x0F, 0xFF, 0xFF, 0xC0, 0x07, 0xFF,
  0xFF, 0xF8, 0x03, 0xFF, 0xFF, 0xFF, 0x01, 0xFF, 0xFF, 0xFF, 0xC0, 0x7F,
  0xFF, 0xFF, 0xF8, 0x3F, 0xF8, 0x03, 0xFE, 0x0F, 0xF8, 0x00, 0x7F, 0xC7,
  0xFE, 0x00, 0x0F, 0xF1, 0xFF, 0x00, 0x03, 0xFC, 0x7F, 0xC0, 0x00, 0xFF,
  0x1F, 0xF0, 0x00, 0x1F, 0xE7, 0xF8, 0x00, 0x07, 0xFB, 0xFE, 0x00, 0x01,
  0xFE, 0xFF, 0x80, 0x00, 0x7F, 0xBF, 0xE0, 0x00, 0x1F, 0xEF, 0xF8, 0x00,
  0x07, 0xFB, 0xFE, 0x00, 0x01, 0xFE, 0xFF, 0x80, 0x00, 0x7F, 0xBF, 0xE0,
  0x00, 0x00, 0x0F, 0xF8, 0x00, 0x00, 0x03, 0xFE, 0x00, 0x00, 0x00, 0xFF,
  0x80, 0x00, 0x00, 0x3F, 0xE0, 0x00, 0x00, 0x0F, 0xF8, 0x00, 0x00, 0x03,
  0xFE, 0x00, 0x00, 0x00, 0xFF, 0x80, 0x00, 0x00, 0x3F, 0xE0, 0x00, 0x00,
  0x0F, 0xF8, 0x00, 0x00, 0x03, 0xFE, 0x00, 0x00, 0x00, 0xFF, 0x80, 0x00,
  0x00, 0x3F, 0xE0, 0x0F, 0xFF, 0xFF, 0xF8, 0x03, 0xFF, 0xFF, 0xFE, 0x00,
  0xFF, 0xFF, 0xFF, 0x80, 0x3F, 0xFF, 0xFF, 0xE0, 0x0F, 0xFF, 0xFF, 0xF8,
  0x03, 0xFF, 0xFF, 0xFE, 0x00, 0x00, 0xFF, 0xFF, 0x80, 0x00, 0x3F, 0xFF,
  0xE0, 0x00, 0x0F, 0xFF, 0xF8, 0x00, 0x03, 0xFF, 0xFE, 0x00, 0x00, 0xFF,
  0xFF, 0x80, 0x00, 0x3F, 0xFF, 0xE0, 0x00, 0x0F, 0xFF, 0xF8, 0x00, 0x03,
  0xFF, 0xFE, 0x00, 0x00, 0xFF, 0xFF, 0x80, 0x00, 0x3F, 0xFF, 0xE0, 0x00,
  0x0F, 0xFF, 0xF8, 0x00, 0x03, 0xFD, 0xFE, 0x00, 0x01, 0xFF, 0x7F, 0xC0,
  0x00, 0x7F, 0xDF, 0xF0, 0x00, 0x1F, 0xF7, 0xFC, 0x00, 0x0F, 0xFC, 0xFF,
  0x80, 0x03, 0xFF, 0x3F, 0xF0, 0x01, 0xFF, 0xCF, 0xFE, 0x00, 0xFF, 0xF1,
  0xFF, 0xFF, 0xFE, 0xFC, 0x7F, 0xFF, 0xFF, 0xBF, 0x0F, 0xFF, 0xFF, 0xCF,
  0xC1, 0xFF, 0xFF, 0xE3, 0xF0, 0x3F, 0xFF, 0xF0, 0xFC, 0x03, 0xFF, 0xF8,
  0x3F, 0x00, 0x3F, 0xF8, 0x0F, 0xC0, 0x00, 0x60, 0x00, 0x00, 0xFF, 0x80,
  0x00, 0x7F, 0xFF, 0xE0, 0x00, 0x1F, 0xFF, 0xF8, 0x00, 0x07, 0xFF, 0xFE,
  0x00, 0x01, 0xFF, 0xFF, 0x80, 0x00, 0x7F, 0xFF, 0xE0, 0x00, 0x1F, 0xFF,
  0xF8, 0x00, 0x07, 0xFF, 0xFE, 0x00, 0x01, 0xFF, 0xFF, 0x80, 0x00, 0x7F,
  0xFF, 0xE0, 0x00, 0x1F, 0xFF, 0xF8, 0x00, 0x07, 0xFF, 0xFE, 0x00, 0x01,
  0xFF, 0xFF, 0x80, 0x00, 0x7F, 0xFF, 0xE0, 0x00, 0x1F, 0xFF, 0xF8, 0x00,
  0x07, 0xFF, 0xFE, 0x00, 0x01, 0xFF, 0xFF, 0x80, 0x00, 0x7F, 0xFF, 0xE0,
  0x00, 0x1F, 0xFF, 0xF8, 0x00, 0x07, 0xFF, 0xFE, 0x00, 0x01, 0xFF, 0xFF,
  0x80, 0x00, 0x7F, 0xFF, 0xE0, 0x00, 0x1F, 0xFF, 0xF8, 0x00, 0x07, 0xFF,
  0xFE, 0x00, 0x01, 0xFF, 0xFF, 0x80, 0x00, 0x7F, 0xFF, 0xE0, 0x00, 0x1F,
  0xFF, 0xF8, 0x00, 0x07, 0xFF, 0xFE, 0x00, 0x01, 0xFF, 0xFF, 0xFF, 0xFF,
  0xFF, 0xFF, 0xFF, 0xFF, 0xFF, 0xFF, 0xFF, 0xFF, 0xFF, 0xFF, 0xFF, 0xFF,
  0xFF, 0xFF, 0xFF, 0xFF, 0xFF, 0xFF, 0xFF, 0xFF, 0xFF, 0xFF, 0xFF, 0xF8,
  0x00, 0x07, 0xFF, 0xFE, 0x00, 0x01, 0xFF, 0xFF, 0x80, 0x00, 0x7F, 0xFF,
  0xE0, 0x00, 0x1F, 0xFF, 0xF8, 0x00, 0x07, 0xFF, 0xFE, 0x00, 0x01, 0xFF,
  0xFF, 0x80, 0x00, 0x7F, 0xFF, 0xE0, 0x00, 0x1F, 0xFF, 0xF8, 0x00, 0x07,
  0xFF, 0xFE, 0x00, 0x01, 0xFF, 0xFF, 0x80, 0x00, 0x7F, 0xFF, 0xE0, 0x00,
  0x1F, 0xFF, 0xF8, 0x00, 0x07, 0xFF, 0xFE, 0x00, 0x01, 0xFF, 0xFF, 0x80,
  0x00, 0x7F, 0xFF, 0xE0, 0x00, 0x1F, 0xFF, 0xF8, 0x00, 0x07, 0xFF, 0xFE,
  0x00, 0x01, 0xFF, 0xFF, 0x80, 0x00, 0x7F, 0xFF, 0xE0, 0x00, 0x1F, 0xFF,
  0xF8, 0x00, 0x07, 0xFF, 0xFE, 0x00, 0x01, 0xFF, 0xFF, 0x80, 0x00, 0x7F,
  0xFF, 0xE0, 0x00, 0x1F, 0xFF, 0xF8, 0x00, 0x07, 0xFF, 0xFE, 0x00, 0x01,
  0xFF, 0xFF, 0x80, 0x00, 0x7F, 0xFF, 0xE0, 0x00, 0x1F, 0xFF, 0xF8, 0x00,
  0x07, 0xFF, 0xFE, 0x00, 0x01, 0xFF, 0xFF, 0xFF, 0xFF, 0xFF, 0xFF, 0xFF,
  0xFF, 0xFF, 0xFF, 0xFF, 0xFF, 0xFF, 0xFF, 0xFF, 0xFF, 0xFF, 0xFF, 0xFF,
  0xFF, 0xFF, 0xFF, 0xFF, 0xFF, 0xFF, 0xFF, 0xFF, 0xFF, 0xFF, 0xFF, 0xFF,
  0xFF, 0xFF, 0xFF, 0xFF, 0xFF, 0xFF, 0xFF, 0xFF, 0xFF, 0xFF, 0xFF, 0xFF,
  0xFF, 0xFF, 0xFF, 0xFF, 0xFF, 0xFF, 0xFF, 0xFF, 0xFF, 0xFF, 0xFF, 0xFF,
  0xFF, 0xFF, 0xFF, 0xFF, 0xFF, 0xFF, 0xFF, 0xFF, 0xFF, 0xFF, 0x00, 0x7F,
  0xC0, 0x1F, 0xF0, 0x07, 0xFC, 0x01, 0xFF, 0x00, 0x7F, 0xC0, 0x1F, 0xF0,
  0x07, 0xFC, 0x01, 0xFF, 0x00, 0x7F, 0xC0, 0x1F, 0xF0, 0x07, 0xFC, 0x01,
  0xFF, 0x00, 0x7F, 0xC0, 0x1F, 0xF0, 0x07, 0xFC, 0x01, 0xFF, 0x00, 0x7F,
  0xC0, 0x1F, 0xF0, 0x07, 0xFC, 0x01, 0xFF, 0x00, 0x7F, 0xC0, 0x1F, 0xF0,
  0x07, 0xFC, 0x01, 0xFF, 0x00, 0x7F, 0xC0, 0x1F, 0xF0, 0x07, 0xFC, 0x01,
  0xFF, 0x00, 0x7F, 0xC0, 0x1F, 0xF0, 0x07, 0xFC, 0x01, 0xFF, 0x00, 0x7F,
  0xC0, 0x1F, 0xF0, 0x07, 0xFC, 0x01, 0xFF, 0x00, 0x7F, 0xC0, 0x1F, 0xF0,
  0x07, 0xFC, 0x01, 0xFF, 0x00, 0x7F, 0xC0, 0x1F, 0xF0, 0x07, 0xFC, 0x01,
  0xFF, 0x00, 0x7F, 0xC0, 0x1F, 0xF0, 0x07, 0xFC, 0x01, 0xFF, 0x00, 0x7F,
  0xC0, 0x1F, 0xF0, 0x07, 0xFC, 0x01, 0xFF, 0x00, 0x7F, 0xC0, 0x1F, 0xF0,
  0x07, 0xFC, 0x03, 0xFE, 0x00, 0xFF, 0x80, 0x7F, 0xE0, 0x7F, 0xFB, 0xFF,
  0xFC, 0xFF, 0xFF, 0x3F, 0xFF, 0x8F, 0xFF, 0xC3, 0xFF, 0xC0, 0xFF, 0x80,
  0x00, 0xFF, 0x80, 0x01, 0xFF, 0x3F, 0xE0, 0x00, 0x7F, 0x8F, 0xF8, 0x00,
  0x3F, 0xE3, 0xFE, 0x00, 0x0F, 0xF0, 0xFF, 0x80, 0x07, 0xFC, 0x3F, 0xE0,
  0x01, 0xFE, 0x0F, 0xF8, 0x00, 0xFF, 0x83, 0xFE, 0x00, 0x3F, 0xC0, 0xFF,
  0x80, 0x1F, 0xF0, 0x3F, 0xE0, 0x07, 0xFC, 0x0F, 0xF8, 0x03, 0xFE, 0x03,
  0xFE, 0x00, 0xFF, 0x80, 0xFF, 0x80, 0x3F, 0xC0, 0x3F, 0xE0, 0x1F, 0xF0,
  0x0F, 0xF8, 0x07, 0xF8, 0x03, 0xFE, 0x03, 0xFE, 0x00, 0xFF, 0x80, 0xFF,
  0x00, 0x3F, 0xE0, 0x7F, 0xC0, 0x0F, 0xF8, 0x1F, 0xF0, 0x03, 0xFE, 0x0F,
  0xF8, 0x00, 0xFF, 0x83, 0xFE, 0x00, 0x3F, 0xE1, 0xFF, 0x00, 0x0F, 0xF8,
  0x7F, 0xC0, 0x03, 0xFE, 0x3F, 0xE0, 0x00, 0xFF, 0x8F, 0xF8, 0x00, 0x3F,
  0xE7, 0xFC, 0x00, 0x0F, 0xF9, 0xFF, 0x00, 0x03, 0xFE, 0xFF, 0xC0, 0x00,
  0xFF, 0xBF, 0xE0, 0x00, 0x3F, 0xFF, 0xFC, 0x00, 0x0F, 0xFF, 0xFF, 0x00,
  0x03, 0xFF, 0xFF, 0xE0, 0x00, 0xFF, 0xFF, 0xF8, 0x00, 0x3F, 0xFF, 0xFE,
  0x00, 0x0F, 0xFF, 0xFF, 0xC0, 0x03, 0xFF, 0xCF, 0xF0, 0x00, 0xFF, 0xF3,
  0xFE, 0x00, 0x3F, 0xF8, 0xFF, 0x80, 0x0F, 0xFE, 0x1F, 0xE0, 0x03, 0xFF,
  0x07, 0xFC, 0x00, 0xFF, 0xC0, 0xFF, 0x00, 0x3F, 0xE0, 0x3F, 0xE0, 0x0F,
  0xF8, 0x07, 0xF8, 0x03, 0xFE, 0x01, 0xFE, 0x00, 0xFF, 0x80, 0x7F, 0xC0,
  0x3F, 0xE0, 0x0F, 0xF0, 0x0F, 0xF8, 0x03, 0xFE, 0x03, 0xFE, 0x00, 0x7F,
  0x80, 0xFF, 0x80, 0x1F, 0xF0, 0x3F, 0xE0, 0x07, 0xFC, 0x0F, 0xF8, 0x00,
  0xFF, 0x03, 0xFE, 0x00, 0x3F, 0xE0, 0xFF, 0x80, 0x07, 0xF8, 0x3F, 0xE0,
  0x01, 0xFF, 0x0F, 0xF8, 0x00, 0x7F, 0xC3, 0xFE, 0x00, 0x0F, 0xF0, 0xFF,
  0x80, 0x03, 0xFE, 0x3F, 0xE0, 0x00, 0x7F, 0x8F, 0xF8, 0x00, 0x1F, 0xF3,
  0xFE, 0x00, 0x07, 0xFC, 0xFF, 0x80, 0x00, 0xFF, 0x3F, 0xE0, 0x00, 0x3F,
  0xEF, 0xF8, 0x00, 0x07, 0xFB, 0xFE, 0x00, 0x01, 0xFF, 0xFF, 0x80, 0x00,
  0x7F, 0xC0, 0x00, 0x3F, 0xE0, 0x00, 0x1F, 0xF0, 0x00, 0x0F, 0xF8, 0x00,
  0x07, 0xFC, 0x00, 0x03, 0xFE, 0x00, 0x01, 0xFF, 0x00, 0x00, 0xFF, 0x80,
  0x00, 0x7F, 0xC0, 0x00, 0x3F, 0xE0, 0x00, 0x1F, 0xF0, 0x00, 0x0F, 0xF8,
  0x00, 0x07, 0xFC, 0x00, 0x03, 0xFE, 0x00, 0x01, 0xFF, 0x00, 0x00, 0xFF,
  0x80, 0x00, 0x7F, 0xC0, 0x00, 0x3F, 0xE0, 0x00, 0x1F, 0xF0, 0x00, 0x0F,
  0xF8, 0x00, 0x07, 0xFC, 0x00, 0x03, 0xFE, 0x00, 0x01, 0xFF, 0x00, 0x00,
  0xFF, 0x80, 0x00, 0x7F, 0xC0, 0x00, 0x3F, 0xE0, 0x00, 0x1F, 0xF0, 0x00,
  0x0F, 0xF8, 0x00, 0x07, 0xFC, 0x00, 0x03, 0xFE, 0x00, 0x01, 0xFF, 0x00,
  0x00, 0xFF, 0x80, 0x00, 0x7F, 0xC0, 0x00, 0x3F, 0xE0, 0x00, 0x1F, 0xF0,
  0x00, 0x0F, 0xF8, 0x00, 0x07, 0xFC, 0x00, 0x03, 0xFE, 0x00, 0x01, 0xFF,
  0x00, 0x00, 0xFF, 0x80, 0x00, 0x7F, 0xC0, 0x00, 0x3F, 0xE0, 0x00, 0x1F,
  0xF0, 0x00, 0x0F, 0xF8, 0x00, 0x07, 0xFC, 0x00, 0x03, 0xFE, 0x00, 0x01,
  0xFF, 0x00, 0x00, 0xFF, 0x80, 0x00, 0x7F, 0xC0, 0x00, 0x3F, 0xE0, 0x00,
  0x1F, 0xF0, 0x00, 0x0F, 0xF8, 0x00, 0x07, 0xFC, 0x00, 0x03, 0xFE, 0x00,
  0x01, 0xFF, 0x00, 0x00, 0xFF, 0x80, 0x00, 0x7F, 0xC0, 0x00, 0x3F, 0xFF,
  0xFF, 0xFF, 0xFF, 0xFF, 0xFF, 0xFF, 0xFF, 0xFF, 0xFF, 0xFF, 0xFF, 0xFF,
  0xFF, 0xFF, 0xFF, 0xFF, 0xFF, 0x3F, 0xC0, 0x00, 0x00, 0x7F, 0x87, 0xFC,
  0x00, 0x00, 0x1F, 0xF0, 0xFF, 0x80, 0x00, 0x03, 0xFE, 0x1F, 0xF0, 0x00,
  0x00, 0x7F, 0xC3, 0xFE, 0x00, 0x00, 0x0F, 0xF8, 0x7F, 0xE0, 0x00, 0x01,
  0xFF, 0x0F, 0xFC, 0x00, 0x00, 0x7F, 0xE1, 0xFF, 0x80, 0x00, 0x0F, 0xFC,
  0x7F, 0xF0, 0x00, 0x01, 0xFF, 0x8F, 0xFE, 0x00, 0x00, 0x3F, 0xF9, 0xFF,
  0xE0, 0x00, 0x0F, 0xFF, 0x3F, 0xFC, 0x00, 0x01, 0xFF, 0xE7, 0xFF, 0x80,
  0x00, 0x3F, 0xFC, 0xFF, 0xF0, 0x00, 0x07, 0xFF, 0x9F, 0xFE, 0x00, 0x00,
  0xFF, 0xF3, 0xFF, 0xE0, 0x00, 0x3F, 0xFE, 0x7F, 0xFC, 0x00, 0x07, 0xFF,
  0xCF, 0xFF, 0x80, 0x00, 0xFF, 0xF9, 0xFF, 0xF0, 0x00, 0x1F, 0xFF, 0x3F,
  0xFF, 0x00, 0x07, 0xFF, 0xE7, 0xF7, 0xE0, 0x00, 0xFD, 0xFC, 0xFE, 0xFC,
  0x00, 0x1F, 0xBF, 0x9F, 0xDF, 0x80, 0x03, 0xF7, 0xF3, 0xFB, 0xF0, 0x00,
  0x7E, 0xFE, 0x7F, 0x3F, 0x00, 0x1F, 0x9F, 0xCF, 0xE7, 0xE0, 0x03, 0xF3,
  0xF9, 0xFC, 0xFC, 0x00, 0x7E, 0x7F, 0x3F, 0x9F, 0x80, 0x0F, 0xCF, 0xE7,
  0xF1, 0xF0, 0x01, 0xF1, 0xFC, 0xFE, 0x3F, 0x00, 0x7E, 0x3F, 0x9F, 0xC7,
  0xE0, 0x0F, 0xC7, 0xF3, 0xF8, 0xFC, 0x01, 0xF8, 0xFE, 0x7F, 0x0F, 0x80,
  0x3E, 0x1F, 0xCF, 0xE1, 0xF8, 0x0F, 0xC3, 0xF9, 0xFC, 0x3F, 0x01, 0xF8,
  0x7F, 0x3F, 0x87, 0xE0, 0x3F, 0x0F, 0xE7, 0xF0, 0xFC, 0x07, 0xE1, 0xFC,
  0xFE, 0x0F, 0x80, 0xF8, 0x3F, 0x9F, 0xC1, 0xF8, 0x3F, 0x07, 0xF3, 0xF8,
  0x3F, 0x07, 0xE0, 0xFE, 0x7F, 0x07, 0xE0, 0xFC, 0x1F, 0xCF, 0xE0, 0x7C,
  0x1F, 0x03, 0xF9, 0xFC, 0x0F, 0x83, 0xE0, 0x7F, 0x3F, 0x81, 0xF8, 0xFC,
  0x0F, 0xE7, 0xF0, 0x3F, 0x1F, 0x81, 0xFC, 0xFE, 0x03, 0xE3, 0xE0, 0x3F,
  0x9F, 0xC0, 0x7C, 0x7C, 0x07, 0xF3, 0xF8, 0x0F, 0xDF, 0x80, 0xFE, 0x7F,
  0x01, 0xFB, 0xF0, 0x1F, 0xCF, 0xE0, 0x1F, 0x7C, 0x03, 0xF9, 0xFC, 0x03,
  0xEF, 0x80, 0x7F, 0x3F, 0x80, 0x7D, 0xF0, 0x0F, 0xE7, 0xF0, 0x0F, 0xFE,
  0x01, 0xFC, 0xFE, 0x00, 0xFF, 0xC0, 0x3F, 0x9F, 0xC0, 0x1F, 0xF0, 0x07,
  0xF3, 0xF8, 0x03, 0xFE, 0x00, 0xFE, 0x7F, 0x00, 0x7F, 0xC0, 0x1F, 0xCF,
  0xE0, 0x0F, 0xF8, 0x03, 0xF9, 0xFC, 0x00, 0xFE, 0x00, 0x7F, 0x3F, 0x80,
  0x1F, 0xC0, 0x0F, 0xE7, 0xF0, 0x03, 0xF8, 0x01, 0xFC, 0xFE, 0x00, 0x7F,
  0x00, 0x3F, 0xBF, 0xC0, 0x07, 0xC0, 0x07, 0xF7, 0xF8, 0x00, 0xF8, 0x00,
  0xFF, 0xFE, 0x00, 0x00, 0xFF, 0xFE, 0x00, 0x00, 0xFF, 0xFE, 0x00, 0x00,
  0xFF, 0xFF, 0x00, 0x00, 0xFF, 0xFF, 0x00, 0x00, 0xFF, 0xFF, 0x80, 0x00,
  0xFF, 0xFF, 0x80, 0x00, 0xFF, 0xFF, 0xC0, 0x00, 0xFF, 0xFF, 0xC0, 0x00,
  0xFF, 0xFF, 0xC0, 0x00, 0xFF, 0xFF, 0xE0, 0x00, 0xFF, 0xFF, 0xE0, 0x00,
  0xFF, 0xFF, 0xF0, 0x00, 0xFF, 0xFF, 0xF0, 0x00, 0xFF, 0xFF, 0xF0, 0x00,
  0xFF, 0xFF, 0xF8, 0x00, 0xFF, 0xFF, 0xF8, 0x00, 0xFF, 0xFF, 0xFC, 0x00,
  0xFF, 0xFF, 0xFC, 0x00, 0xFF, 0xFF, 0xFC, 0x00, 0xFF, 0xFF, 0xFE, 0x00,
  0xFF, 0xFF, 0xFE, 0x00, 0xFF, 0xFF, 0x7F, 0x00, 0xFF, 0xFF, 0x7F, 0x00,
  0xFF, 0xFF, 0x3F, 0x80, 0xFF, 0xFF, 0x3F, 0x80, 0xFF, 0xFF, 0x1F, 0x80,
  0xFF, 0xFF, 0x1F, 0xC0, 0xFF, 0xFF, 0x1F, 0xC0, 0xFF, 0xFF, 0x0F, 0xE0,
  0xFF, 0xFF, 0x0F, 0xE0, 0xFF, 0xFF, 0x07, 0xE0, 0xFF, 0xFF, 0x07, 0xF0,
  0xFF, 0xFF, 0x07, 0xF0, 0xFF, 0xFF, 0x03, 0xF8, 0xFF, 0xFF, 0x03, 0xF8,
  0xFF, 0xFF, 0x01, 0xFC, 0xFF, 0xFF, 0x01, 0xFC, 0xFF, 0xFF, 0x01, 0xFC,
  0xFF, 0xFF, 0x00, 0xFE, 0xFF, 0xFF, 0x00, 0xFE, 0xFF, 0xFF, 0x00, 0x7F,
  0xFF, 0xFF, 0x00, 0x7F, 0xFF, 0xFF, 0x00, 0x7F, 0xFF, 0xFF, 0x00, 0x3F,
  0xFF, 0xFF, 0x00, 0x3F, 0xFF, 0xFF, 0x00, 0x1F, 0xFF, 0xFF, 0x00, 0x1F,
  0xFF, 0xFF, 0x00, 0x0F, 0xFF, 0xFF, 0x00, 0x0F, 0xFF, 0xFF, 0x00, 0x0F,
  0xFF, 0xFF, 0x00, 0x07, 0xFF, 0xFF, 0x00, 0x07, 0xFF, 0xFF, 0x00, 0x03,
  0xFF, 0xFF, 0x00, 0x03, 0xFF, 0xFF, 0x00, 0x03, 0xFF, 0xFF, 0x00, 0x01,
  0xFF, 0xFF, 0x00, 0x01, 0xFF, 0xFF, 0x00, 0x00, 0xFF, 0xFF, 0x00, 0x00,
  0xFF, 0xFF, 0x00, 0x00, 0xFF, 0xFF, 0x00, 0x00, 0x7F, 0xFF, 0x00, 0x00,
  0x7F, 0xFF, 0x00, 0x00, 0x3F, 0x00, 0x00, 0x40, 0x00, 0x00, 0x07, 0xFF,
  0xF0, 0x00, 0x03, 0xFF, 0xFF, 0x80, 0x01, 0xFF, 0xFF, 0xFC, 0x00, 0x7F,
  0xFF, 0xFF, 0xC0, 0x1F, 0xFF, 0xFF, 0xFC, 0x07, 0xFF, 0xFF, 0xFF, 0xC0,
  0xFF, 0xFF, 0xFF, 0xF8, 0x3F, 0xF8, 0x03, 0xFF, 0x87, 0xFC, 0x00, 0x1F,
  0xF1, 0xFF, 0x80, 0x03, 0xFF, 0x3F, 0xE0, 0x00, 0x3F, 0xE7, 0xFC, 0x00,
  0x07, 0xFC, 0xFF, 0x00, 0x00, 0xFF, 0xBF, 0xE0, 0x00, 0x0F, 0xFF, 0xFC,
  0x00, 0x01, 0xFF, 0xFF, 0x80, 0x00, 0x3F, 0xFF, 0xF0, 0x00, 0x07, 0xFF,
  0xFE, 0x00, 0x00, 0xFF, 0xFF, 0xC0, 0x00, 0x1F, 0xFF, 0xF8, 0x00, 0x03,
  0xFF, 0xFF, 0x00, 0x00, 0x7F, 0xFF, 0xE0, 0x00, 0x0F, 0xFF, 0xFC, 0x00,
  0x01, 0xFF, 0xFF, 0x80, 0x00, 0x3F, 0xFF, 0xF0, 0x00, 0x07, 0xFF, 0xFE,
  0x00, 0x00, 0xFF, 0xFF, 0xC0, 0x00, 0x1F, 0xFF, 0xF8, 0x00, 0x03, 0xFF,
  0xFF, 0x00, 0x00, 0x7F, 0xFF, 0xE0, 0x00, 0x0F, 0xFF, 0xFC, 0x00, 0x01,
  0xFF, 0xFF, 0x80, 0x00, 0x3F, 0xFF, 0xF0, 0x00, 0x07, 0xFF, 0xFE, 0x00,
  0x00, 0xFF, 0xFF, 0xC0, 0x00, 0x1F, 0xFF, 0xF8, 0x00, 0x03, 0xFF, 0xFF,
  0x00, 0x00, 0x7F, 0xFF, 0xE0, 0x00, 0x0F, 0xFF, 0xFC, 0x00, 0x01, 0xFF,
  0xFF, 0x80, 0x00, 0x3F, 0xFF, 0xF0, 0x00, 0x07, 0xFF, 0xFE, 0x00, 0x00,
  0xFF, 0xFF, 0xC0, 0x00, 0x1F, 0xFF, 0xF8, 0x00, 0x03, 0xFF, 0xFF, 0x00,
  0x00, 0x7F, 0xFF, 0xE0, 0x00, 0x0F, 0xFF, 0xFC, 0x00, 0x01, 0xFF, 0xFF,
  0x80, 0x00, 0x3F, 0xFF, 0xF0, 0x00, 0x07, 0xFF, 0xFE, 0x00, 0x00, 0xFF,
  0xBF, 0xC0, 0x00, 0x1F, 0xE7, 0xFC, 0x00, 0x07, 0xFC, 0xFF, 0x80, 0x00,
  0xFF, 0x9F, 0xF0, 0x00, 0x1F, 0xF1, 0xFF, 0x00, 0x07, 0xFC, 0x3F, 0xF0,
  0x01, 0xFF, 0x87, 0xFF, 0x00, 0x7F, 0xF0, 0x7F, 0xFF, 0xFF, 0xFC, 0x07,
  0xFF, 0xFF, 0xFF, 0x00, 0xFF, 0xFF, 0xFF, 0xE0, 0x0F, 0xFF, 0xFF, 0xF8,
  0x00, 0xFF, 0xFF, 0xFC, 0x00, 0x07, 0xFF, 0xFF, 0x00, 0x00, 0x3F, 0xFF,
  0x80, 0x00, 0x00, 0x0C, 0x00, 0x00, 0xFF, 0xFF, 0xF8, 0x01, 0xFF, 0xFF,
  0xFE, 0x03, 0xFF, 0xFF, 0xFE, 0x07, 0xFF, 0xFF, 0xFE, 0x0F, 0xFF, 0xFF,
  0xFE, 0x1F, 0xFF, 0xFF, 0xFE, 0x3F, 0xE0, 0x0F, 0xFE, 0x7F, 0xC0, 0x07,
  0xFC, 0xFF, 0x80, 0x07, 0xFD, 0xFF, 0x00, 0x07, 0xFB, 0xFE, 0x00, 0x0F,
  0xF7, 0xFC, 0x00, 0x0F, 0xEF, 0xF8, 0x00, 0x1F, 0xFF, 0xF0, 0x00, 0x3F,
  0xFF, 0xE0, 0x00, 0x7F, 0xFF, 0xC0, 0x00, 0xFF, 0xFF, 0x80, 0x01, 0xFF,
  0xFF, 0x00, 0x03, 0xFF, 0xFE, 0x00, 0x07, 0xFF, 0xFC, 0x00, 0x0F, 0xFF,
  0xF8, 0x00, 0x1F, 0xFF, 0xF0, 0x00, 0x3F, 0xFF, 0xE0, 0x00, 0x7F, 0xFF,
  0xC0, 0x01, 0xFE, 0xFF, 0x80, 0x03, 0xFD, 0xFF, 0x00, 0x0F, 0xFB, 0xFE,
  0x00, 0x3F, 0xE7, 0xFC, 0x01, 0xFF, 0xCF, 0xFF, 0xFF, 0xFF, 0x1F, 0xFF,
  0xFF, 0xFC, 0x3F, 0xFF, 0xFF, 0xF0, 0x7F, 0xFF, 0xFF, 0xC0, 0xFF, 0xFF,
  0xFE, 0x01, 0xFF, 0xFF, 0xE0, 0x03, 0xFE, 0x00, 0x00, 0x07, 0xFC, 0x00,
  0x00, 0x0F, 0xF8, 0x00, 0x00, 0x1F, 0xF0, 0x00, 0x00, 0x3F, 0xE0, 0x00,
  0x00, 0x7F, 0xC0, 0x00, 0x00, 0xFF, 0x80, 0x00, 0x01, 0xFF, 0x00, 0x00,
  0x03, 0xFE, 0x00, 0x00, 0x07, 0xFC, 0x00, 0x00, 0x0F, 0xF8, 0x00, 0x00,
  0x1F, 0xF0, 0x00, 0x00, 0x3F, 0xE0, 0x00, 0x00, 0x7F, 0xC0, 0x00, 0x00,
  0xFF, 0x80, 0x00, 0x01, 0xFF, 0x00, 0x00, 0x03, 0xFE, 0x00, 0x00, 0x07,
  0xFC, 0x00, 0x00, 0x0F, 0xF8, 0x00, 0x00, 0x1F, 0xF0, 0x00, 0x00, 0x3F,
  0xE0, 0x00, 0x00, 0x7F, 0xC0, 0x00, 0x00, 0xFF, 0x80, 0x00, 0x01, 0xFF,
  0x00, 0x00, 0x03, 0xFE, 0x00, 0x00, 0x07, 0xFC, 0x00, 0x00, 0x0F, 0xF8,
  0x00, 0x00, 0x1F, 0xF0, 0x00, 0x00, 0x3F, 0xE0, 0x00, 0x00, 0x7F, 0xC0,
  0x00, 0x00, 0x00, 0x00, 0x40, 0x00, 0x00, 0x07, 0xFF, 0xF0, 0x00, 0x03,
  0xFF, 0xFF, 0x80, 0x01, 0xFF, 0xFF, 0xFC, 0x00, 0x7F, 0xFF, 0xFF, 0xC0,
  0x1F, 0xFF, 0xFF, 0xFC, 0x07, 0xFF, 0xFF, 0xFF, 0xC0, 0xFF, 0xFF, 0xFF,
  0xF8, 0x3F, 0xF8, 0x03, 0xFF, 0x87, 0xFC, 0x00, 0x1F, 0xF1, 0xFF, 0x80,
  0x03, 0xFF, 0x3F, 0xE0, 0x00, 0x3F, 0xE7, 0xFC, 0x00, 0x07, 0xFC, 0xFF,
  0x00, 0x00, 0x7F, 0xBF, 0xE0, 0x00, 0x0F, 0xFF, 0xFC, 0x00, 0x01, 0xFF,
  0xFF, 0x80, 0x00, 0x3F, 0xFF, 0xF0, 0x00, 0x07, 0xFF, 0xFE, 0x00, 0x00,
  0xFF, 0xFF, 0xC0, 0x00, 0x1F, 0xFF, 0xF8, 0x00, 0x03, 0xFF, 0xFF, 0x00,
  0x00, 0x7F, 0xFF, 0xE0, 0x00, 0x0F, 0xFF, 0xFC, 0x00, 0x01, 0xFF, 0xFF,
  0x80, 0x00, 0x3F, 0xFF, 0xF0, 0x00, 0x07, 0xFF, 0xFE, 0x00, 0x00, 0xFF,
  0xFF, 0xC0, 0x00, 0x1F, 0xFF, 0xF8, 0x00, 0x03, 0xFF, 0xFF, 0x00, 0x00,
  0x7F, 0xFF, 0xE0, 0x00, 0x0F, 0xFF, 0xFC, 0x00, 0x01, 0xFF, 0xFF, 0x80,
  0x00, 0x3F, 0xFF, 0xF0, 0x00, 0x07, 0xFF, 0xFE, 0x00, 0x00, 0xFF, 0xFF,
  0xC0, 0x00, 0x1F, 0xFF, 0xF8, 0x00, 0x03, 0xFF, 0xFF, 0x00, 0x00, 0x7F,
  0xFF, 0xE0, 0x00, 0x0F, 0xFF, 0xFC, 0x00, 0x01, 0xFF, 0xFF, 0x80, 0x00,
  0x3F, 0xFF, 0xF0, 0x00, 0x07, 0xFF, 0xFE, 0x00, 0x00, 0xFF, 0xFF, 0xC0,
  0x00, 0x1F, 0xFF, 0xF8, 0x00, 0x03, 0xFF, 0xFF, 0x00, 0x00, 0x7F, 0xFF,
  0xE0, 0x00, 0x0F, 0xFF, 0xFC, 0x00, 0x01, 0xFF, 0xFF, 0x80, 0x00, 0x3F,
  0xFF, 0xF0, 0x00, 0x07, 0xFF, 0xFE, 0x00, 0x00, 0xFF, 0xBF, 0xC0, 0x00,
  0x1F, 0xE7, 0xFC, 0x00, 0x07, 0xFC, 0xFF, 0x80, 0x00, 0xFF, 0x9F, 0xF0,
  0x00, 0x1F, 0xF1, 0xFF, 0x00, 0x07, 0xFC, 0x3F, 0xF0, 0x00, 0xFF, 0x87,
  0xFF, 0x00, 0x7F, 0xF0, 0x7F, 0xFF, 0xFF, 0xFC, 0x0F, 0xFF, 0xFF, 0xFF,
  0x00, 0xFF, 0xFF, 0xFF, 0xE0, 0x0F, 0xFF, 0xFF, 0xF8, 0x00, 0xFF, 0xFF,
  0xFC, 0x00, 0x07, 0xFF, 0xFF, 0x00, 0x00, 0x3F, 0xFF, 0xC0, 0x00, 0x00,
  0x0F, 0xFC, 0x00, 0x00, 0x00, 0x3F, 0xC0, 0x00, 0x00, 0x07, 0xFC, 0x00,
  0x00, 0x00, 0x7F, 0x80, 0x00, 0x00, 0x07, 0xFC, 0x00, 0x00, 0x00, 0x7F,
  0xC0, 0x00, 0x00, 0x0F, 0xF8, 0x00, 0x00, 0x00, 0xFF, 0x00, 0x00, 0x00,
  0x0F, 0xC0, 0x00, 0x00, 0x00, 0xF8, 0x00, 0x00, 0x00, 0x0F, 0x00, 0x00,
  0x00, 0x00, 0x60, 0x00, 0x00, 0x00, 0x04, 0x00, 0xFF, 0xFF, 0xE0, 0x00,
  0xFF, 0xFF, 0xFC, 0x00, 0xFF, 0xFF, 0xFF, 0x80, 0xFF, 0xFF, 0xFF, 0xC0,
  0xFF, 0xFF, 0xFF, 0xE0, 0xFF, 0xFF, 0xFF, 0xF0, 0xFF, 0x80, 0x7F, 0xF8,
  0xFF, 0x80, 0x0F, 0xF8, 0xFF, 0x80, 0x07, 0xFC, 0xFF, 0x80, 0x03, 0xFC,
  0xFF, 0x80, 0x03, 0xFC, 0xFF, 0x80, 0x03, 0xFE, 0xFF, 0x80, 0x01, 0xFE,
  0xFF, 0x80, 0x01, 0xFE, 0xFF, 0x80, 0x01, 0xFE, 0xFF, 0x80, 0x01, 0xFE,
  0xFF, 0x80, 0x01, 0xFE, 0xFF, 0x80, 0x01, 0xFE, 0xFF, 0x80, 0x01, 0xFE,
  0xFF, 0x80, 0x01, 0xFE, 0xFF, 0x80, 0x01, 0xFE, 0xFF, 0x80, 0x01, 0xFE,
  0xFF, 0x80, 0x03, 0xFE, 0xFF, 0x80, 0x03, 0xFC, 0xFF, 0x80, 0x07, 0xFC,
  0xFF, 0x80, 0x07, 0xFC, 0xFF, 0x80, 0x1F, 0xF8, 0xFF, 0x80, 0x7F, 0xF8,
  0xFF, 0xFF, 0xFF, 0xF0, 0xFF, 0xFF, 0xFF, 0xE0, 0xFF, 0xFF, 0xFF, 0xE0,
  0xFF, 0xFF, 0xFF, 0x80, 0xFF, 0xFF, 0xFF, 0x00, 0xFF, 0xFF, 0xFF, 0x00,
  0xFF, 0x80, 0xFF, 0x00, 0xFF, 0x80, 0xFF, 0x80, 0xFF, 0x80, 0x7F, 0x80,
  0xFF, 0x80, 0x7F, 0x80, 0xFF, 0x80, 0x7F, 0x80, 0xFF, 0x80, 0x7F, 0xC0,
  0xFF, 0x80, 0x3F, 0xC0, 0xFF, 0x80, 0x3F, 0xC0, 0xFF, 0x80, 0x3F, 0xC0,
  0xFF, 0x80, 0x3F, 0xE0, 0xFF, 0x80, 0x1F, 0xE0, 0xFF, 0x80, 0x1F, 0xE0,
  0xFF, 0x80, 0x1F, 0xF0, 0xFF, 0x80, 0x0F, 0xF0, 0xFF, 0x80, 0x0F, 0xF0,
  0xFF, 0x80, 0x0F, 0xF0, 0xFF, 0x80, 0x0F, 0xF8, 0xFF, 0x80, 0x07, 0xF8,
  0xFF, 0x80, 0x07, 0xF8, 0xFF, 0x80, 0x07, 0xF8, 0xFF, 0x80, 0x07, 0xFC,
  0xFF, 0x80, 0x03, 0xFC, 0xFF, 0x80, 0x03, 0xFC, 0xFF, 0x80, 0x03, 0xFC,
  0xFF, 0x80, 0x01, 0xFE, 0xFF, 0x80, 0x01, 0xFE, 0xFF, 0x80, 0x01, 0xFE,
  0xFF, 0x80, 0x01, 0xFF, 0xFF, 0x80, 0x00, 0xFF, 0xFF, 0x80, 0x00, 0xFF,
  0x00, 0x00, 0x00, 0x00, 0x00, 0x7F, 0xFC, 0x00, 0x03, 0xFF, 0xFF, 0x00,
  0x07, 0xFF, 0xFF, 0x80, 0x0F, 0xFF, 0xFF, 0xC0, 0x1F, 0xFF, 0xFF, 0xE0,
  0x3F, 0xFF, 0xFF, 0xF0, 0x3F, 0xFF, 0xFF, 0xF0, 0x7F, 0xE0, 0x1F, 0xF8,
  0x7F, 0xC0, 0x07, 0xF8, 0x7F, 0x80, 0x07, 0xFC, 0xFF, 0x00, 0x03, 0xFC,
  0xFF, 0x00, 0x03, 0xFC, 0xFF, 0x00, 0x01, 0xFC, 0xFF, 0x00, 0x01, 0xFE,
  0xFF, 0x00, 0x01, 0xFE, 0xFF, 0x00, 0x01, 0xFE, 0xFF, 0x00, 0x00, 0xFC,
  0xFF, 0x80, 0x00, 0xC0, 0xFF, 0x80, 0x00, 0x00, 0x7F, 0xC0, 0x00, 0x00,
  0x7F, 0xE0, 0x00, 0x00, 0x7F, 0xE0, 0x00, 0x00, 0x3F, 0xF8, 0x00, 0x00,
  0x3F, 0xFC, 0x00, 0x00, 0x1F, 0xFE, 0x00, 0x00, 0x1F, 0xFF, 0x00, 0x00,
  0x0F, 0xFF, 0x80, 0x00, 0x07, 0xFF, 0xC0, 0x00, 0x03, 0xFF, 0xE0, 0x00,
  0x00, 0xFF, 0xF8, 0x00, 0x00, 0x7F, 0xFC, 0x00, 0x00, 0x3F, 0xFE, 0x00,
  0x00, 0x1F, 0xFF, 0x00, 0x00, 0x0F, 0xFF, 0x80, 0x00, 0x07, 0xFF, 0xC0,
  0x00, 0x03, 0xFF, 0xE0, 0x00, 0x00, 0xFF, 0xF0, 0x00, 0x00, 0x7F, 0xF0,
  0x00, 0x00, 0x3F, 0xF8, 0x00, 0x00, 0x1F, 0xFC, 0x00, 0x00, 0x0F, 0xFC,
  0x00, 0x00, 0x07, 0xFE, 0x00, 0x00, 0x03, 0xFE, 0x00, 0x00, 0x03, 0xFE,
  0x03, 0x00, 0x01, 0xFE, 0x3F, 0x00, 0x01, 0xFF, 0xFF, 0x00, 0x00, 0xFF,
  0xFF, 0x00, 0x00, 0xFF, 0xFF, 0x00, 0x00, 0xFF, 0xFF, 0x80, 0x00, 0xFF,
  0xFF, 0x80, 0x00, 0xFF, 0x7F, 0x80, 0x00, 0xFF, 0x7F, 0xC0, 0x00, 0xFF,
  0x7F, 0xC0, 0x01, 0xFF, 0x7F, 0xE0, 0x01, 0xFE, 0x3F, 0xF0, 0x03, 0xFE,
  0x3F, 0xF8, 0x07, 0xFE, 0x1F, 0xFF, 0xFF, 0xFC, 0x0F, 0xFF, 0xFF, 0xF8,
  0x0F, 0xFF, 0xFF, 0xF8, 0x07, 0xFF, 0xFF, 0xF0, 0x03, 0xFF, 0xFF, 0xC0,
  0x00, 0xFF, 0xFF, 0x80, 0x00, 0x3F, 0xFE, 0x00, 0x00, 0x00, 0xC0, 0x00,
  0xFF, 0xFF, 0xFF, 0xFF, 0xFF, 0xFF, 0xFF, 0xFF, 0xFF, 0xFF, 0xFF, 0xFF,
  0xFF, 0xFF, 0xFF, 0xFF, 0xFF, 0xFF, 0xFF, 0xFF, 0xFF, 0xFF, 0xF0, 0x01,
  0xFF, 0x00, 0x00, 0x07, 0xFC, 0x00, 0x00, 0x1F, 0xF0, 0x00, 0x00, 0x7F,
  0xC0, 0x00, 0x01, 0xFF, 0x00, 0x00, 0x07, 0xFC, 0x00, 0x00, 0x1F, 0xF0,
  0x00, 0x00, 0x7F, 0xC0, 0x00, 0x01, 0xFF, 0x00, 0x00, 0x07, 0xFC, 0x00,
  0x00, 0x1F, 0xF0, 0x00, 0x00, 0x7F, 0xC0, 0x00, 0x01, 0xFF, 0x00, 0x00,
  0x07, 0xFC, 0x00, 0x00, 0x1F, 0xF0, 0x00, 0x00, 0x7F, 0xC0, 0x00, 0x01,
  0xFF, 0x00, 0x00, 0x07, 0xFC, 0x00, 0x00, 0x1F, 0xF0, 0x00, 0x00, 0x7F,
  0xC0, 0x00, 0x01, 0xFF, 0x00, 0x00, 0x07, 0xFC, 0x00, 0x00, 0x1F, 0xF0,
  0x00, 0x00, 0x7F, 0xC0, 0x00, 0x01, 0xFF, 0x00, 0x00, 0x07, 0xFC, 0x00,
  0x00, 0x1F, 0xF0, 0x00, 0x00, 0x7F, 0xC0, 0x00, 0x01, 0xFF, 0x00, 0x00,
  0x07, 0xFC, 0x00, 0x00, 0x1F, 0xF0, 0x00, 0x00, 0x7F, 0xC0, 0x00, 0x01,
  0xFF, 0x00, 0x00, 0x07, 0xFC, 0x00, 0x00, 0x1F, 0xF0, 0x00, 0x00, 0x7F,
  0xC0, 0x00, 0x01, 0xFF, 0x00, 0x00, 0x07, 0xFC, 0x00, 0x00, 0x1F, 0xF0,
  0x00, 0x00, 0x7F, 0xC0, 0x00, 0x01, 0xFF, 0x00, 0x00, 0x07, 0xFC, 0x00,
  0x00, 0x1F, 0xF0, 0x00, 0x00, 0x7F, 0xC0, 0x00, 0x01, 0xFF, 0x00, 0x00,
  0x07, 0xFC, 0x00, 0x00, 0x1F, 0xF0, 0x00, 0x00, 0x7F, 0xC0, 0x00, 0x01,
  0xFF, 0x00, 0x00, 0x07, 0xFC, 0x00, 0x00, 0x1F, 0xF0, 0x00, 0x00, 0x7F,
  0xC0, 0x00, 0x01, 0xFF, 0x00, 0x00, 0x07, 0xFC, 0x00, 0x00, 0x1F, 0xF0,
  0x00, 0x00, 0x7F, 0xC0, 0x00, 0x01, 0xFF, 0x00, 0x00, 0x07, 0xFC, 0x00,
  0xFF, 0x00, 0x00, 0x3F, 0xFF, 0xC0, 0x00, 0x0F, 0xFF, 0xF0, 0x00, 0x03,
  0xFF, 0xFC, 0x00, 0x00, 0xFF, 0xFF, 0x00, 0x00, 0x3F, 0xFF, 0xC0, 0x00,
  0x0F, 0xFF, 0xF0, 0x00, 0x03, 0xFF, 0xFC, 0x00, 0x00, 0xFF, 0xFF, 0x00,
  0x00, 0x3F, 0xFF, 0xC0, 0x00, 0x0F, 0xFF, 0xF0, 0x00, 0x03, 0xFF, 0xFC,
  0x00, 0x00, 0xFF, 0xFF, 0x00, 0x00, 0x3F, 0xFF, 0xC0, 0x00, 0x0F, 0xFF,
  0xF0, 0x00, 0x03, 0xFF, 0xFC, 0x00, 0x00, 0xFF, 0xFF, 0x00, 0x00, 0x3F,
  0xFF, 0xC0, 0x00, 0x0F, 0xFF, 0xF0, 0x00, 0x03, 0xFF, 0xFC, 0x00, 0x00,
  0xFF, 0xFF, 0x00, 0x00, 0x3F, 0xFF, 0xC0, 0x00, 0x0F, 0xFF, 0xF0, 0x00,
  0x03, 0xFF, 0xFC, 0x00, 0x00, 0xFF, 0xFF, 0x00, 0x00, 0x3F, 0xFF, 0xC0,
  0x00, 0x0F, 0xFF, 0xF0, 0x00, 0x03, 0xFF, 0xFC, 0x00, 0x00, 0xFF, 0xFF,
  0x00, 0x00, 0x3F, 0xFF, 0xC0, 0x00, 0x0F, 0xFF, 0xF0, 0x00, 0x03, 0xFF,
  0xFC, 0x00, 0x00, 0xFF, 0xFF, 0x00, 0x00, 0x3F, 0xFF, 0xC0, 0x00, 0x0F,
  0xFF, 0xF0, 0x00, 0x03, 0xFF, 0xFC, 0x00, 0x00, 0xFF, 0xFF, 0x00, 0x00,
  0x3F, 0xFF, 0xC0, 0x00, 0x0F, 0xFF, 0xF0, 0x00, 0x03, 0xFF, 0xFC, 0x00,
  0x00, 0xFF, 0xFF, 0x00, 0x00, 0x3F, 0xFF, 0xC0, 0x00, 0x0F, 0xFF, 0xF0,
  0x00, 0x03, 0xFF, 0xFC, 0x00, 0x00, 0xFF, 0xFF, 0x00, 0x00, 0x3F, 0xFF,
  0xC0, 0x00, 0x0F, 0xFF, 0xF0, 0x00, 0x03, 0xFF, 0xFC, 0x00, 0x00, 0xFF,
  0xFF, 0x00, 0x00, 0x3F, 0xFF, 0xC0, 0x00, 0x0F, 0xF7, 0xF8, 0x00, 0x07,
  0xF9, 0xFE, 0x00, 0x01, 0xFE, 0x7F, 0x80, 0x00, 0x7F, 0x9F, 0xF0, 0x00,
  0x3F, 0xE7, 0xFC, 0x00, 0x0F, 0xF8, 0xFF, 0x80, 0x07, 0xFC, 0x3F, 0xF0,
  0x03, 0xFF, 0x07, 0xFF, 0xFF, 0xFF, 0x81, 0xFF, 0xFF, 0xFF, 0xE0, 0x3F,
  0xFF, 0xFF, 0xF0, 0x07, 0xFF, 0xFF, 0xF8, 0x00, 0xFF, 0xFF, 0xFC, 0x00,
  0x1F, 0xFF, 0xFC, 0x00, 0x00, 0xFF, 0xFC, 0x00, 0x00, 0x00, 0xC0, 0x00,
  0x00, 0xFF, 0x00, 0x00, 0x0F, 0xFF, 0xF0, 0x00, 0x01, 0xFE, 0xFF, 0x80,
  0x00, 0x1F, 0xE7, 0xF8, 0x00, 0x01, 0xFE, 0x7F, 0x80, 0x00, 0x1F, 0xE7,
  0xF8, 0x00, 0x01, 0xFE, 0x7F, 0x80, 0x00, 0x3F, 0xC7, 0xFC, 0x00, 0x03,
  0xFC, 0x3F, 0xC0, 0x00, 0x3F, 0xC3, 0xFC, 0x00, 0x03, 0xFC, 0x3F, 0xC0,
  0x00, 0x3F, 0x83, 0xFE, 0x00, 0x07, 0xF8, 0x1F, 0xE0, 0x00, 0x7F, 0x81,
  0xFE, 0x00, 0x07, 0xF8, 0x1F, 0xE0, 0x00, 0x7F, 0x81, 0xFE, 0x00, 0x07,
  0xF0, 0x1F, 0xF0, 0x00, 0xFF, 0x00, 0xFF, 0x00, 0x0F, 0xF0, 0x0F, 0xF0,
  0x00, 0xFF, 0x00, 0xFF, 0x00, 0x0F, 0xE0, 0x0F, 0xF0, 0x00, 0xFE, 0x00,
  0x7F, 0x80, 0x1F, 0xE0, 0x07, 0xF8, 0x01, 0xFE, 0x00, 0x7F, 0x80, 0x1F,
  0xE0, 0x07, 0xF8, 0x01, 0xFC, 0x00, 0x7F, 0xC0, 0x1F, 0xC0, 0x03, 0xFC,
  0x03, 0xFC, 0x00, 0x3F, 0xC0, 0x3F, 0xC0, 0x03, 0xFC, 0x03, 0xFC, 0x00,
  0x3F, 0xC0, 0x3F, 0x80, 0x01, 0xFE, 0x07, 0xF8, 0x00, 0x1F, 0xE0, 0x7F,
  0x80, 0x01, 0xFE, 0x07, 0xF8, 0x00, 0x1F, 0xE0, 0x7F, 0x00, 0x01, 0xFE,
  0x07, 0xF0, 0x00, 0x0F, 0xF0, 0xFF, 0x00, 0x00, 0xFF, 0x0F, 0xF0, 0x00,
  0x0F, 0xF0, 0xFF, 0x00, 0x00, 0xFF, 0x0F, 0xE0, 0x00, 0x07, 0xF0, 0xFE,
  0x00, 0x00, 0x7F, 0x9F, 0xE0, 0x00, 0x07, 0xF9, 0xFE, 0x00, 0x00, 0x7F,
  0x9F, 0xC0, 0x00, 0x07, 0xF9, 0xFC, 0x00, 0x00, 0x3F, 0xDF, 0xC0, 0x00,
  0x03, 0xFF, 0xFC, 0x00, 0x00, 0x3F, 0xFF, 0xC0, 0x00, 0x03, 0xFF, 0xF8,
  0x00, 0x00, 0x1F, 0xFF, 0x80, 0x00, 0x01, 0xFF, 0xF8, 0x00, 0x00, 0x1F,
  0xFF, 0x80, 0x00, 0x01, 0xFF, 0xF0, 0x00, 0x00, 0x1F, 0xFF, 0x00, 0x00,
  0x00, 0xFF, 0xF0, 0x00, 0x00, 0x0F, 0xFF, 0x00, 0x00, 0x00, 0xFF, 0xF0,
  0x00, 0x00, 0x0F, 0xFE, 0x00, 0x00, 0x00, 0x7F, 0xE0, 0x00, 0x00, 0x07,
  0xFE, 0x00, 0x00, 0x00, 0x7F, 0xE0, 0x00, 0x00, 0x07, 0xFE, 0x00, 0x00,
  0x00, 0x7F, 0xC0, 0x00, 0x00, 0x03, 0xFC, 0x00, 0x00, 0x00, 0x3F, 0xC0,
  0x00, 0xFE, 0x00, 0x03, 0xF8, 0x00, 0x0F, 0xFF, 0xC0, 0x00, 0x7F, 0x00,
  0x01, 0xFF, 0xFC, 0x00, 0x0F, 0xE0, 0x00, 0x3F, 0xFF, 0x80, 0x01, 0xFC,
  0x00, 0x07, 0xF7, 0xF0, 0x00, 0x3F, 0xC0, 0x01, 0xFE, 0xFE, 0x00, 0x0F,
  0xF8, 0x00, 0x3F, 0x9F, 0xC0, 0x01, 0xFF, 0x00, 0x07, 0xF3, 0xF8, 0x00,
  0x3F, 0xE0, 0x00, 0xFE, 0x7F, 0x00, 0x07, 0xFC, 0x00, 0x1F, 0xCF, 0xF0,
  0x00, 0xFF, 0xC0, 0x03, 0xF8, 0xFE, 0x00, 0x1F, 0xF8, 0x00, 0x7F, 0x1F,
  0xC0, 0x07, 0xFF, 0x00, 0x1F, 0xC3, 0xF8, 0x00, 0xFF, 0xE0, 0x03, 0xF8,
  0x7F, 0x00, 0x1F, 0xFC, 0x00, 0x7F, 0x0F, 0xE0, 0x03, 0xFF, 0xC0, 0x0F,
  0xE1, 0xFC, 0x00, 0x7F, 0xF8, 0x01, 0xFC, 0x3F, 0xC0, 0x1F, 0xFF, 0x00,
  0x3F, 0x83, 0xF8, 0x03, 0xFF, 0xE0, 0x07, 0xF0, 0x7F, 0x00, 0x7E, 0xFC,
  0x01, 0xFC, 0x0F, 0xE0, 0x0F, 0xDF, 0x80, 0x3F, 0x81, 0xFC, 0x01, 0xF9,
  0xF8, 0x07, 0xF0, 0x3F, 0x80, 0x3F, 0x3F, 0x00, 0xFE, 0x07, 0xF8, 0x0F,
  0xE7, 0xE0, 0x1F, 0xC0, 0x7F, 0x01, 0xFC, 0xFC, 0x03, 0xF8, 0x0F, 0xE0,
  0x3F, 0x1F, 0x80, 0x7E, 0x01, 0xFC, 0x07, 0xE1, 0xF8, 0x1F, 0xC0, 0x3F,
  0x80, 0xFC, 0x3F, 0x03, 0xF8, 0x07, 0xF0, 0x3F, 0x87, 0xE0, 0x7F, 0x00,
  0xFE, 0x07, 0xF0, 0xFC, 0x0F, 0xE0, 0x0F, 0xE0, 0xFC, 0x1F, 0x81, 0xFC,
  0x01, 0xFC, 0x1F, 0x83, 0xF0, 0x3F, 0x00, 0x3F, 0x83, 0xF0, 0x3F, 0x07,
  0xE0, 0x07, 0xF0, 0xFE, 0x07, 0xE1, 0xFC, 0x00, 0xFE, 0x1F, 0xC0, 0xFC,
  0x3F, 0x80, 0x1F, 0xC3, 0xF0, 0x1F, 0x87, 0xF0, 0x01, 0xF8, 0x7E, 0x03,
  0xF0, 0xFE, 0x00, 0x3F, 0x8F, 0xC0, 0x3F, 0x1F, 0x80, 0x07, 0xF1, 0xF8,
  0x07, 0xE3, 0xF0, 0x00, 0xFE, 0x7F, 0x00, 0xFC, 0x7E, 0x00, 0x1F, 0xCF,
  0xE0, 0x1F, 0x9F, 0xC0, 0x03, 0xF9, 0xF8, 0x03, 0xF3, 0xF8, 0x00, 0x3F,
  0x3F, 0x00, 0x7F, 0x7F, 0x00, 0x07, 0xE7, 0xE0, 0x07, 0xEF, 0xE0, 0x00,
  0xFF, 0xFC, 0x00, 0xFD, 0xF8, 0x00, 0x1F, 0xFF, 0x80, 0x1F, 0xBF, 0x00,
  0x03, 0xFF, 0xE0, 0x03, 0xF7, 0xE0, 0x00, 0x7F, 0xFC, 0x00, 0x7F, 0xFC,
  0x00, 0x0F, 0xFF, 0x80, 0x07, 0xFF, 0x80, 0x00, 0xFF, 0xF0, 0x00, 0xFF,
  0xF0, 0x00, 0x1F, 0xFE, 0x00, 0x1F, 0xFC, 0x00, 0x03, 0xFF, 0x80, 0x03,
  0xFF, 0x80, 0x00, 0x7F, 0xF0, 0x00, 0x7F, 0xF0, 0x00, 0x0F, 0xFE, 0x00,
  0x07, 0xFE, 0x00, 0x01, 0xFF, 0xC0, 0x00, 0xFF, 0xC0, 0x00, 0x1F, 0xF8,
  0x00, 0x1F, 0xF8, 0x00, 0x03, 0xFF, 0x00, 0x03, 0xFE, 0x00, 0x00, 0x7F,
  0xC0, 0x00, 0x7F, 0xC0, 0x00, 0x0F, 0xF8, 0x00, 0x0F, 0xF8, 0x00, 0x01,
  0xFF, 0x00, 0x00, 0xFF, 0x00, 0x00, 0x3F, 0xE0, 0x00, 0x1F, 0xE0, 0x00,
  0x03, 0xFC, 0x00, 0x03, 0xFC, 0x00, 0x00, 0x7F, 0x00, 0x00, 0x7F, 0x80,
  0x00, 0x0F, 0xE0, 0x00, 0x0F, 0xE0, 0x00, 0x01, 0xFC, 0x00, 0x00, 0xFC,
  0x00, 0xFF, 0x80, 0x00, 0x1F, 0xE7, 0xF8, 0x00, 0x03, 0xFC, 0x7F, 0xC0,
  0x00, 0x3F, 0xC3, 0xFC, 0x00, 0x03, 0xFC, 0x3F, 0xC0, 0x00, 0x7F, 0x81,
  0xFE, 0x00, 0x07, 0xF8, 0x1F, 0xE0, 0x00, 0xFF, 0x01, 0xFF, 0x00, 0x0F,
  0xF0, 0x0F, 0xF0, 0x00, 0xFE, 0x00, 0xFF, 0x80, 0x1F, 0xE0, 0x07, 0xF8,
  0x01, 0xFE, 0x00, 0x7F, 0x80, 0x3F, 0xC0, 0x03, 0xFC, 0x03, 0xFC, 0x00,
  0x3F, 0xC0, 0x3F, 0x80, 0x03, 0xFE, 0x07, 0xF8, 0x00, 0x1F, 0xE0, 0x7F,
  0x80, 0x01, 0xFF, 0x0F, 0xF0, 0x00, 0x0F, 0xF0, 0xFF, 0x00, 0x00, 0xFF,
  0x0F, 0xE0, 0x00, 0x07, 0xF9, 0xFE, 0x00, 0x00, 0x7F, 0x9F, 0xC0, 0x00,
  0x07, 0xFD, 0xFC, 0x00, 0x00, 0x3F, 0xFF, 0xC0, 0x00, 0x03, 0xFF, 0xF8,
  0x00, 0x00, 0x1F, 0xFF, 0x80, 0x00, 0x01, 0xFF, 0xF0, 0x00, 0x00, 0x0F,
  0xFF, 0x00, 0x00, 0x00, 0xFF, 0xE0, 0x00, 0x00, 0x0F, 0xFE, 0x00, 0x00,
  0x00, 0x7F, 0xE0, 0x00, 0x00, 0x07, 0xFC, 0x00, 0x00, 0x00, 0x7F, 0xC0,
  0x00, 0x00, 0x0F, 0xFC, 0x00, 0x00, 0x00, 0xFF, 0xE0, 0x00, 0x00, 0x0F,
  0xFE, 0x00, 0x00, 0x01, 0xFF, 0xF0, 0x00, 0x00, 0x1F, 0xFF, 0x00, 0x00,
  0x03, 0xFF, 0xF0, 0x00, 0x00, 0x3F, 0xFF, 0x80, 0x00, 0x03, 0xFF, 0xF8,
  0x00, 0x00, 0x7F, 0xFF, 0xC0, 0x00, 0x07, 0xFB, 0xFC, 0x00, 0x00, 0xFF,
  0x3F, 0xE0, 0x00, 0x0F, 0xF1, 0xFE, 0x00, 0x00, 0xFE, 0x1F, 0xE0, 0x00,
  0x1F, 0xE0, 0xFF, 0x00, 0x01, 0xFE, 0x0F, 0xF0, 0x00, 0x1F, 0xC0, 0xFF,
  0x80, 0x03, 0xFC, 0x07, 0xF8, 0x00, 0x3F, 0xC0, 0x7F, 0xC0, 0x07, 0xF8,
  0x03, 0xFC, 0x00, 0x7F, 0x80, 0x3F, 0xC0, 0x07, 0xF8, 0x01, 0xFE, 0x00,
  0xFF, 0x00, 0x1F, 0xE0, 0x0F, 0xF0, 0x01, 0xFF, 0x01, 0xFE, 0x00, 0x0F,
  0xF0, 0x1F, 0xE0, 0x00, 0xFF, 0x81, 0xFE, 0x00, 0x07, 0xF8, 0x3F, 0xC0,
  0x00, 0x7F, 0x83, 0xFC, 0x00, 0x03, 0xFC, 0x7F, 0xC0, 0x00, 0x3F, 0xC7,
  0xF8, 0x00, 0x03, 0xFE, 0x7F, 0x80, 0x00, 0x1F, 0xEF, 0xF0, 0x00, 0x01,
  0xFF, 0xFF, 0x80, 0x00, 0x1F, 0xE7, 0xF8, 0x00, 0x01, 0xFE, 0x7F, 0x80,
  0x00, 0x1F, 0xE7, 0xFC, 0x00, 0x03, 0xFC, 0x3F, 0xC0, 0x00, 0x3F, 0xC3,
  0xFC, 0x00, 0x03, 0xFC, 0x3F, 0xE0, 0x00, 0x7F, 0xC1, 0xFE, 0x00, 0x07,
  0xF8, 0x1F, 0xE0, 0x00, 0x7F, 0x81, 0xFE, 0x00, 0x0F, 0xF8, 0x0F, 0xF0,
  0x00, 0xFF, 0x00, 0xFF, 0x00, 0x0F, 0xF0, 0x0F, 0xF0, 0x00, 0xFF, 0x00,
  0x7F, 0x80, 0x1F, 0xE0, 0x07, 0xF8, 0x01, 0xFE, 0x00, 0x7F, 0x80, 0x1F,
  0xE0, 0x03, 0xFC, 0x03, 0xFC, 0x00, 0x3F, 0xC0, 0x3F, 0xC0, 0x03, 0xFC,
  0x03, 0xFC, 0x00, 0x1F, 0xE0, 0x7F, 0x80, 0x01, 0xFE, 0x07, 0xF8, 0x00,
  0x1F, 0xE0, 0x7F, 0x80, 0x00, 0xFE, 0x07, 0xF0, 0x00, 0x0F, 0xF0, 0xFF,
  0x00, 0x00, 0xFF, 0x0F, 0xF0, 0x00, 0x07, 0xF0, 0xFE, 0x00, 0x00, 0x7F,
  0x9F, 0xE0, 0x00, 0x07, 0xF9, 0xFE, 0x00, 0x00, 0x3F, 0x9F, 0xC0, 0x00,
  0x03, 0xFF, 0xFC, 0x00, 0x00, 0x3F, 0xFF, 0xC0, 0x00, 0x01, 0xFF, 0xF8,
  0x00, 0x00, 0x1F, 0xFF, 0x80, 0x00, 0x01, 0xFF, 0xF8, 0x00, 0x00, 0x0F,
  0xFF, 0x00, 0x00, 0x00, 0xFF, 0xF0, 0x00, 0x00, 0x0F, 0xFF, 0x00, 0x00,
  0x00, 0x7F, 0xE0, 0x00, 0x00, 0x07, 0xFE, 0x00, 0x00, 0x00, 0x7F, 0xE0,
  0x00, 0x00, 0x03, 0xFC, 0x00, 0x00, 0x00, 0x3F, 0xC0, 0x00, 0x00, 0x03,
  0xFC, 0x00, 0x00, 0x00, 0x3F, 0xC0, 0x00, 0x00, 0x03, 0xFC, 0x00, 0x00,
  0x00, 0x3F, 0xC0, 0x00, 0x00, 0x03, 0xFC, 0x00, 0x00, 0x00, 0x3F, 0xC0,
  0x00, 0x00, 0x03, 0xFC, 0x00, 0x00, 0x00, 0x3F, 0xC0, 0x00, 0x00, 0x03,
  0xFC, 0x00, 0x00, 0x00, 0x3F, 0xC0, 0x00, 0x00, 0x03, 0xFC, 0x00, 0x00,
  0x00, 0x3F, 0xC0, 0x00, 0x00, 0x03, 0xFC, 0x00, 0x00, 0x00, 0x3F, 0xC0,
  0x00, 0x00, 0x03, 0xFC, 0x00, 0x00, 0x00, 0x3F, 0xC0, 0x00, 0x00, 0x03,
  0xFC, 0x00, 0x00, 0x00, 0x3F, 0xC0, 0x00, 0x00, 0x03, 0xFC, 0x00, 0x00,
  0x00, 0x3F, 0xC0, 0x00, 0x00, 0x03, 0xFC, 0x00, 0x00, 0x00, 0x3F, 0xC0,
  0x00, 0x7F, 0xFF, 0xFF, 0xF7, 0xFF, 0xFF, 0xFF, 0x7F, 0xFF, 0xFF, 0xF7,
  0xFF, 0xFF, 0xFF, 0x7F, 0xFF, 0xFF, 0xF7, 0xFF, 0xFF, 0xFE, 0x00, 0x00,
  0x3F, 0xE0, 0x00, 0x03, 0xFE, 0x00, 0x00, 0x3F, 0xC0, 0x00, 0x07, 0xFC,
  0x00, 0x00, 0x7F, 0xC0, 0x00, 0x07, 0xF8, 0x00, 0x00, 0xFF, 0x80, 0x00,
  0x0F, 0xF0, 0x00, 0x01, 0xFF, 0x00, 0x00, 0x1F, 0xF0, 0x00, 0x01, 0xFE,
  0x00, 0x00, 0x3F, 0xE0, 0x00, 0x03, 0xFE, 0x00, 0x00, 0x3F, 0xC0, 0x00,
  0x07, 0xFC, 0x00, 0x00, 0x7F, 0xC0, 0x00, 0x07, 0xF8, 0x00, 0x00, 0xFF,
  0x80, 0x00, 0x0F, 0xF0, 0x00, 0x00, 0xFF, 0x00, 0x00, 0x1F, 0xF0, 0x00,
  0x01, 0xFE, 0x00, 0x00, 0x1F, 0xE0, 0x00, 0x03, 0xFE, 0x00, 0x00, 0x3F,
  0xC0, 0x00, 0x07, 0xFC, 0x00, 0x00, 0x7F, 0xC0, 0x00, 0x07, 0xF8, 0x00,
  0x00, 0xFF, 0x80, 0x00, 0x0F, 0xF0, 0x00, 0x00, 0xFF, 0x00, 0x00, 0x1F,
  0xF0, 0x00, 0x01, 0xFE, 0x00, 0x00, 0x1F, 0xE0, 0x00, 0x03, 0xFE, 0x00,
  0x00, 0x3F, 0xC0, 0x00, 0x03, 0xFC, 0x00, 0x00, 0x7F, 0xC0, 0x00, 0x07,
  0xF8, 0x00, 0x00, 0xFF, 0x80, 0x00, 0x0F, 0xF0, 0x00, 0x00, 0xFF, 0x00,
  0x00, 0x1F, 0xF0, 0x00, 0x01, 0xFE, 0x00, 0x00, 0x1F, 0xE0, 0x00, 0x03,
  0xFE, 0x00, 0x00, 0x3F, 0xC0, 0x00, 0x03, 0xFC, 0x00, 0x00, 0x7F, 0xC0,
  0x00, 0x07, 0xF8, 0x00, 0x00, 0x7F, 0x80, 0x00, 0x0F, 0xF0, 0x00, 0x00,
  0xFF, 0xFF, 0xFF, 0xFF, 0xFF, 0xFF, 0xFF, 0xFF, 0xFF, 0xFF, 0xFF, 0xFF,
  0xFF, 0xFF, 0xFF, 0xFF, 0xFF, 0xFF, 0xFF, 0xFF, 0xFF, 0xFF, 0xFF, 0xFF,
  0xFF, 0xFF, 0xFF, 0xFF, 0xFF, 0xFF, 0xF0, 0x07, 0xF8, 0x03, 0xFC, 0x01,
  0xFE, 0x00, 0xFF, 0x00, 0x7F, 0x80, 0x3F, 0xC0, 0x1F, 0xE0, 0x0F, 0xF0,
  0x07, 0xF8, 0x03, 0xFC, 0x01, 0xFE, 0x00, 0xFF, 0x00, 0x7F, 0x80, 0x3F,
  0xC0, 0x1F, 0xE0, 0x0F, 0xF0, 0x07, 0xF8, 0x03, 0xFC, 0x01, 0xFE, 0x00,
  0xFF, 0x00, 0x7F, 0x80, 0x3F, 0xC0, 0x1F, 0xE0, 0x0F, 0xF0, 0x07, 0xF8,
  0x03, 0xFC, 0x01, 0xFE, 0x00, 0xFF, 0x00, 0x7F, 0x80, 0x3F, 0xC0, 0x1F,
  0xE0, 0x0F, 0xF0, 0x07, 0xF8, 0x03, 0xFC, 0x01, 0xFE, 0x00, 0xFF, 0x00,
  0x7F, 0x80, 0x3F, 0xC0, 0x1F, 0xE0, 0x0F, 0xF0, 0x07, 0xF8, 0x03, 0xFC,
  0x01, 0xFE, 0x00, 0xFF, 0x00, 0x7F, 0x80, 0x3F, 0xC0, 0x1F, 0xE0, 0x0F,
  0xF0, 0x07, 0xF8, 0x03, 0xFC, 0x01, 0xFE, 0x00, 0xFF, 0x00, 0x7F, 0x80,
  0x3F, 0xC0, 0x1F, 0xE0, 0x0F, 0xF0, 0x07, 0xF8, 0x03, 0xFC, 0x01, 0xFE,
  0x00, 0xFF, 0x00, 0x7F, 0x80, 0x3F, 0xC0, 0x1F, 0xE0, 0x0F, 0xF0, 0x07,
  0xF8, 0x03, 0xFC, 0x01, 0xFE, 0x00, 0xFF, 0x00, 0x7F, 0x80, 0x3F, 0xFF,
  0xFF, 0xFF, 0xFF, 0xFF, 0xFF, 0xFF, 0xFC, 0xFF, 0x00, 0x00, 0x3F, 0x80,
  0x00, 0x1F, 0xC0, 0x00, 0x0F, 0xE0, 0x00, 0x07, 0xF8, 0x00, 0x01, 0xFC,
  0x00, 0x00, 0xFE, 0x00, 0x00, 0x7F, 0x00, 0x00, 0x1F, 0xC0, 0x00, 0x0F,
  0xE0, 0x00, 0x07, 0xF0, 0x00, 0x03, 0xFC, 0x00, 0x00, 0xFE, 0x00, 0x00,
  0x7F, 0x00, 0x00, 0x3F, 0x80, 0x00, 0x1F, 0xE0, 0x00, 0x07, 0xF0, 0x00,
  0x03, 0xF8, 0x00, 0x01, 0xFC, 0x00, 0x00, 0xFF, 0x00, 0x00, 0x3F, 0x80,
  0x00, 0x1F, 0xC0, 0x00, 0x0F, 0xF0, 0x00, 0x03, 0xF8, 0x00, 0x01, 0xFC,
  0x00, 0x00, 0xFE, 0x00, 0x00, 0x7F, 0x80, 0x00, 0x1F, 0xC0, 0x00, 0x0F,
  0xE0, 0x00, 0x07, 0xF0, 0x00, 0x03, 0xFC, 0x00, 0x00, 0xFE, 0x00, 0x00,
  0x7F, 0x00, 0x00, 0x3F, 0x80, 0x00, 0x1F, 0xE0, 0x00, 0x07, 0xF0, 0x00,
  0x03, 0xF8, 0x00, 0x01, 0xFE, 0x00, 0x00, 0x7F, 0x00, 0x00, 0x3F, 0x80,
  0x00, 0x1F, 0xC0, 0x00, 0x0F, 0xF0, 0x00, 0x03, 0xF8, 0x00, 0x01, 0xFC,
  0x00, 0x00, 0xFE, 0x00, 0x00, 0x7F, 0x80, 0x00, 0x1F, 0xC0, 0x00, 0x0F,
  0xE0, 0x00, 0x07, 0xF0, 0x00, 0x03, 0xFC, 0x00, 0x00, 0xFE, 0x00, 0x00,
  0x7F, 0x00, 0x00, 0x3F, 0xC0, 0x00, 0x0F, 0xE0, 0x00, 0x07, 0xF0, 0x00,
  0x03, 0xF8, 0x00, 0x01, 0xFE, 0x00, 0x00, 0x7F, 0x00, 0x00, 0x3F, 0x80,
  0x00, 0x1F, 0xC0, 0x00, 0x0F, 0xF0, 0x00, 0x03, 0xF8, 0x00, 0x01, 0xFC,
  0x00, 0x00, 0xFE, 0xFF, 0xFF, 0xFF, 0xFF, 0xFF, 0xFF, 0xFF, 0xFF, 0xF0,
  0x07, 0xF8, 0x03, 0xFC, 0x01, 0xFE, 0x00, 0xFF, 0x00, 0x7F, 0x80, 0x3F,
  0xC0, 0x1F, 0xE0, 0x0F, 0xF0, 0x07, 0xF8, 0x03, 0xFC, 0x01, 0xFE, 0x00,
  0xFF, 0x00, 0x7F, 0x80, 0x3F, 0xC0, 0x1F, 0xE0, 0x0F, 0xF0, 0x07, 0xF8,
  0x03, 0xFC, 0x01, 0xFE, 0x00, 0xFF, 0x00, 0x7F, 0x80, 0x3F, 0xC0, 0x1F,
  0xE0, 0x0F, 0xF0, 0x07, 0xF8, 0x03, 0xFC, 0x01, 0xFE, 0x00, 0xFF, 0x00,
  0x7F, 0x80, 0x3F, 0xC0, 0x1F, 0xE0, 0x0F, 0xF0, 0x07, 0xF8, 0x03, 0xFC,
  0x01, 0xFE, 0x00, 0xFF, 0x00, 0x7F, 0x80, 0x3F, 0xC0, 0x1F, 0xE0, 0x0F,
  0xF0, 0x07, 0xF8, 0x03, 0xFC, 0x01, 0xFE, 0x00, 0xFF, 0x00, 0x7F, 0x80,
  0x3F, 0xC0, 0x1F, 0xE0, 0x0F, 0xF0, 0x07, 0xF8, 0x03, 0xFC, 0x01, 0xFE,
  0x00, 0xFF, 0x00, 0x7F, 0x80, 0x3F, 0xC0, 0x1F, 0xE0, 0x0F, 0xF0, 0x07,
  0xF8, 0x03, 0xFC, 0x01, 0xFE, 0x00, 0xFF, 0x00, 0x7F, 0x80, 0x3F, 0xC0,
  0x1F, 0xE0, 0x0F, 0xF0, 0x07, 0xF8, 0x03, 0xFC, 0x01, 0xFE, 0x00, 0xFF,
  0x00, 0x7F, 0xFF, 0xFF, 0xFF, 0xFF, 0xFF, 0xFF, 0xFF, 0xFF, 0xF8, 0x00,
  0x3F, 0xE0, 0x00, 0x01, 0xFF, 0x00, 0x00, 0x1F, 0xF8, 0x00, 0x00, 0xFF,
  0xE0, 0x00, 0x0F, 0xFF, 0x00, 0x00, 0x7F, 0xFC, 0x00, 0x03, 0xFF, 0xE0,
  0x00, 0x3F, 0xBF, 0x80, 0x01, 0xFD, 0xFC, 0x00, 0x1F, 0xCF, 0xE0, 0x00,
  0xFE, 0x3F, 0x80, 0x07, 0xF1, 0xFC, 0x00, 0x7F, 0x0F, 0xF0, 0x03, 0xF8,
  0x3F, 0x80, 0x3F, 0xC1, 0xFC, 0x01, 0xFC, 0x0F, 0xF0, 0x0F, 0xE0, 0x3F,
  0x80, 0xFF, 0x01, 0xFE, 0x07, 0xF0, 0x0F, 0xF0, 0x7F, 0x80, 0x3F, 0x83,
  0xFC, 0x01, 0xFE, 0x3F, 0xC0, 0x07, 0xF1, 0xFE, 0x00, 0x3F, 0xCF, 0xE0,
  0x01, 0xFE, 0xFF, 0x00, 0x07, 0xF7, 0xF8, 0x00, 0x3F, 0xC0, 0xFF, 0xFF,
  0xFF, 0xFF, 0xFF, 0xFF, 0xFF, 0xFF, 0xFF, 0xFF, 0xFF, 0xFF, 0xFF, 0xFF,
  0xFF, 0xFF, 0xFF, 0xFF, 0xFF, 0xFF, 0xC0, 0xFF, 0x83, 0xFC, 0x0F, 0xE0,
  0x7F, 0x81, 0xFC, 0x0F, 0xE0, 0x3F, 0x81, 0xFC, 0x07, 0xE0, 0x3F, 0x00,
  0xFC, 0x03, 0xE0, 0x1F, 0x00, 0x7C, 0x03, 0xE0, 0x0F, 0x00, 0x04, 0x00,
  0x00, 0x3F, 0xFE, 0x00, 0x1F, 0xFF, 0xE0, 0x07, 0xFF, 0xFF, 0x01, 0xFF,
  0xFF, 0xE0, 0x7F, 0xFF, 0xFE, 0x0F, 0xFF, 0xFF, 0xE3, 0xFE, 0x07, 0xFC,
  0x7F, 0x80, 0x7F, 0x8F, 0xE0, 0x0F, 0xFB, 0xFC, 0x00, 0xFF, 0x7F, 0x80,
  0x1F, 0xEF, 0xF0, 0x03, 0xFD, 0xFE, 0x00, 0x7F, 0xBF, 0xC0, 0x0F, 0xF0,
  0x00, 0x01, 0xFE, 0x00, 0x00, 0x3F, 0xC0, 0x00, 0x07, 0xF8, 0x00, 0x03,
  0xFF, 0x00, 0x01, 0xFF, 0xE0, 0x00, 0xFF, 0xFC, 0x00, 0xFF, 0xFF, 0x80,
  0x3F, 0xFF, 0xF0, 0x1F, 0xFD, 0xFE, 0x07, 0xFE, 0x3F, 0xC1, 0xFF, 0x07,
  0xF8, 0x7F, 0xC0, 0xFF, 0x1F, 0xF0, 0x1F, 0xE3, 0xFC, 0x03, 0xFC, 0xFF,
  0x00, 0x7F, 0x9F, 0xE0, 0x0F, 0xF7, 0xF8, 0x01, 0xFE, 0xFF, 0x00, 0x3F,
  0xDF, 0xE0, 0x07, 0xFB, 0xFC, 0x00, 0xFF, 0x7F, 0x80, 0x1F, 0xEF, 0xF0,
  0x07, 0xFD, 0xFF, 0x01, 0xFF, 0xBF, 0xF0, 0x7F, 0xF7, 0xFF, 0xFF, 0xFE,
  0x7F, 0xFF, 0xFF, 0xCF, 0xFF, 0xFB, 0xF8, 0xFF, 0xFE, 0x7F, 0x0F, 0xFF,
  0x8F, 0xE0, 0xFF, 0xE1, 0xFE, 0x0F, 0xF8, 0x3F, 0xC0, 0x10, 0x00, 0x00,
  0xFF, 0x00, 0x00, 0x1F, 0xE0, 0x00, 0x03, 0xFC, 0x00, 0x00, 0x7F, 0x80,
  0x00, 0x0F, 0xF0, 0x00, 0x01, 0xFE, 0x00, 0x00, 0x3F, 0xC0, 0x00, 0x07,
  0xF8, 0x00, 0x00, 0xFF, 0x00, 0x00, 0x1F, 0xE0, 0x00, 0x03, 0xFC, 0x00,
  0x00, 0x7F, 0x80, 0x00, 0x0F, 0xF0, 0x00, 0x01, 0xFE, 0x00, 0x00, 0x3F,
  0xC0, 0x00, 0x07, 0xF8, 0x00, 0x00, 0xFF, 0x00, 0x00, 0x1F, 0xE0, 0x00,
  0x03, 0xFC, 0x02, 0x00, 0x7F, 0x87, 0xFC, 0x0F, 0xF3, 0xFF, 0xC1, 0xFE,
  0xFF, 0xFC, 0x3F, 0xFF, 0xFF, 0xC7, 0xFF, 0xFF, 0xFC, 0xFF, 0xFF, 0xFF,
  0x9F, 0xF8, 0x0F, 0xFB, 0xFC, 0x00, 0xFF, 0x7F, 0x80, 0x1F, 0xEF, 0xF0,
  0x03, 0xFD, 0xFE, 0x00, 0x3F, 0xFF, 0xC0, 0x07, 0xFF, 0xF8, 0x00, 0xFF,
  0xFF, 0x00, 0x1F, 0xFF, 0xE0, 0x03, 0xFF, 0xFC, 0x00, 0x7F, 0xFF, 0x80,
  0x0F, 0xFF, 0xF0, 0x01, 0xFF, 0xFE, 0x00, 0x3F, 0xFF, 0xC0, 0x07, 0xFF,
  0xF8, 0x00, 0xFF, 0xFF, 0x00, 0x1F, 0xFF, 0xE0, 0x03, 0xFF, 0xFC, 0x00,
  0x7F, 0xFF, 0x80, 0x0F, 0xFF, 0xF0, 0x01, 0xFF, 0xFE, 0x00, 0x3F, 0xFF,
  0xC0, 0x07, 0xFF, 0xF8, 0x00, 0xFF, 0xFF, 0x00, 0x1F, 0xFF, 0xE0, 0x03,
  0xFF, 0xFC, 0x00, 0x7F, 0xFF, 0x80, 0x0F, 0xFF, 0xF0, 0x01, 0xFF, 0xFE,
  0x00, 0x3F, 0xBF, 0xC0, 0x0F, 0xF7, 0xF8, 0x01, 0xFE, 0xFF, 0x00, 0x3F,
  0xDF, 0xF8, 0x0F, 0xF3, 0xFF, 0xFF, 0xFE, 0x7F, 0xFF, 0xFF, 0x8F, 0xFF,
  0xFF, 0xF1, 0xFE, 0xFF, 0xFC, 0x3F, 0xCF, 0xFF, 0x07, 0xF8, 0xFF, 0x80,
  0x00, 0x01, 0x80, 0x00, 0x00, 0x00, 0x00, 0x00, 0x7F, 0xFC, 0x00, 0x7F,
  0xFF, 0xC0, 0x3F, 0xFF, 0xF8, 0x1F, 0xFF, 0xFF, 0x0F, 0xFF, 0xFF, 0xC3,
  0xFF, 0xFF, 0xF9, 0xFF, 0x03, 0xFE, 0x7F, 0x80, 0x7F, 0x9F, 0xE0, 0x1F,
  0xF7, 0xF0, 0x03, 0xFF, 0xFC, 0x00, 0xFF, 0xFF, 0x00, 0x3F, 0xFF, 0xC0,
  0x0F, 0xFF, 0xF0, 0x03, 0xFF, 0xFC, 0x00, 0xFF, 0xFF, 0x00, 0x3F, 0xFF,
  0xC0, 0x00, 0x0F, 0xF0, 0x00, 0x03, 0xFC, 0x00, 0x00, 0xFF, 0x00, 0x00,
  0x3F, 0xC0, 0x00, 0x0F, 0xF0, 0x00, 0x03, 0xFC, 0x00, 0x00, 0xFF, 0x00,
  0x00, 0x3F, 0xC0, 0x00, 0x0F, 0xF0, 0x00, 0x03, 0xFC, 0x00, 0x00, 0xFF,
  0x00, 0x00, 0x3F, 0xC0, 0x0F, 0xFF, 0xF0, 0x03, 0xFF, 0xFC, 0x00, 0xFF,
  0xFF, 0x00, 0x3F, 0xFF, 0xC0, 0x0F, 0xFF, 0xF0, 0x03, 0xFF, 0xFC, 0x00,
  0xFF, 0x7F, 0x00, 0x3F, 0xDF, 0xE0, 0x0F, 0xF7, 0xF8, 0x07, 0xF9, 0xFF,
  0x03, 0xFE, 0x3F, 0xFF, 0xFF, 0x8F, 0xFF, 0xFF, 0xC1, 0xFF, 0xFF, 0xF0,
  0x3F, 0xFF, 0xF8, 0x07, 0xFF, 0xFC, 0x00, 0x7F, 0xFC, 0x00, 0x00, 0x60,
  0x00, 0x00, 0x00, 0x1F, 0xE0, 0x00, 0x03, 0xFC, 0x00, 0x00, 0x7F, 0x80,
  0x00, 0x0F, 0xF0, 0x00, 0x01, 0xFE, 0x00, 0x00, 0x3F, 0xC0, 0x00, 0x07,
  0xF8, 0x00, 0x00, 0xFF, 0x00, 0x00, 0x1F, 0xE0, 0x00, 0x03, 0xFC, 0x00,
  0x00, 0x7F, 0x80, 0x00, 0x0F, 0xF0, 0x00, 0x01, 0xFE, 0x00, 0x00, 0x3F,
  0xC0, 0x00, 0x07, 0xF8, 0x00, 0x00, 0xFF, 0x00, 0x00, 0x1F, 0xE0, 0x00,
  0x03, 0xFC, 0x00, 0x00, 0x7F, 0x81, 0xFF, 0x8F, 0xF0, 0x7F, 0xF9, 0xFE,
  0x1F, 0xFF, 0xFF, 0xC7, 0xFF, 0xFF, 0xF9, 0xFF, 0xFF, 0xFF, 0x3F, 0xFF,
  0xFF, 0xE7, 0xF8, 0x0F, 0xFD, 0xFE, 0x00, 0x7F, 0xBF, 0xC0, 0x0F, 0xF7,
  0xF8, 0x01, 0xFE, 0xFE, 0x00, 0x3F, 0xFF, 0xC0, 0x07, 0xFF, 0xF8, 0x00,
  0xFF, 0xFF, 0x00, 0x1F, 0xFF, 0xE0, 0x03, 0xFF, 0xFC, 0x00, 0x7F, 0xFF,
  0x80, 0x0F, 0xFF, 0xF0, 0x01, 0xFF, 0xFE, 0x00, 0x3F, 0xFF, 0xC0, 0x07,
  0xFF, 0xF8, 0x00, 0xFF, 0xFF, 0x00, 0x1F, 0xFF, 0xE0, 0x03, 0xFF, 0xFC,
  0x00, 0x7F, 0xFF, 0x80, 0x0F, 0xFF, 0xF0, 0x01, 0xFF, 0xFE, 0x00, 0x3F,
  0xFF, 0xC0, 0x07, 0xFF, 0xF8, 0x00, 0xFF, 0xFF, 0x00, 0x1F, 0xFF, 0xE0,
  0x03, 0xFF, 0xFC, 0x00, 0x7F, 0xFF, 0x80, 0x0F, 0xFF, 0xF0, 0x01, 0xFF,
  0xFE, 0x00, 0x3F, 0xDF, 0xE0, 0x07, 0xFB, 0xFC, 0x00, 0xFF, 0x7F, 0xC0,
  0x1F, 0xEF, 0xF8, 0x07, 0xFC, 0xFF, 0xFF, 0xFF, 0x9F, 0xFF, 0xFF, 0xF1,
  0xFF, 0xFF, 0xFE, 0x1F, 0xFF, 0xFF, 0xC1, 0xFF, 0xF7, 0xF8, 0x0F, 0xF8,
  0xFF, 0x00, 0x10, 0x00, 0x00, 0x00, 0x00, 0x00, 0x00, 0x7F, 0xFC, 0x00,
  0x7F, 0xFF, 0x80, 0x3F, 0xFF, 0xF0, 0x1F, 0xFF, 0xFE, 0x0F, 0xFF, 0xFF,
  0xC3, 0xFF, 0xFF, 0xF1, 0xFF, 0x03, 0xFE, 0x7F, 0x80, 0x7F, 0x9F, 0xE0,
  0x1F, 0xE7, 0xF0, 0x03, 0xFB, 0xFC, 0x00, 0xFF, 0xFF, 0x00, 0x3F, 0xFF,
  0xC0, 0x0F, 0xFF, 0xF0, 0x03, 0xFF, 0xFC, 0x00, 0xFF, 0xFF, 0x00, 0x3F,
  0xFF, 0xC0, 0x0F, 0xFF, 0xF0, 0x03, 0xFF, 0xFF, 0xFF, 0xFF, 0xFF, 0xFF,
  0xFF, 0xFF, 0xFF, 0xFF, 0xFF, 0xFF, 0xFF, 0xFF, 0xFC, 0x00, 0x00, 0xFF,
  0x00, 0x00, 0x3F, 0xC0, 0x00, 0x0F, 0xF0, 0x00, 0x03, 0xFC, 0x00, 0x00,
  0xFF, 0x00, 0x00, 0x3F, 0xC0, 0x00, 0x0F, 0xF0, 0x03, 0xFF, 0xFC, 0x00,
  0xFF, 0xFF, 0x00, 0x3F, 0xFF, 0xC0, 0x0F, 0xFF, 0xF0, 0x03, 0xFF, 0xFC,
  0x00, 0xFF, 0x7F, 0x00, 0x3F, 0xDF, 0xE0, 0x1F, 0xE7, 0xF8, 0x07, 0xF9,
  0xFF, 0x03, 0xFE, 0x3F, 0xFF, 0xFF, 0x0F, 0xFF, 0xFF, 0xC1, 0xFF, 0xFF,
  0xE0, 0x3F, 0xFF, 0xF0, 0x07, 0xFF, 0xF8, 0x00, 0x7F, 0xF8, 0x00, 0x00,
  0x60, 0x00, 0x00, 0x0F, 0xF8, 0x01, 0xFF, 0xC0, 0x3F, 0xFE, 0x01, 0xFF,
  0xF0, 0x1F, 0xFF, 0x80, 0xFF, 0xFC, 0x07, 0xFC, 0x00, 0x7F, 0xC0, 0x03,
  0xFC, 0x00, 0x1F, 0xE0, 0x00, 0xFF, 0x00, 0x07, 0xF8, 0x00, 0x3F, 0xC0,
  0x01, 0xFE, 0x00, 0x0F, 0xF0, 0x00, 0x7F, 0x80, 0xFF, 0xFF, 0xFF, 0xFF,
  0xFF, 0xFF, 0xFF, 0xFF, 0xFF, 0xFF, 0xFF, 0xFF, 0xFF, 0xFF, 0xFF, 0xFC,
  0x0F, 0xF0, 0x00, 0x7F, 0x80, 0x03, 0xFC, 0x00, 0x1F, 0xE0, 0x00, 0xFF,
  0x00, 0x07, 0xF8, 0x00, 0x3F, 0xC0, 0x01, 0xFE, 0x00, 0x0F, 0xF0, 0x00,
  0x7F, 0x80, 0x03, 0xFC, 0x00, 0x1F, 0xE0, 0x00, 0xFF, 0x00, 0x07, 0xF8,
  0x00, 0x3F, 0xC0, 0x01, 0xFE, 0x00, 0x0F, 0xF0, 0x00, 0x7F, 0x80, 0x03,
  0xFC, 0x00, 0x1F, 0xE0, 0x00, 0xFF, 0x00, 0x07, 0xF8, 0x00, 0x3F, 0xC0,
  0x01, 0xFE, 0x00, 0x0F, 0xF0, 0x00, 0x7F, 0x80, 0x03, 0xFC, 0x00, 0x1F,
  0xE0, 0x00, 0xFF, 0x00, 0x07, 0xF8, 0x00, 0x3F, 0xC0, 0x01, 0xFE, 0x00,
  0x0F, 0xF0, 0x00, 0x7F, 0x80, 0x03, 0xFC, 0x00, 0x1F, 0xE0, 0x00, 0xFF,
  0x00, 0x07, 0xF8, 0x00, 0x3F, 0xC0, 0x00, 0x00, 0x00, 0x00, 0x01, 0x00,
  0x0F, 0xFC, 0x01, 0xE0, 0x0F, 0xFF, 0xC0, 0xF8, 0x0F, 0xFF, 0xF8, 0xFE,
  0x07, 0xFF, 0xFF, 0x7F, 0xC1, 0xFF, 0xFF, 0xFF, 0xF0, 0xFF, 0xFF, 0xFF,
  0xE0, 0x3F, 0xC0, 0xFF, 0xC0, 0x1F, 0xE0, 0x1F, 0xE0, 0x07, 0xF8, 0x07,
  0xF8, 0x01, 0xFC, 0x00, 0xFE, 0x00, 0xFF, 0x00, 0x3F, 0x80, 0x3F, 0xC0,
  0x0F, 0xF0, 0x0F, 0xF0, 0x03, 0xFC, 0x03, 0xFC, 0x00, 0xFF, 0x00, 0xFF,
  0x00, 0x3F, 0xC0, 0x3F, 0xC0, 0x0F, 0xF0, 0x0F, 0xF0, 0x03, 0xFC, 0x03,
  0xFC, 0x00, 0xFF, 0x00, 0xFF, 0x00, 0x3F, 0xC0, 0x3F, 0xC0, 0x0F, 0xF0,
  0x0F, 0xF0, 0x03, 0xFC, 0x01, 0xFC, 0x00, 0xFF, 0x00, 0x7F, 0x80, 0x7F,
  0x80, 0x1F, 0xE0, 0x1F, 0xE0, 0x07, 0xFC, 0x07, 0xF8, 0x00, 0xFF, 0x87,
  0xFC, 0x00, 0x3F, 0xFF, 0xFF, 0x00, 0x07, 0xFF, 0xFF, 0x80, 0x00, 0xFF,
  0xFF, 0xE0, 0x00, 0x1F, 0xFF, 0xE0, 0x00, 0x0F, 0xFF, 0xF0, 0x00, 0x07,
  0xDF, 0xE0, 0x00, 0x03, 0xF0, 0x00, 0x00, 0x01, 0xF8, 0x00, 0x00, 0x00,
  0x7E, 0x00, 0x00, 0x00, 0x3F, 0x80, 0x00, 0x00, 0x0F, 0xF8, 0x00, 0x00,
  0x03, 0xFF, 0xFF, 0x00, 0x00, 0xFF, 0xFF, 0xFE, 0x00, 0x3F, 0xFF, 0xFF,
  0xE0, 0x07, 0xFF, 0xFF, 0xFC, 0x00, 0xFF, 0xFF, 0xFF, 0x80, 0x0F, 0xFF,
  0xFF, 0xF0, 0x07, 0xEF, 0xFF, 0xFC, 0x03, 0xF0, 0x03, 0xFF, 0x01, 0xF8,
  0x00, 0x1F, 0xE0, 0xFE, 0x00, 0x07, 0xF8, 0x7F, 0x00, 0x00, 0xFE, 0x3F,
  0xC0, 0x00, 0x3F, 0x8F, 0xF0, 0x00, 0x0F, 0xE3, 0xFC, 0x00, 0x03, 0xF8,
  0xFF, 0x80, 0x01, 0xFE, 0x3F, 0xF8, 0x01, 0xFF, 0x0F, 0xFF, 0xFF, 0xFF,
  0xC1, 0xFF, 0xFF, 0xFF, 0xE0, 0x7F, 0xFF, 0xFF, 0xF8, 0x0F, 0xFF, 0xFF,
  0xFC, 0x01, 0xFF, 0xFF, 0xFC, 0x00, 0x1F, 0xFF, 0xFE, 0x00, 0x00, 0x7F,
  0xF8, 0x00, 0x00, 0xFF, 0x00, 0x00, 0x3F, 0xC0, 0x00, 0x0F, 0xF0, 0x00,
  0x03, 0xFC, 0x00, 0x00, 0xFF, 0x00, 0x00, 0x3F, 0xC0, 0x00, 0x0F, 0xF0,
  0x00, 0x03, 0xFC, 0x00, 0x00, 0xFF, 0x00, 0x00, 0x3F, 0xC0, 0x00, 0x0F,
  0xF0, 0x00, 0x03, 0xFC, 0x00, 0x00, 0xFF, 0x00, 0x00, 0x3F, 0xC0, 0x00,
  0x0F, 0xF0, 0x00, 0x03, 0xFC, 0x00, 0x00, 0xFF, 0x00, 0x00, 0x3F, 0xC0,
  0x00, 0x0F, 0xF0, 0x00, 0x03, 0xFC, 0x0F, 0xF8, 0xFF, 0x0F, 0xFF, 0x3F,
  0xCF, 0xFF, 0xEF, 0xF7, 0xFF, 0xFB, 0xFF, 0xFF, 0xFE, 0xFF, 0xFF, 0xFF,
  0xFF, 0xF8, 0x1F, 0xFF, 0xF8, 0x03, 0xFF, 0xFC, 0x00, 0xFF, 0xFF, 0x00,
  0x3F, 0xFF, 0xC0, 0x0F, 0xFF, 0xF0, 0x03, 0xFF, 0xFC, 0x00, 0xFF, 0xFF,
  0x00, 0x3F, 0xFF, 0xC0, 0x0F, 0xFF, 0xF0, 0x03, 0xFF, 0xFC, 0x00, 0xFF,
  0xFF, 0x00, 0x3F, 0xFF, 0xC0, 0x0F, 0xFF, 0xF0, 0x03, 0xFF, 0xFC, 0x00,
  0xFF, 0xFF, 0x00, 0x3F, 0xFF, 0xC0, 0x0F, 0xFF, 0xF0, 0x03, 0xFF, 0xFC,
  0x00, 0xFF, 0xFF, 0x00, 0x3F, 0xFF, 0xC0, 0x0F, 0xFF, 0xF0, 0x03, 0xFF,
  0xFC, 0x00, 0xFF, 0xFF, 0x00, 0x3F, 0xFF, 0xC0, 0x0F, 0xFF, 0xF0, 0x03,
  0xFF, 0xFC, 0x00, 0xFF, 0xFF, 0x00, 0x3F, 0xFF, 0xC0, 0x0F, 0xFF, 0xF0,
  0x03, 0xFF, 0xFC, 0x00, 0xFF, 0xFF, 0x00, 0x3F, 0xFF, 0xC0, 0x0F, 0xFF,
  0xF0, 0x03, 0xFF, 0xFC, 0x00, 0xFF, 0xFF, 0x00, 0x3F, 0xFF, 0xC0, 0x0F,
  0xFF, 0xF0, 0x03, 0xFF, 0xFC, 0x00, 0xFF, 0xFF, 0xFF, 0xFF, 0xFF, 0xFF,
  0xFF, 0xFF, 0xFF, 0xFF, 0x00, 0x00, 0x00, 0x00, 0x00, 0x00, 0x00, 0xFF,
  0xFF, 0xFF, 0xFF, 0xFF, 0xFF, 0xFF, 0xFF, 0xFF, 0xFF, 0xFF, 0xFF, 0xFF,
  0xFF, 0xFF, 0xFF, 0xFF, 0xFF, 0xFF, 0xFF, 0xFF, 0xFF, 0xFF, 0xFF, 0xFF,
  0xFF, 0xFF, 0xFF, 0xFF, 0xFF, 0xFF, 0xFF, 0xFF, 0xFF, 0xFF, 0xFF, 0xFF,
  0xFF, 0xFF, 0xFF, 0xFF, 0xFF, 0xFF, 0xFF, 0xFF, 0x01, 0xFE, 0x03, 0xFC,
  0x07, 0xF8, 0x0F, 0xF0, 0x1F, 0xE0, 0x3F, 0xC0, 0x7F, 0x80, 0xFF, 0x01,
  0xFE, 0x00, 0x00, 0x00, 0x00, 0x00, 0x00, 0x00, 0x00, 0x00, 0x00, 0x00,
  0x00, 0x00, 0x01, 0xFE, 0x03, 0xFC, 0x07, 0xF8, 0x0F, 0xF0, 0x1F, 0xE0,
  0x3F, 0xC0, 0x7F, 0x80, 0xFF, 0x01, 0xFE, 0x03, 0xFC, 0x07, 0xF8, 0x0F,
  0xF0, 0x1F, 0xE0, 0x3F, 0xC0, 0x7F, 0x80, 0xFF, 0x01, 0xFE, 0x03, 0xFC,
  0x07, 0xF8, 0x0F, 0xF0, 0x1F, 0xE0, 0x3F, 0xC0, 0x7F, 0x80, 0xFF, 0x01,
  0xFE, 0x03, 0xFC, 0x07, 0xF8, 0x0F, 0xF0, 0x1F, 0xE0, 0x3F, 0xC0, 0x7F,
  0x80, 0xFF, 0x01, 0xFE, 0x03, 0xFC, 0x07, 0xF8, 0x0F, 0xF0, 0x1F, 0xE0,
  0x3F, 0xC0, 0x7F, 0x80, 0xFF, 0x01, 0xFE, 0x03, 0xFC, 0x07, 0xF8, 0x0F,
  0xF0, 0x1F, 0xE0, 0x3F, 0xC0, 0x7F, 0x80, 0xFF, 0x03, 0xFE, 0x07, 0xFC,
  0x1F, 0xF7, 0xFF, 0xEF, 0xFF, 0x9F, 0xFF, 0x3F, 0xFC, 0x7F, 0xE0, 0xFF,
  0x00, 0xFF, 0x00, 0x00, 0x07, 0xF8, 0x00, 0x00, 0x3F, 0xC0, 0x00, 0x01,
  0xFE, 0x00, 0x00, 0x0F, 0xF0, 0x00, 0x00, 0x7F, 0x80, 0x00, 0x03, 0xFC,
  0x00, 0x00, 0x1F, 0xE0, 0x00, 0x00, 0xFF, 0x00, 0x00, 0x07, 0xF8, 0x00,
  0x00, 0x3F, 0xC0, 0x00, 0x01, 0xFE, 0x00, 0x00, 0x0F, 0xF0, 0x00, 0x00,
  0x7F, 0x80, 0x00, 0x03, 0xFC, 0x00, 0x00, 0x1F, 0xE0, 0x00, 0x00, 0xFF,
  0x00, 0x00, 0x07, 0xF8, 0x00, 0x00, 0x3F, 0xC0, 0x00, 0x01, 0xFE, 0x00,
  0x1F, 0xFF, 0xF0, 0x01, 0xFF, 0x7F, 0x80, 0x0F, 0xFB, 0xFC, 0x00, 0xFF,
  0x9F, 0xE0, 0x0F, 0xF8, 0xFF, 0x00, 0x7F, 0xC7, 0xF8, 0x07, 0xFC, 0x3F,
  0xC0, 0x7F, 0xC1, 0xFE, 0x03, 0xFE, 0x0F, 0xF0, 0x3F, 0xE0, 0x7F, 0x81,
  0xFF, 0x03, 0xFC, 0x1F, 0xF0, 0x1F, 0xE1, 0xFF, 0x00, 0xFF, 0x0F, 0xF8,
  0x07, 0xF8, 0xFF, 0x80, 0x3F, 0xCF, 0xFC, 0x01, 0xFE, 0x7F, 0xC0, 0x0F,
  0xF7, 0xFC, 0x00, 0x7F, 0xBF, 0xF0, 0x03, 0xFF, 0xFF, 0x80, 0x1F, 0xFF,
  0xFC, 0x00, 0xFF, 0xFF, 0xF0, 0x07, 0xFF, 0x7F, 0x80, 0x3F, 0xFB, 0xFE,
  0x01, 0xFF, 0x8F, 0xF0, 0x0F, 0xF8, 0x7F, 0x80, 0x7F, 0xC1, 0xFE, 0x03,
  0xFC, 0x0F, 0xF0, 0x1F, 0xE0, 0x7F, 0x80, 0xFF, 0x01, 0xFE, 0x07, 0xF8,
  0x0F, 0xF0, 0x3F, 0xC0, 0x7F, 0xC1, 0xFE, 0x01, 0xFE, 0x0F, 0xF0, 0x0F,
  0xF0, 0x7F, 0x80, 0x7F, 0xC3, 0xFC, 0x01, 0xFE, 0x1F, 0xE0, 0x0F, 0xF0,
  0xFF, 0x00, 0x3F, 0xC7, 0xF8, 0x01, 0xFE, 0x3F, 0xC0, 0x0F, 0xF9, 0xFE,
  0x00, 0x3F, 0xCF, 0xF0, 0x01, 0xFE, 0x7F, 0x80, 0x0F, 0xFB, 0xFC, 0x00,
  0x3F, 0xDF, 0xE0, 0x01, 0xFF, 0xFF, 0xFF, 0xFF, 0xFF, 0xFF, 0xFF, 0xFF,
  0xFF, 0xFF, 0xFF, 0xFF, 0xFF, 0xFF, 0xFF, 0xFF, 0xFF, 0xFF, 0xFF, 0xFF,
  0xFF, 0xFF, 0xFF, 0xFF, 0xFF, 0xFF, 0xFF, 0xFF, 0xFF, 0xFF, 0xFF, 0xFF,
  0xFF, 0xFF, 0xFF, 0xFF, 0xFF, 0xFF, 0xFF, 0xFF, 0xFF, 0xFF, 0xFF, 0xFF,
  0xFF, 0xFF, 0xFF, 0xFF, 0xFF, 0xFF, 0xFF, 0xFF, 0xFF, 0xFF, 0xFF, 0xFF,
  0xFF, 0xFF, 0xFF, 0xFF, 0xFF, 0xFF, 0xFF, 0xFF, 0xFF, 0x00, 0x00, 0x20,
  0x00, 0x04, 0x03, 0xFC, 0x0F, 0xF8, 0x01, 0xFF, 0x0F, 0xF0, 0xFF, 0xF0,
  0x1F, 0xFE, 0x3F, 0xC7, 0xFF, 0xE1, 0xFF, 0xFC, 0xFF, 0x7F, 0xFF, 0xCF,
  0xFF, 0xFB, 0xFF, 0xFF, 0xFF, 0x7F, 0xFF, 0xEF, 0xFF, 0xFF, 0xFD, 0xFF,
  0xFF, 0xBF, 0xF8, 0x0F, 0xFF, 0x01, 0xFF, 0xFF, 0xC0, 0x3F, 0xF8, 0x07,
  0xFF, 0xFE, 0x00, 0x7F, 0xC0, 0x0F, 0xFF, 0xF0, 0x01, 0xFE, 0x00, 0x3F,
  0xFF, 0xC0, 0x07, 0xF8, 0x00, 0xFF, 0xFF, 0x00, 0x1F, 0xE0, 0x03, 0xFF,
  0xFC, 0x00, 0x7F, 0x80, 0x0F, 0xFF, 0xF0, 0x01, 0xFE, 0x00, 0x3F, 0xFF,
  0xC0, 0x07, 0xF8, 0x00, 0xFF, 0xFF, 0x00, 0x1F, 0xE0, 0x03, 0xFF, 0xFC,
  0x00, 0x7F, 0x80, 0x0F, 0xFF, 0xF0, 0x01, 0xFE, 0x00, 0x3F, 0xFF, 0xC0,
  0x07, 0xF8, 0x00, 0xFF, 0xFF, 0x00, 0x1F, 0xE0, 0x03, 0xFF, 0xFC, 0x00,
  0x7F, 0x80, 0x0F, 0xFF, 0xF0, 0x01, 0xFE, 0x00, 0x3F, 0xFF, 0xC0, 0x07,
  0xF8, 0x00, 0xFF, 0xFF, 0x00, 0x1F, 0xE0, 0x03, 0xFF, 0xFC, 0x00, 0x7F,
  0x80, 0x0F, 0xFF, 0xF0, 0x01, 0xFE, 0x00, 0x3F, 0xFF, 0xC0, 0x07, 0xF8,
  0x00, 0xFF, 0xFF, 0x00, 0x1F, 0xE0, 0x03, 0xFF, 0xFC, 0x00, 0x7F, 0x80,
  0x0F, 0xFF, 0xF0, 0x01, 0xFE, 0x00, 0x3F, 0xFF, 0xC0, 0x07, 0xF8, 0x00,
  0xFF, 0xFF, 0x00, 0x1F, 0xE0, 0x03, 0xFF, 0xFC, 0x00, 0x7F, 0x80, 0x0F,
  0xFF, 0xF0, 0x01, 0xFE, 0x00, 0x3F, 0xFF, 0xC0, 0x07, 0xF8, 0x00, 0xFF,
  0xFF, 0x00, 0x1F, 0xE0, 0x03, 0xFF, 0xFC, 0x00, 0x7F, 0x80, 0x0F, 0xFF,
  0xF0, 0x01, 0xFE, 0x00, 0x3F, 0xFF, 0xC0, 0x07, 0xF8, 0x00, 0xFF, 0xFF,
  0x00, 0x1F, 0xE0, 0x03, 0xFF, 0xFC, 0x00, 0x7F, 0x80, 0x0F, 0xFF, 0xF0,
  0x01, 0xFE, 0x00, 0x3F, 0xFF, 0xC0, 0x07, 0xF8, 0x00, 0xFF, 0xFF, 0x00,
  0x1F, 0xE0, 0x03, 0xFF, 0xFC, 0x00, 0x7F, 0x80, 0x0F, 0xF0, 0x00, 0x00,
  0x00, 0x3F, 0xC0, 0xFF, 0x8F, 0xF0, 0xFF, 0xF3, 0xFC, 0xFF, 0xFE, 0xFF,
  0x7F, 0xFF, 0xBF, 0xFF, 0xFF, 0xEF, 0xFF, 0xFF, 0xFF, 0xFF, 0x81, 0xFF,
  0xFF, 0x80, 0x3F, 0xFF, 0xC0, 0x0F, 0xFF, 0xF0, 0x03, 0xFF, 0xFC, 0x00,
  0xFF, 0xFF, 0x00, 0x3F, 0xFF, 0xC0, 0x0F, 0xFF, 0xF0, 0x03, 0xFF, 0xFC,
  0x00, 0xFF, 0xFF, 0x00, 0x3F, 0xFF, 0xC0, 0x0F, 0xFF, 0xF0, 0x03, 0xFF,
  0xFC, 0x00, 0xFF, 0xFF, 0x00, 0x3F, 0xFF, 0xC0, 0x0F, 0xFF, 0xF0, 0x03,
  0xFF, 0xFC, 0x00, 0xFF, 0xFF, 0x00, 0x3F, 0xFF, 0xC0, 0x0F, 0xFF, 0xF0,
  0x03, 0xFF, 0xFC, 0x00, 0xFF, 0xFF, 0x00, 0x3F, 0xFF, 0xC0, 0x0F, 0xFF,
  0xF0, 0x03, 0xFF, 0xFC, 0x00, 0xFF, 0xFF, 0x00, 0x3F, 0xFF, 0xC0, 0x0F,
  0xFF, 0xF0, 0x03, 0xFF, 0xFC, 0x00, 0xFF, 0xFF, 0x00, 0x3F, 0xFF, 0xC0,
  0x0F, 0xFF, 0xF0, 0x03, 0xFF, 0xFC, 0x00, 0xFF, 0xFF, 0x00, 0x3F, 0xFF,
  0xC0, 0x0F, 0xFF, 0xF0, 0x03, 0xFF, 0xFC, 0x00, 0xFF, 0xFF, 0x00, 0x3F,
  0xFF, 0xC0, 0x0F, 0xF0, 0x00, 0x00, 0x00, 0x00, 0x7F, 0xF8, 0x00, 0x7F,
  0xFF, 0x80, 0x3F, 0xFF, 0xF0, 0x1F, 0xFF, 0xFE, 0x0F, 0xFF, 0xFF, 0xC3,
  0xFF, 0xFF, 0xF1, 0xFF, 0x03, 0xFE, 0x7F, 0x80, 0x7F, 0x9F, 0xE0, 0x1F,
  0xE7, 0xF0, 0x03, 0xFB, 0xFC, 0x00, 0xFF, 0xFF, 0x00, 0x3F, 0xFF, 0xC0,
  0x0F, 0xFF, 0xF0, 0x03, 0xFF, 0xFC, 0x00, 0xFF, 0xFF, 0x00, 0x3F, 0xFF,
  0xC0, 0x0F, 0xFF, 0xF0, 0x03, 0xFF, 0xFC, 0x00, 0xFF, 0xFF, 0x00, 0x3F,
  0xFF, 0xC0, 0x0F, 0xFF, 0xF0, 0x03, 0xFF, 0xFC, 0x00, 0xFF, 0xFF, 0x00,
  0x3F, 0xFF, 0xC0, 0x0F, 0xFF, 0xF0, 0x03, 0xFF, 0xFC, 0x00, 0xFF, 0xFF,
  0x00, 0x3F, 0xFF, 0xC0, 0x0F, 0xFF, 0xF0, 0x03, 0xFF, 0xFC, 0x00, 0xFF,
  0xFF, 0x00, 0x3F, 0xFF, 0xC0, 0x0F, 0xFF, 0xF0, 0x03, 0xFF, 0xFC, 0x00,
  0xFF, 0x7F, 0x00, 0x3F, 0x9F, 0xE0, 0x1F, 0xE7, 0xF8, 0x07, 0xF9, 0xFF,
  0x03, 0xFE, 0x3F, 0xFF, 0xFF, 0x0F, 0xFF, 0xFF, 0xC1, 0xFF, 0xFF, 0xE0,
  0x3F, 0xFF, 0xF0, 0x07, 0xFF, 0xF8, 0x00, 0x7F, 0xF8, 0x00, 0x00, 0xC0,
  0x00, 0x00, 0x00, 0x80, 0x1F, 0xE1, 0xFF, 0x03, 0xFC, 0xFF, 0xF0, 0x7F,
  0xBF, 0xFF, 0x0F, 0xFF, 0xFF, 0xF1, 0xFF, 0xFF, 0xFF, 0x3F, 0xFF, 0xFF,
  0xE7, 0xFE, 0x03, 0xFE, 0xFF, 0x00, 0x3F, 0xDF, 0xE0, 0x07, 0xFB, 0xFC,
  0x00, 0xFF, 0x7F, 0x80, 0x0F, 0xFF, 0xF0, 0x01, 0xFF, 0xFE, 0x00, 0x3F,
  0xFF, 0xC0, 0x07, 0xFF, 0xF8, 0x00, 0xFF, 0xFF, 0x00, 0x1F, 0xFF, 0xE0,
  0x03, 0xFF, 0xFC, 0x00, 0x7F, 0xFF, 0x80, 0x0F, 0xFF, 0xF0, 0x01, 0xFF,
  0xFE, 0x00, 0x3F, 0xFF, 0xC0, 0x07, 0xFF, 0xF8, 0x00, 0xFF, 0xFF, 0x00,
  0x1F, 0xFF, 0xE0, 0x03, 0xFF, 0xFC, 0x00, 0x7F, 0xFF, 0x80, 0x0F, 0xFF,
  0xF0, 0x01, 0xFF, 0xFE, 0x00, 0x3F, 0xFF, 0xC0, 0x07, 0xFF, 0xF8, 0x00,
  0xFF, 0xFF, 0x00, 0x1F, 0xFF, 0xE0, 0x03, 0xFF, 0xFC, 0x00, 0x7F, 0xFF,
  0x80, 0x0F, 0xEF, 0xF0, 0x03, 0xFD, 0xFE, 0x00, 0x7F, 0xBF, 0xC0, 0x0F,
  0xF7, 0xFE, 0x03, 0xFC, 0xFF, 0xFF, 0xFF, 0x9F, 0xFF, 0xFF, 0xE3, 0xFF,
  0xFF, 0xFC, 0x7F, 0xBF, 0xFF, 0x0F, 0xF3, 0xFF, 0xC1, 0xFE, 0x1F, 0xE0,
  0x3F, 0xC0, 0x60, 0x07, 0xF8, 0x00, 0x00, 0xFF, 0x00, 0x00, 0x1F, 0xE0,
  0x00, 0x03, 0xFC, 0x00, 0x00, 0x7F, 0x80, 0x00, 0x0F, 0xF0, 0x00, 0x01,
  0xFE, 0x00, 0x00, 0x3F, 0xC0, 0x00, 0x07, 0xF8, 0x00, 0x00, 0xFF, 0x00,
  0x00, 0x1F, 0xE0, 0x00, 0x03, 0xFC, 0x00, 0x00, 0x7F, 0x80, 0x00, 0x0F,
  0xF0, 0x00, 0x00, 0x00, 0x00, 0x00, 0x00, 0x7F, 0xE3, 0xFC, 0x1F, 0xFE,
  0x7F, 0x87, 0xFF, 0xFF, 0xF1, 0xFF, 0xFF, 0xFE, 0x7F, 0xFF, 0xFF, 0xCF,
  0xFF, 0xFF, 0xF9, 0xFE, 0x03, 0xFF, 0x7F, 0x80, 0x1F, 0xEF, 0xF0, 0x03,
  0xFD, 0xFE, 0x00, 0x7F, 0xBF, 0x80, 0x0F, 0xFF, 0xF0, 0x01, 0xFF, 0xFE,
  0x00, 0x3F, 0xFF, 0xC0, 0x07, 0xFF, 0xF8, 0x00, 0xFF, 0xFF, 0x00, 0x1F,
  0xFF, 0xE0, 0x03, 0xFF, 0xFC, 0x00, 0x7F, 0xFF, 0x80, 0x0F, 0xFF, 0xF0,
  0x01, 0xFF, 0xFE, 0x00, 0x3F, 0xFF, 0xC0, 0x07, 0xFF, 0xF8, 0x00, 0xFF,
  0xFF, 0x00, 0x1F, 0xFF, 0xE0, 0x03, 0xFF, 0xFC, 0x00, 0x7F, 0xFF, 0x80,
  0x0F, 0xFF, 0xF0, 0x01, 0xFF, 0xFE, 0x00, 0x3F, 0xFF, 0xC0, 0x07, 0xFF,
  0xF8, 0x00, 0xFF, 0xFF, 0x00, 0x1F, 0xFF, 0xE0, 0x03, 0xFF, 0xFC, 0x00,
  0x7F, 0xFF, 0x80, 0x0F, 0xF7, 0xF8, 0x01, 0xFE, 0xFF, 0x00, 0x3F, 0xDF,
  0xF0, 0x07, 0xFB, 0xFE, 0x01, 0xFF, 0x3F, 0xFF, 0xFF, 0xE7, 0xFF, 0xFF,
  0xFC, 0x7F, 0xFF, 0xFF, 0x87, 0xFF, 0xFF, 0xF0, 0x7F, 0xF9, 0xFE, 0x03,
  0xFE, 0x3F, 0xC0, 0x04, 0x07, 0xF8, 0x00, 0x00, 0xFF, 0x00, 0x00, 0x1F,
  0xE0, 0x00, 0x03, 0xFC, 0x00, 0x00, 0x7F, 0x80, 0x00, 0x0F, 0xF0, 0x00,
  0x01, 0xFE, 0x00, 0x00, 0x3F, 0xC0, 0x00, 0x07, 0xF8, 0x00, 0x00, 0xFF,
  0x00, 0x00, 0x1F, 0xE0, 0x00, 0x03, 0xFC, 0x00, 0x00, 0x7F, 0x80, 0x00,
  0x0F, 0xF0, 0x00, 0x01, 0xFE, 0x00, 0x00, 0x2F, 0xF0, 0x3F, 0xFF, 0x0F,
  0xFF, 0xF1, 0xFF, 0xFF, 0x3F, 0xFF, 0xF7, 0xFF, 0xFF, 0xFF, 0xFF, 0xFF,
  0xFF, 0xFF, 0xFF, 0xFF, 0xFE, 0x00, 0xFF, 0xC0, 0x0F, 0xF8, 0x00, 0xFF,
  0x00, 0x0F, 0xF0, 0x00, 0xFF, 0x00, 0x0F, 0xF0, 0x00, 0xFF, 0x00, 0x0F,
  0xF0, 0x00, 0xFF, 0x00, 0x0F, 0xF0, 0x00, 0xFF, 0x00, 0x0F, 0xF0, 0x00,
  0xFF, 0x00, 0x0F, 0xF0, 0x00, 0xFF, 0x00, 0x0F, 0xF0, 0x00, 0xFF, 0x00,
  0x0F, 0xF0, 0x00, 0xFF, 0x00, 0x0F, 0xF0, 0x00, 0xFF, 0x00, 0x0F, 0xF0,
  0x00, 0xFF, 0x00, 0x0F, 0xF0, 0x00, 0xFF, 0x00, 0x0F, 0xF0, 0x00, 0xFF,
  0x00, 0x0F, 0xF0, 0x00, 0xFF, 0x00, 0x0F, 0xF0, 0x00, 0xFF, 0x00, 0x0F,
  0xF0, 0x00, 0xFF, 0x00, 0x0F, 0xF0, 0x00, 0xFF, 0x00, 0x0F, 0xF0, 0x00,
  0x00, 0x08, 0x00, 0x00, 0xFF, 0xE0, 0x01, 0xFF, 0xFC, 0x01, 0xFF, 0xFF,
  0x01, 0xFF, 0xFF, 0xC1, 0xFF, 0xFF, 0xE0, 0xFF, 0xFF, 0xF8, 0x7F, 0x81,
  0xFC, 0x7F, 0xC0, 0x7F, 0x3F, 0xC0, 0x1F, 0x9F, 0xE0, 0x0F, 0xCF, 0xF0,
  0x07, 0xE7, 0xF8, 0x03, 0xF3, 0xFE, 0x00, 0xC1, 0xFF, 0x00, 0x00, 0xFF,
  0xC0, 0x00, 0x3F, 0xF0, 0x00, 0x1F, 0xFC, 0x00, 0x07, 0xFF, 0x00, 0x01,
  0xFF, 0xC0, 0x00, 0xFF, 0xF0, 0x00, 0x3F, 0xFC, 0x00, 0x07, 0xFF, 0x00,
  0x01, 0xFF, 0xC0, 0x00, 0x7F, 0xF0, 0x00, 0x1F, 0xFC, 0x00, 0x07, 0xFF,
  0x00, 0x01, 0xFF, 0xC0, 0x00, 0x3F, 0xE0, 0x00, 0x0F, 0xF8, 0x00, 0x03,
  0xFC, 0x00, 0x00, 0xFF, 0x06, 0x00, 0x7F, 0x9F, 0x80, 0x1F, 0xFF, 0xC0,
  0x0F, 0xFF, 0xE0, 0x07, 0xFF, 0xF0, 0x03, 0xFF, 0xFC, 0x01, 0xFD, 0xFE,
  0x01, 0xFE, 0xFF, 0x80, 0xFE, 0x3F, 0xFF, 0xFF, 0x1F, 0xFF, 0xFF, 0x07,
  0xFF, 0xFF, 0x81, 0xFF, 0xFF, 0x80, 0x7F, 0xFF, 0x00, 0x0F, 0xFF, 0x00,
  0x00, 0x20, 0x00, 0x07, 0xF8, 0x00, 0x7F, 0x80, 0x07, 0xF8, 0x00, 0x7F,
  0x80, 0x07, 0xF8, 0x00, 0x7F, 0x80, 0x07, 0xF8, 0x00, 0x7F, 0x80, 0x07,
  0xF8, 0x00, 0x7F, 0x80, 0x07, 0xF8, 0x00, 0x7F, 0x80, 0x07, 0xF8, 0x00,
  0x7F, 0x80, 0xFF, 0xFF, 0xFF, 0xFF, 0xFF, 0xFF, 0xFF, 0xFF, 0xFF, 0xFF,
  0xFF, 0xFF, 0xFF, 0xFF, 0xFF, 0x07, 0xF8, 0x00, 0x7F, 0x80, 0x07, 0xF8,
  0x00, 0x7F, 0x80, 0x07, 0xF8, 0x00, 0x7F, 0x80, 0x07, 0xF8, 0x00, 0x7F,
  0x80, 0x07, 0xF8, 0x00, 0x7F, 0x80, 0x07, 0xF8, 0x00, 0x7F, 0x80, 0x07,
  0xF8, 0x00, 0x7F, 0x80, 0x07, 0xF8, 0x00, 0x7F, 0x80, 0x07, 0xF8, 0x00,
  0x7F, 0x80, 0x07, 0xF8, 0x00, 0x7F, 0x80, 0x07, 0xF8, 0x00, 0x7F, 0x80,
  0x07, 0xF8, 0x00, 0x7F, 0x80, 0x07, 0xF8, 0x00, 0x7F, 0x80, 0x07, 0xF8,
  0x00, 0x7F, 0x80, 0x07, 0xF8, 0x00, 0x7F, 0x80, 0x07, 0xF8, 0x00, 0x7F,
  0x80, 0x07, 0xFC, 0x00, 0x3F, 0xFF, 0x03, 0xFF, 0xF0, 0x3F, 0xFF, 0x01,
  0xFF, 0xF0, 0x0F, 0xFF, 0x00, 0x7F, 0xF0, 0x00, 0x30, 0xFF, 0x00, 0x3F,
  0xFF, 0xC0, 0x0F, 0xFF, 0xF0, 0x03, 0xFF, 0xFC, 0x00, 0xFF, 0xFF, 0x00,
  0x3F, 0xFF, 0xC0, 0x0F, 0xFF, 0xF0, 0x03, 0xFF, 0xFC, 0x00, 0xFF, 0xFF,
  0x00, 0x3F, 0xFF, 0xC0, 0x0F, 0xFF, 0xF0, 0x03, 0xFF, 0xFC, 0x00, 0xFF,
  0xFF, 0x00, 0x3F, 0xFF, 0xC0, 0x0F, 0xFF, 0xF0, 0x03, 0xFF, 0xFC, 0x00,
  0xFF, 0xFF, 0x00, 0x3F, 0xFF, 0xC0, 0x0F, 0xFF, 0xF0, 0x03, 0xFF, 0xFC,
  0x00, 0xFF, 0xFF, 0x00, 0x3F, 0xFF, 0xC0, 0x0F, 0xFF, 0xF0, 0x03, 0xFF,
  0xFC, 0x00, 0xFF, 0xFF, 0x00, 0x3F, 0xFF, 0xC0, 0x0F, 0xFF, 0xF0, 0x03,
  0xFF, 0xFC, 0x00, 0xFF, 0xFF, 0x00, 0x3F, 0xFF, 0xC0, 0x0F, 0xFF, 0xF0,
  0x03, 0xFF, 0xFC, 0x00, 0xFF, 0xFF, 0x00, 0x3F, 0xFF, 0xC0, 0x0F, 0xFF,
  0xF0, 0x03, 0xFF, 0xFC, 0x00, 0xFF, 0xFF, 0x00, 0x3F, 0xFF, 0xC0, 0x1F,
  0xFF, 0xF8, 0x1F, 0xFF, 0xFF, 0xFF, 0xFF, 0x7F, 0xFF, 0xFF, 0xDF, 0xFF,
  0xEF, 0xF7, 0xFF, 0xF3, 0xFC, 0xFF, 0xF0, 0xFF, 0x1F, 0xF0, 0x3F, 0xC0,
  0x40, 0x00, 0x00, 0xFF, 0x80, 0x0F, 0xFF, 0xF8, 0x00, 0xFF, 0x7F, 0x80,
  0x1F, 0xF7, 0xF8, 0x01, 0xFE, 0x7F, 0x80, 0x1F, 0xE7, 0xF8, 0x01, 0xFE,
  0x7F, 0xC0, 0x1F, 0xE3, 0xFC, 0x01, 0xFE, 0x3F, 0xC0, 0x3F, 0xC3, 0xFC,
  0x03, 0xFC, 0x3F, 0xC0, 0x3F, 0xC3, 0xFC, 0x03, 0xFC, 0x1F, 0xE0, 0x3F,
  0xC1, 0xFE, 0x03, 0xF8, 0x1F, 0xE0, 0x3F, 0x81, 0xFE, 0x07, 0xF8, 0x1F,
  0xE0, 0x7F, 0x80, 0xFE, 0x07, 0xF8, 0x0F, 0xE0, 0x7F, 0x00, 0xFF, 0x07,
  0xF0, 0x0F, 0xF0, 0x7F, 0x00, 0xFF, 0x0F, 0xF0, 0x07, 0xF0, 0xFF, 0x00,
  0x7F, 0x0F, 0xE0, 0x07, 0xF0, 0xFE, 0x00, 0x7F, 0x8F, 0xE0, 0x07, 0xF8,
  0xFE, 0x00, 0x3F, 0x8F, 0xE0, 0x03, 0xF9, 0xFE, 0x00, 0x3F, 0x9F, 0xC0,
  0x03, 0xF9, 0xFC, 0x00, 0x3F, 0x9F, 0xC0, 0x01, 0xFD, 0xFC, 0x00, 0x1F,
  0xDF, 0xC0, 0x01, 0xFF, 0xF8, 0x00, 0x1F, 0xFF, 0x80, 0x01, 0xFF, 0xF8,
  0x00, 0x0F, 0xFF, 0x80, 0x00, 0xFF, 0xF8, 0x00, 0x0F, 0xFF, 0x00, 0x00,
  0xFF, 0xF0, 0x00, 0x0F, 0xFF, 0x00, 0x00, 0x7F, 0xF0, 0x00, 0x07, 0xFF,
  0x00, 0x00, 0x7F, 0xE0, 0x00, 0xFE, 0x00, 0x3F, 0x00, 0x1F, 0xFF, 0x80,
  0x0F, 0xE0, 0x07, 0xF7, 0xE0, 0x07, 0xF8, 0x01, 0xF9, 0xFC, 0x01, 0xFE,
  0x00, 0xFE, 0x7F, 0x00, 0x7F, 0x80, 0x3F, 0x9F, 0xC0, 0x1F, 0xE0, 0x0F,
  0xE7, 0xF0, 0x07, 0xF8, 0x03, 0xF9, 0xFC, 0x03, 0xFF, 0x00, 0xFE, 0x3F,
  0x00, 0xFF, 0xC0, 0x3F, 0x0F, 0xC0, 0x3F, 0xF0, 0x0F, 0xC3, 0xF8, 0x0F,
  0xFC, 0x07, 0xF0, 0xFE, 0x03, 0xFF, 0x01, 0xFC, 0x3F, 0x80, 0xFF, 0xE0,
  0x7F, 0x0F, 0xE0, 0x7F, 0xF8, 0x1F, 0xC1, 0xF8, 0x1F, 0xFE, 0x07, 0xE0,
  0x7E, 0x07, 0xEF, 0x81, 0xF8, 0x1F, 0x81, 0xF3, 0xE0, 0x7E, 0x07, 0xF0,
  0x7C, 0xF8, 0x3F, 0x81, 0xFC, 0x3F, 0x3F, 0x0F, 0xE0, 0x7F, 0x0F, 0xCF,
  0xC3, 0xF8, 0x0F, 0xC3, 0xF1, 0xF0, 0xFC, 0x03, 0xF0, 0xFC, 0x7C, 0x3F,
  0x00, 0xFC, 0x3E, 0x1F, 0x0F, 0xC0, 0x3F, 0x0F, 0x87, 0xE3, 0xF0, 0x0F,
  0xE7, 0xE1, 0xF9, 0xFC, 0x03, 0xF9, 0xF8, 0x7E, 0x7F, 0x00, 0xFE, 0x7E,
  0x0F, 0x9F, 0x80, 0x1F, 0x9F, 0x03, 0xE7, 0xE0, 0x07, 0xE7, 0xC0, 0xF9,
  0xF8, 0x01, 0xFB, 0xF0, 0x3F, 0x7E, 0x00, 0x7E, 0xFC, 0x0F, 0xDF, 0x80,
  0x1F, 0xFF, 0x01, 0xFF, 0xE0, 0x07, 0xFF, 0x80, 0x7F, 0xF0, 0x00, 0xFF,
  0xE0, 0x1F, 0xFC, 0x00, 0x3F, 0xF8, 0x07, 0xFF, 0x00, 0x0F, 0xFE, 0x01,
  0xFF, 0xC0, 0x03, 0xFF, 0x80, 0x3F, 0xF0, 0x00, 0xFF, 0xC0, 0x0F, 0xFC,
  0x00, 0x3F, 0xF0, 0x03, 0xFE, 0x00, 0x07, 0xFC, 0x00, 0xFF, 0x80, 0x01,
  0xFF, 0x00, 0x3F, 0xE0, 0x00, 0x7F, 0xC0, 0x07, 0xF8, 0x00, 0x1F, 0xE0,
  0x01, 0xFE, 0x00, 0x07, 0xF8, 0x00, 0x7F, 0x80, 0x01, 0xFE, 0x00, 0x1F,
  0xC0, 0x00, 0xFF, 0x00, 0x0F, 0xF3, 0xFC, 0x00, 0x7F, 0x9F, 0xE0, 0x07,
  0xFC, 0x7F, 0x80, 0x3F, 0xC3, 0xFC, 0x01, 0xFE, 0x1F, 0xF0, 0x1F, 0xE0,
  0x7F, 0x80, 0xFF, 0x03, 0xFC, 0x0F, 0xF0, 0x0F, 0xF0, 0x7F, 0x80, 0x7F,
  0x83, 0xF8, 0x01, 0xFE, 0x3F, 0xC0, 0x0F, 0xF1, 0xFC, 0x00, 0x3F, 0xDF,
  0xE0, 0x01, 0xFE, 0xFE, 0x00, 0x07, 0xFF, 0xF0, 0x00, 0x3F, 0xFF, 0x80,
  0x00, 0xFF, 0xF8, 0x00, 0x07, 0xFF, 0xC0, 0x00, 0x1F, 0xFC, 0x00, 0x00,
  0xFF, 0xE0, 0x00, 0x07, 0xFE, 0x00, 0x00, 0x1F, 0xF0, 0x00, 0x01, 0xFF,
  0x00, 0x00, 0x0F, 0xFC, 0x00, 0x00, 0x7F, 0xE0, 0x00, 0x07, 0xFF, 0x80,
  0x00, 0x3F, 0xFC, 0x00, 0x03, 0xFF, 0xF0, 0x00, 0x1F, 0xFF, 0x80, 0x01,
  0xFF, 0xFE, 0x00, 0x0F, 0xEF, 0xF0, 0x00, 0xFF, 0x3F, 0xC0, 0x07, 0xF9,
  0xFE, 0x00, 0x3F, 0x8F, 0xF8, 0x03, 0xFC, 0x3F, 0xC0, 0x1F, 0xC1, 0xFE,
  0x01, 0xFE, 0x07, 0xF8, 0x0F, 0xF0, 0x3F, 0xC0, 0xFF, 0x00, 0xFF, 0x07,
  0xF8, 0x07, 0xF8, 0x3F, 0x80, 0x1F, 0xE3, 0xFC, 0x00, 0xFF, 0x1F, 0xE0,
  0x03, 0xFD, 0xFE, 0x00, 0x1F, 0xEF, 0xF0, 0x00, 0x7F, 0x80, 0x7F, 0x80,
  0x07, 0xFB, 0xFC, 0x00, 0x7F, 0xDF, 0xE0, 0x03, 0xFE, 0xFF, 0x00, 0x1F,
  0xE7, 0xFC, 0x00, 0xFF, 0x1F, 0xE0, 0x07, 0xF8, 0xFF, 0x00, 0x3F, 0xC7,
  0xF8, 0x03, 0xFC, 0x3F, 0xC0, 0x1F, 0xE0, 0xFE, 0x00, 0xFF, 0x07, 0xF8,
  0x07, 0xF8, 0x3F, 0xC0, 0x3F, 0xC1, 0xFE, 0x03, 0xFC, 0x0F, 0xF0, 0x1F,
  0xE0, 0x3F, 0x80, 0xFF, 0x01, 0xFC, 0x07, 0xF8, 0x0F, 0xF0, 0x3F, 0x80,
  0x7F, 0x81, 0xFC, 0x01, 0xFC, 0x1F, 0xE0, 0x0F, 0xE0, 0xFF, 0x00, 0x7F,
  0x07, 0xF8, 0x03, 0xFC, 0x3F, 0x80, 0x0F, 0xE1, 0xFC, 0x00, 0x7F, 0x0F,
  0xE0, 0x03, 0xF8, 0xFF, 0x00, 0x1F, 0xC7, 0xF0, 0x00, 0xFE, 0x3F, 0x80,
  0x03, 0xF9, 0xFC, 0x00, 0x1F, 0xCF, 0xE0, 0x00, 0xFE, 0x7F, 0x00, 0x07,
  0xF7, 0xF0, 0x00, 0x1F, 0xBF, 0x80, 0x00, 0xFD, 0xFC, 0x00, 0x07, 0xFF,
  0xE0, 0x00, 0x3F, 0xFE, 0x00, 0x01, 0xFF, 0xF0, 0x00, 0x07, 0xFF, 0x80,
  0x00, 0x3F, 0xFC, 0x00, 0x01, 0xFF, 0xE0, 0x00, 0x0F, 0xFE, 0x00, 0x00,
  0x3F, 0xF0, 0x00, 0x01, 0xFF, 0x80, 0x00, 0x0F, 0xFC, 0x00, 0x00, 0x7F,
  0xC0, 0x00, 0x03, 0xFE, 0x00, 0x00, 0x0F, 0xF0, 0x00, 0x00, 0x7F, 0x80,
  0x00, 0x03, 0xFC, 0x00, 0x00, 0x1F, 0xC0, 0x00, 0x01, 0xFE, 0x00, 0x00,
  0x1F, 0xF0, 0x00, 0x3F, 0xFF, 0x00, 0x01, 0xFF, 0xF0, 0x00, 0x0F, 0xFF,
  0x80, 0x00, 0x7F, 0xF8, 0x00, 0x03, 0xFF, 0x00, 0x00, 0x1F, 0x80, 0x00,
  0x00, 0x3F, 0xFF, 0xFE, 0x7F, 0xFF, 0xFC, 0xFF, 0xFF, 0xF9, 0xFF, 0xFF,
  0xF3, 0xFF, 0xFF, 0xE7, 0xFF, 0xFF, 0xC0, 0x00, 0xFF, 0x00, 0x01, 0xFE,
  0x00, 0x07, 0xF8, 0x00, 0x0F, 0xF0, 0x00, 0x3F, 0xE0, 0x00, 0x7F, 0x80,
  0x00, 0xFF, 0x00, 0x03, 0xFC, 0x00, 0x07, 0xF8, 0x00, 0x1F, 0xF0, 0x00,
  0x3F, 0xC0, 0x00, 0xFF, 0x80, 0x01, 0xFE, 0x00, 0x03, 0xFC, 0x00, 0x0F,
  0xF8, 0x00, 0x1F, 0xE0, 0x00, 0x7F, 0xC0, 0x00, 0xFF, 0x80, 0x03, 0xFE,
  0x00, 0x07, 0xFC, 0x00, 0x0F, 0xF0, 0x00, 0x3F, 0xE0, 0x00, 0x7F, 0xC0,
  0x01, 0xFF, 0x00, 0x03, 0xFE, 0x00, 0x0F, 0xF8, 0x00, 0x1F, 0xF0, 0x00,
  0x3F, 0xE0, 0x00, 0xFF, 0x80, 0x01, 0xFF, 0x00, 0x07, 0xFC, 0x00, 0x0F,
  0xF8, 0x00, 0x3F, 0xF0, 0x00, 0x7F, 0xFF, 0xFF, 0xFF, 0xFF, 0xFF, 0xFF,
  0xFF, 0xFF, 0xFF, 0xFF, 0xFF, 0xFF, 0xFF, 0xFF, 0xFF, 0xFF, 0xE0, 0x00,
  0x00, 0x00, 0x0F, 0xFC, 0x03, 0xFF, 0x80, 0xFF, 0xF0, 0x3F, 0xFE, 0x07,
  0xFF, 0xC0, 0xFF, 0xF8, 0x3F, 0xF0, 0x07, 0xFC, 0x00, 0xFF, 0x80, 0x1F,
  0xF0, 0x03, 0xFE, 0x00, 0x7F, 0xC0, 0x0F, 0xF8, 0x01, 0xFF, 0x00, 0x3F,
  0xE0, 0x07, 0xFC, 0x00, 0xFF, 0x80, 0x1F, 0xF0, 0x03, 0xFE, 0x00, 0x7F,
  0xC0, 0x0F, 0xF8, 0x01, 0xFF, 0x00, 0x3F, 0xE0, 0x07, 0xFC, 0x00, 0xFF,
  0x80, 0x1F, 0xF0, 0x03, 0xFE, 0x00, 0x7F, 0xC0, 0x0F, 0xF8, 0x01, 0xFF,
  0x00, 0x3F, 0xE0, 0x07, 0xFC, 0x00, 0xFF, 0x80, 0x3F, 0xE0, 0x07, 0xFC,
  0x01, 0xFF, 0x81, 0xFF, 0xE0, 0x3F, 0xF8, 0x07, 0xFE, 0x00, 0xFF, 0xC0,
  0x1F, 0xFC, 0x03, 0xFF, 0xC0, 0x0F, 0xFC, 0x00, 0xFF, 0x80, 0x1F, 0xF0,
  0x01, 0xFF, 0x00, 0x3F, 0xE0, 0x07, 0xFC, 0x00, 0xFF, 0x80, 0x1F, 0xF0,
  0x03, 0xFE, 0x00, 0x7F, 0xC0, 0x0F, 0xF8, 0x01, 0xFF, 0x00, 0x3F, 0xE0,
  0x07, 0xFC, 0x00, 0xFF, 0x80, 0x1F, 0xF0, 0x03, 0xFE, 0x00, 0x7F, 0xC0,
  0x0F, 0xF8, 0x01, 0xFF, 0x00, 0x3F, 0xE0, 0x07, 0xFC, 0x00, 0xFF, 0x80,
  0x1F, 0xF0, 0x03, 0xFE, 0x00, 0x7F, 0xC0, 0x0F, 0xF8, 0x01, 0xFF, 0x00,
  0x3F, 0xE0, 0x07, 0xFE, 0x00, 0x7F, 0xFC, 0x0F, 0xFF, 0x81, 0xFF, 0xF0,
  0x1F, 0xFE, 0x01, 0xFF, 0xC0, 0x07, 0xF8, 0xFF, 0xFF, 0xFF, 0xFF, 0xFF,
  0xFF, 0xFF, 0xFF, 0xFF, 0xFF, 0xFF, 0xFF, 0xFF, 0xFF, 0xFF, 0xFF, 0xFF,
  0xFF, 0xFF, 0xFF, 0xFF, 0xFF, 0xFF, 0xFF, 0xFF, 0xFF, 0xFF, 0xFF, 0xFF,
  0xFF, 0xFF, 0xFF, 0xFF, 0xFF, 0xFF, 0xFF, 0xFF, 0xFF, 0xFF, 0xFF, 0xFF,
  0xFF, 0xFF, 0xFF, 0xFF, 0xFF, 0xFF, 0xFF, 0xFF, 0xFF, 0xFF, 0xFF, 0xFF,
  0xFF, 0xFF, 0xFF, 0xFF, 0xFF, 0xFF, 0xFF, 0xFF, 0xFF, 0xFF, 0xFF, 0xFF,
  0xFF, 0xFF, 0xFF, 0xFF, 0xFF, 0xFF, 0xFF, 0xFF, 0xFF, 0xFF, 0x00, 0x00,
  0x1F, 0xF8, 0x03, 0xFF, 0x80, 0x7F, 0xF8, 0x0F, 0xFF, 0x81, 0xFF, 0xF0,
  0x3F, 0xFE, 0x00, 0x7F, 0xE0, 0x07, 0xFC, 0x00, 0xFF, 0x80, 0x1F, 0xF0,
  0x03, 0xFE, 0x00, 0x7F, 0xC0, 0x0F, 0xF8, 0x01, 0xFF, 0x00, 0x3F, 0xE0,
  0x07, 0xFC, 0x00, 0xFF, 0x80, 0x1F, 0xF0, 0x03, 0xFE, 0x00, 0x7F, 0xC0,
  0x0F, 0xF8, 0x01, 0xFF, 0x00, 0x3F, 0xE0, 0x07, 0xFC, 0x00, 0xFF, 0x80,
  0x1F, 0xF0, 0x03, 0xFE, 0x00, 0x7F, 0xC0, 0x0F, 0xF8, 0x01, 0xFF, 0x00,
  0x3F, 0xE0, 0x07, 0xFC, 0x00, 0xFF, 0x80, 0x0F, 0xF8, 0x01, 0xFF, 0x00,
  0x3F, 0xF0, 0x03, 0xFF, 0xC0, 0x3F, 0xF8, 0x03, 0xFF, 0x00, 0x7F, 0xE0,
  0x1F, 0xFC, 0x07, 0xFF, 0x81, 0xFF, 0x80, 0x3F, 0xE0, 0x07, 0xFC, 0x01,
  0xFF, 0x00, 0x3F, 0xE0, 0x07, 0xFC, 0x00, 0xFF, 0x80, 0x1F, 0xF0, 0x03,
  0xFE, 0x00, 0x7F, 0xC0, 0x0F, 0xF8, 0x01, 0xFF, 0x00, 0x3F, 0xE0, 0x07,
  0xFC, 0x00, 0xFF, 0x80, 0x1F, 0xF0, 0x03, 0xFE, 0x00, 0x7F, 0xC0, 0x0F,
  0xF8, 0x01, 0xFF, 0x00, 0x3F, 0xE0, 0x07, 0xFC, 0x00, 0xFF, 0x80, 0x1F,
  0xF0, 0x03, 0xFE, 0x00, 0x7F, 0xC0, 0x0F, 0xF8, 0x01, 0xFF, 0x00, 0x3F,
  0xE0, 0x0F, 0xFC, 0x1F, 0xFF, 0x03, 0xFF, 0xE0, 0x7F, 0xFC, 0x0F, 0xFF,
  0x01, 0xFF, 0xC0, 0x3F, 0xC0, 0x00, 0x01, 0xF0, 0x00, 0x00, 0x3F, 0xE0,
  0x01, 0x07, 0xFF, 0xC0, 0x38, 0x7F, 0xFF, 0x83, 0xE7, 0xFF, 0xFF, 0xFF,
  0xFF, 0xFF, 0xFF, 0xFF, 0xFF, 0xFF, 0xFF, 0xCF, 0x83, 0xFF, 0xFC, 0x38,
  0x07, 0xFF, 0x80, 0x00, 0x0F, 0xF8, 0x00, 0x00, 0x1F, 0x00 };

const GFXglyph Oswald_Regular40pt7bGlyphs[] PROGMEM = {
  {     0,   1,   1,  18,    0,    0 },   // 0x20 ' '
  {     1,   8,  64,  16,    4,  -63 },   // 0x21 '!'
  {    65,  19,  19,  21,    2,  -63 },   // 0x22 '"'
  {   111,  33,  64,  37,    2,  -63 },   // 0x23 '#'
  {   375,  32,  76,  38,    3,  -69 },   // 0x24 '$'
  {   679,  64,  66,  70,    3,  -64 },   // 0x25 '%'
  {  1207,  39,  66,  48,    5,  -64 },   // 0x26 '&'
  {  1529,   8,  19,  10,    2,  -63 },   // 0x27 '''
  {  1548,  15,  80,  23,    6,  -64 },   // 0x28 '('
  {  1698,  15,  80,  20,    2,  -64 },   // 0x29 ')'
  {  1848,  26,  27,  31,    4,  -63 },   // 0x2A '*'
  {  1936,  29,  32,  33,    2,  -48 },   // 0x2B '+'
  {  2052,   8,  19,  14,    3,   -8 },   // 0x2C ','
  {  2071,  17,   6,  23,    3,  -25 },   // 0x2D '-'
  {  2084,   8,   9,  15,    4,   -8 },   // 0x2E '.'
  {  2093,  25,  64,  29,    2,  -63 },   // 0x2F '/'
  {  2293,  31,  66,  41,    5,  -64 },   // 0x30 '0'
  {  2549,  19,  64,  29,    2,  -63 },   // 0x31 '1'
  {  2701,  31,  65,  37,    3,  -64 },   // 0x32 '2'
  {  2953,  31,  66,  37,    3,  -64 },   // 0x33 '3'
  {  3209,  34,  64,  38,    3,  -63 },   // 0x34 '4'
  {  3481,  31,  65,  38,    4,  -63 },   // 0x35 '5'
  {  3733,  31,  66,  40,    5,  -64 },   // 0x36 '6'
  {  3989,  25,  64,  30,    2,  -63 },   // 0x37 '7'
  {  4189,  31,  66,  39,    4,  -64 },   // 0x38 '8'
  {  4445,  31,  66,  40,    4,  -64 },   // 0x39 '9'
  {  4701,   8,  34,  15,    5,  -41 },   // 0x3A ':'
  {  4735,   8,  48,  17,    5,  -43 },   // 0x3B ';'
  {  4783,  23,  33,  29,    2,  -48 },   // 0x3C '<'
  {  4878,  24,  20,  32,    4,  -41 },   // 0x3D '='
  {  4938,  23,  33,  30,    5,  -48 },   // 0x3E '>'
  {  5033,  31,  65,  38,    4,  -64 },   // 0x3F '?'
  {  5285,  63,  73,  71,    5,  -63 },   // 0x40 '@'
  {  5860,  36,  64,  39,    1,  -63 },   // 0x41 'A'
  {  6148,  33,  64,  41,    5,  -63 },   // 0x42 'B'
  {  6412,  33,  66,  41,    4,  -64 },   // 0x43 'C'
  {  6685,  33,  64,  42,    5,  -63 },   // 0x44 'D'
  {  6949,  25,  64,  32,    5,  -63 },   // 0x45 'E'
  {  7149,  25,  64,  31,    5,  -63 },   // 0x46 'F'
  {  7349,  34,  66,  42,    4,  -64 },   // 0x47 'G'
  {  7630,  34,  64,  44,    5,  -63 },   // 0x48 'H'
  {  7902,   8,  64,  18,    5,  -63 },   // 0x49 'I'
  {  7966,  18,  65,  24,    1,  -63 },   // 0x4A 'J'
  {  8113,  34,  64,  39,    5,  -63 },   // 0x4B 'K'
  {  8385,  25,  64,  31,    5,  -63 },   // 0x4C 'L'
  {  8585,  43,  64,  51,    4,  -63 },   // 0x4D 'M'
  {  8929,  32,  64,  42,    5,  -63 },   // 0x4E 'N'
  {  9185,  35,  66,  43,    4,  -64 },   // 0x4F 'O'
  {  9474,  31,  64,  37,    5,  -63 },   // 0x50 'P'
  {  9722,  35,  78,  43,    4,  -64 },   // 0x51 'Q'
  { 10064,  32,  64,  40,    5,  -63 },   // 0x52 'R'
  { 10320,  32,  66,  37,    3,  -64 },   // 0x53 'S'
  { 10584,  30,  64,  32,    1,  -63 },   // 0x54 'T'
  { 10824,  34,  65,  42,    4,  -63 },   // 0x55 'U'
  { 11101,  36,  64,  40,    2,  -63 },   // 0x56 'V'
  { 11389,  51,  64,  57,    3,  -63 },   // 0x57 'W'
  { 11797,  36,  64,  38,    1,  -63 },   // 0x58 'X'
  { 12085,  36,  64,  38,    1,  -63 },   // 0x59 'Y'
  { 12373,  28,  64,  33,    3,  -63 },   // 0x5A 'Z'
  { 12597,  17,  78,  26,    5,  -63 },   // 0x5B '['
  { 12763,  25,  64,  29,    2,  -63 },   // 0x5C '\'
  { 12963,  17,  77,  24,    2,  -63 },   // 0x5D ']'
  { 13127,  29,  26,  35,    3,  -63 },   // 0x5E '^'
  { 13222,  27,   6,  27,    0,    6 },   // 0x5F '_'
  { 13243,  13,  16,  22,    4,  -63 },   // 0x60 '`'
  { 13269,  27,  47,  32,    2,  -45 },   // 0x61 'a'
  { 13428,  27,  65,  34,    4,  -63 },   // 0x62 'b'
  { 13648,  26,  47,  32,    3,  -45 },   // 0x63 'c'
  { 13801,  27,  65,  34,    3,  -63 },   // 0x64 'd'
  { 14021,  26,  47,  32,    3,  -45 },   // 0x65 'e'
  { 14174,  21,  61,  23,    1,  -60 },   // 0x66 'f'
  { 14335,  34,  61,  35,    2,  -45 },   // 0x67 'g'
  { 14595,  26,  64,  34,    4,  -63 },   // 0x68 'h'
  { 14803,   8,  61,  18,    5,  -60 },   // 0x69 'i'
  { 14864,  15,  73,  18,   -1,  -60 },   // 0x6A 'j'
  { 15001,  29,  64,  33,    4,  -63 },   // 0x6B 'k'
  { 15233,   8,  64,  18,    5,  -63 },   // 0x6C 'l'
  { 15297,  46,  46,  54,    4,  -45 },   // 0x6D 'm'
  { 15562,  26,  46,  34,    4,  -45 },   // 0x6E 'n'
  { 15712,  26,  47,  32,    3,  -45 },   // 0x6F 'o'
  { 15865,  27,  61,  34,    4,  -45 },   // 0x70 'p'
  { 16071,  27,  61,  34,    3,  -45 },   // 0x71 'q'
  { 16277,  20,  46,  25,    4,  -45 },   // 0x72 'r'
  { 16392,  25,  47,  29,    2,  -45 },   // 0x73 's'
  { 16539,  20,  60,  24,    2,  -58 },   // 0x74 't'
  { 16689,  26,  46,  34,    4,  -44 },   // 0x75 'u'
  { 16839,  28,  45,  30,    1,  -44 },   // 0x76 'v'
  { 16997,  42,  45,  46,    2,  -44 },   // 0x77 'w'
  { 17234,  29,  45,  30,    1,  -44 },   // 0x78 'x'
  { 17398,  29,  57,  31,    1,  -44 },   // 0x79 'y'
  { 17605,  23,  45,  27,    2,  -44 },   // 0x7A 'z'
  { 17735,  19,  79,  24,    3,  -64 },   // 0x7B '{'
  { 17923,   8,  75,  18,    5,  -63 },   // 0x7C '|'
  { 17998,  19,  79,  25,    3,  -64 },   // 0x7D '}'
  { 18186,  29,  11,  35,    3,  -37 } }; // 0x7E '~'

const GFXfont Oswald_Regular40pt7b PROGMEM = {
  (uint8_t  *)Oswald_Regular40pt7bBitmaps,
  (GFXglyph *)Oswald_Regular40pt7bGlyphs,
  0x20, 0x7E, 116 };

// Approx. 18898 bytes
