const uint8_t Oswald_Regular60pt7bBitmaps[] PROGMEM = {
  0x00, 0xFF, 0xFF, 0xFF, 0xFF, 0xFF, 0xFF, 0xFF, 0xFF, 0xFF, 0xFF, 0xFF,
  0xFF, 0xFF, 0xFF, 0xFB, 0xFF, 0x9F, 0xFC, 0xFF, 0xE7, 0xFF, 0x3F, 0xF9,
  0xFF, 0xCF, 0xFE, 0x7F, 0xF3, 0xFF, 0x9F, 0xFC, 0xFF, 0xE7, 0xFF, 0x3F,
  0xF9, 0xFF, 0xCF, 0xFE, 0x7F, 0xF3, 0xFF, 0x9F, 0xF8, 0x7F, 0xC3, 0xFE,
  0x1F, 0xF0, 0xFF, 0x87, 0xFC, 0x3F, 0xE1, 0xFF, 0x0F, 0xF8, 0x7F, 0xC3,
  0xFE, 0x1F, 0xF0, 0xFF, 0x87, 0xFC, 0x3F, 0xE1, 0xFF, 0x0F, 0xF8, 0x7F,
  0xC3, 0xFC, 0x1F, 0xE0, 0x7F, 0x03, 0xF8, 0x1F, 0xC0, 0xFE, 0x07, 0xF0,
  0x3F, 0x81, 0xFC, 0x0F, 0xE0, 0x7F, 0x03, 0xF8, 0x1F, 0xC0, 0xFE, 0x07,
  0xF0, 0x3F, 0x81, 0xFC, 0x0F, 0xC0, 0x7E, 0x03, 0xF0, 0x0F, 0x80, 0x7C,
  0x03, 0xE0, 0x1F, 0x00, 0xF8, 0x07, 0xC0, 0x3E, 0x01, 0xF0, 0x0F, 0x80,
  0x7C, 0x03, 0xE0, 0x00, 0x00, 0x00, 0x00, 0x00, 0x00, 0x00, 0x00, 0x00,
  0x00, 0x00, 0x3F, 0xFF, 0xFF, 0xFF, 0xFF, 0xFF, 0xFF, 0xFF, 0xFF, 0xFF,
  0xFF, 0xFF, 0xFF, 0xFF, 0xFF, 0xFF, 0xFF, 0xFF, 0xFF, 0xFF, 0xFF, 0xE0,
  0xFF, 0xE0, 0xFF, 0xFF, 0xFE, 0x0F, 0xFF, 0xFF, 0xE0, 0xFF, 0xFF, 0xFE,
  0x0F, 0xFE, 0xFF, 0xE0, 0xFF, 0xEF, 0xFE, 0x0F, 0xFE, 0xFF, 0xC0, 0xFF,
  0xEF, 0xFC, 0x0F, 0xFE, 0xFF, 0xC0, 0xFF, 0xEF, 0xFC, 0x0F, 0xFC, 0xFF,
  0xC0, 0xFF, 0xCF, 0xFC, 0x0F, 0xFC, 0xFF, 0xC0, 0xFF, 0xCF, 0xF8, 0x0F,
  0xFC, 0xFF, 0x80, 0xFF, 0xCF, 0xF8, 0x0F, 0xF8, 0xFF, 0x80, 0xFF, 0x8F,
  0xF8, 0x0F, 0xF8, 0xFF, 0x80, 0xFF, 0x8F, 0xF0, 0x0F, 0xF8, 0xFF, 0x00,
  0xFF, 0x8F, 0xF0, 0x0F, 0xF8, 0xFF, 0x00, 0xFF, 0x0F, 0xF0, 0x0F, 0xF0,
  0xFF, 0x00, 0xFF, 0x0F, 0xE0, 0x0F, 0xF0, 0xFE, 0x00, 0xFF, 0x0F, 0xE0,
  0x0F, 0xF0, 0xFE, 0x00, 0xFE, 0x00, 0x00, 0x07, 0xFF, 0xC0, 0x07, 0xFF,
  0x80, 0x01, 0xFF, 0xF0, 0x03, 0xFF, 0xE0, 0x00, 0x7F, 0xFC, 0x00, 0xFF,
  0xF8, 0x00, 0x1F, 0xFF, 0x00, 0x3F, 0xFE, 0x00, 0x07, 0xFF, 0x80, 0x0F,
  0xFF, 0x00, 0x01, 0xFF, 0xE0, 0x03, 0xFF, 0xC0, 0x00, 0x7F, 0xF8, 0x00,
  0xFF, 0xF0, 0x00, 0x3F, 0xFE, 0x00, 0x3F, 0xFC, 0x00, 0x0F, 0xFF, 0x80,
  0x1F, 0xFF, 0x00, 0x03, 0xFF, 0xE0, 0x07, 0xFF, 0xC0, 0x00, 0xFF, 0xF8,
  0x01, 0xFF, 0xF0, 0x00, 0x3F, 0xFC, 0x00, 0x7F, 0xF8, 0x00, 0x0F, 0xFF,
  0x00, 0x1F, 0xFE, 0x00, 0x03, 0xFF, 0xC0, 0x07, 0xFF, 0x80, 0x01, 0xFF,
  0xF0, 0x01, 0xFF, 0xE0, 0x00, 0x7F, 0xFC, 0x00, 0xFF, 0xF8, 0x00, 0x1F,
  0xFF, 0x00, 0x3F, 0xFE, 0x00, 0x07, 0xFF, 0xC0, 0x0F, 0xFF, 0x80, 0x01,
  0xFF, 0xE0, 0x03, 0xFF, 0xC0, 0x00, 0x7F, 0xF8, 0x00, 0xFF, 0xF0, 0x00,
  0x1F, 0xFE, 0x00, 0x3F, 0xFC, 0x00, 0x0F, 0xFF, 0x80, 0x0F, 0xFF, 0x00,
  0x03, 0xFF, 0xE0, 0x07, 0xFF, 0xC0, 0x00, 0xFF, 0xF8, 0x01, 0xFF, 0xF0,
  0x00, 0x3F, 0xFE, 0x00, 0x7F, 0xFC, 0x00, 0x0F, 0xFF, 0x00, 0x1F, 0xFE,
  0x00, 0x03, 0xFF, 0xC0, 0x07, 0xFF, 0x80, 0x00, 0xFF, 0xF0, 0x01, 0xFF,
  0xE0, 0x00, 0x7F, 0xFC, 0x00, 0xFF, 0xF8, 0x00, 0x1F, 0xFF, 0x00, 0x3F,
  0xFE, 0x00, 0x07, 0xFF, 0xC0, 0x0F, 0xFF, 0x83, 0xFF, 0xFF, 0xFF, 0xFF,
  0xFF, 0xFF, 0xFF, 0xFF, 0xFF, 0xFF, 0xFF, 0xFF, 0xFF, 0xFF, 0xFF, 0xFF,
  0xFF, 0xFF, 0xFF, 0xFF, 0xFF, 0xFF, 0xFF, 0xFF, 0xFF, 0xFF, 0xFF, 0xFF,
  0xFF, 0xFF, 0xFF, 0xFF, 0xFF, 0xFF, 0xFF, 0xFF, 0xFF, 0xFF, 0xFF, 0xFF,
  0xFF, 0xFF, 0xFF, 0xFF, 0xFF, 0xFF, 0xFF, 0xFF, 0xFF, 0xFF, 0xFF, 0xFF,
  0xFF, 0xFF, 0xFF, 0xFF, 0x00, 0xFF, 0xF0, 0x01, 0xFF, 0xE0, 0x00, 0x3F,
  0xFC, 0x00, 0x7F, 0xF8, 0x00, 0x1F, 0xFF, 0x00, 0x3F, 0xFE, 0x00, 0x07,
  0xFF, 0xC0, 0x0F, 0xFF, 0x80, 0x01, 0xFF, 0xF0, 0x03, 0xFF, 0xE0, 0x00,
  0x7F, 0xFC, 0x00, 0xFF, 0xF0, 0x00, 0x1F, 0xFE, 0x00, 0x3F, 0xFC, 0x00,
  0x07, 0xFF, 0x80, 0x0F, 0xFF, 0x00, 0x01, 0xFF, 0xE0, 0x03, 0xFF, 0xC0,
  0x00, 0x7F, 0xF8, 0x01, 0xFF, 0xF0, 0x00, 0x3F, 0xFE, 0x00, 0x7F, 0xFC,
  0x00, 0x0F, 0xFF, 0x80, 0x1F, 0xFF, 0x00, 0xFF, 0xFF, 0xFF, 0xFF, 0xFF,
  0xFF, 0xBF, 0xFF, 0xFF, 0xFF, 0xFF, 0xFF, 0xEF, 0xFF, 0xFF, 0xFF, 0xFF,
  0xFF, 0xFB, 0xFF, 0xFF, 0xFF, 0xFF, 0xFF, 0xFE, 0xFF, 0xFF, 0xFF, 0xFF,
  0xFF, 0xFF, 0xBF, 0xFF, 0xFF, 0xFF, 0xFF, 0xFF, 0xEF, 0xFF, 0xFF, 0xFF,
  0xFF, 0xFF, 0xFB, 0xFF, 0xFF, 0xFF, 0xFF, 0xFF, 0xFE, 0xFF, 0xFF, 0xFF,
  0xFF, 0xFF, 0xFF, 0x81, 0xFF, 0xE0, 0x03, 0xFF, 0xC0, 0x00, 0x7F, 0xF8,
  0x01, 0xFF, 0xF0, 0x00, 0x3F, 0xFE, 0x00, 0x7F, 0xFC, 0x00, 0x0F, 0xFF,
  0x80, 0x1F, 0xFF, 0x00, 0x03, 0xFF, 0xE0, 0x07, 0xFF, 0xC0, 0x00, 0xFF,
  0xF8, 0x01, 0xFF, 0xE0, 0x00, 0x3F, 0xFC, 0x00, 0x7F, 0xF8, 0x00, 0x0F,
  0xFF, 0x00, 0x1F, 0xFE, 0x00, 0x03, 0xFF, 0xC0, 0x0F, 0xFF, 0x80, 0x01,
  0xFF, 0xF0, 0x03, 0xFF, 0xE0, 0x00, 0x7F, 0xFC, 0x00, 0xFF, 0xF8, 0x00,
  0x1F, 0xFF, 0x00, 0x3F, 0xFE, 0x00, 0x07, 0xFF, 0xC0, 0x0F, 0xFF, 0x00,
  0x01, 0xFF, 0xE0, 0x03, 0xFF, 0xC0, 0x00, 0x7F, 0xF8, 0x00, 0xFF, 0xF0,
  0x00, 0x1F, 0xFE, 0x00, 0x7F, 0xFC, 0x00, 0x0F, 0xFF, 0x80, 0x1F, 0xFF,
  0x00, 0x03, 0xFF, 0xE0, 0x07, 0xFF, 0xC0, 0x00, 0xFF, 0xF8, 0x01, 0xFF,
  0xF0, 0x00, 0x3F, 0xFE, 0x00, 0x7F, 0xF8, 0x00, 0x0F, 0xFF, 0x00, 0x1F,
  0xFE, 0x00, 0x03, 0xFF, 0xC0, 0x07, 0xFF, 0x80, 0x00, 0xFF, 0xF0, 0x03,
  0xFF, 0xE0, 0x00, 0x7F, 0xFC, 0x00, 0xFF, 0xF8, 0x00, 0x1F, 0xFF, 0x00,
  0x3F, 0xFE, 0x00, 0x07, 0xFF, 0xC0, 0x0F, 0xFF, 0x80, 0x01, 0xFF, 0xF0,
  0x03, 0xFF, 0xC0, 0x00, 0x7F, 0xF8, 0x00, 0xFF, 0xF0, 0x00, 0x1F, 0xFE,
  0x00, 0x3F, 0xFC, 0x00, 0x07, 0xFF, 0x80, 0x1F, 0xFF, 0x00, 0x03, 0xFF,
  0xE0, 0x07, 0xFF, 0xC0, 0x00, 0xFF, 0xF8, 0x01, 0xFF, 0xF0, 0x00, 0x3F,
  0xFE, 0x00, 0x7F, 0xFC, 0x00, 0x0F, 0xFF, 0x80, 0x1F, 0xFE, 0x00, 0x00,
  0x00, 0x00, 0x07, 0x80, 0x00, 0x00, 0x00, 0x00, 0x07, 0x80, 0x00, 0x00,
  0x00, 0x00, 0x07, 0x80, 0x00, 0x00, 0x00, 0x00, 0x07, 0x80, 0x00, 0x00,
  0x00, 0x00, 0x07, 0x80, 0x00, 0x00, 0x00, 0x00, 0x07, 0x80, 0x00, 0x00,
  0x00, 0x00, 0x07, 0x80, 0x00, 0x00, 0x00, 0x00, 0x07, 0x80, 0x00, 0x00,
  0x00, 0x00, 0xFF, 0xFC, 0x00, 0x00, 0x00, 0x0F, 0xFF, 0xFF, 0x80, 0x00,
  0x00, 0x3F, 0xFF, 0xFF, 0xE0, 0x00, 0x00, 0xFF, 0xFF, 0xFF, 0xF8, 0x00,
  0x01, 0xFF, 0xFF, 0xFF, 0xFC, 0x00, 0x03, 0xFF, 0xFF, 0xFF, 0xFE, 0x00,
  0x07, 0xFF, 0xFF, 0xFF, 0xFF, 0x00, 0x0F, 0xFF, 0xFF, 0xFF, 0xFF, 0x80,
  0x1F, 0xFF, 0xFF, 0xFF, 0xFF, 0xC0, 0x1F, 0xFF, 0xFF, 0xFF, 0xFF, 0xC0,
  0x3F, 0xFF, 0xF0, 0x3F, 0xFF, 0xE0, 0x3F, 0xFF, 0x80, 0x07, 0xFF, 0xE0,
  0x7F, 0xFE, 0x00, 0x03, 0xFF, 0xF0, 0x7F, 0xFC, 0x00, 0x01, 0xFF, 0xF0,
  0x7F, 0xF8, 0x00, 0x01, 0xFF, 0xF8, 0x7F, 0xF8, 0x00, 0x00, 0xFF, 0xF8,
  0xFF, 0xF8, 0x00, 0x00, 0xFF, 0xF8, 0xFF, 0xF0, 0x00, 0x00, 0x7F, 0xF8,
  0xFF, 0xF0, 0x00, 0x00, 0x7F, 0xFC, 0xFF, 0xF0, 0x00, 0x00, 0x7F, 0xFC,
  0xFF, 0xF0, 0x00, 0x00, 0x3F, 0xFC, 0xFF, 0xF0, 0x00, 0x00, 0x3F, 0xFC,
  0xFF, 0xF0, 0x00, 0x00, 0x3F, 0xFC, 0xFF, 0xF0, 0x00, 0x00, 0x3F, 0xFC,
  0xFF, 0xF0, 0x00, 0x00, 0x3F, 0xFC, 0xFF, 0xF8, 0x00, 0x00, 0x3F, 0xE0,
  0xFF, 0xF8, 0x00, 0x00, 0x3E, 0x00, 0xFF, 0xF8, 0x00, 0x00, 0x00, 0x00,
  0x7F, 0xFC, 0x00, 0x00, 0x00, 0x00, 0x7F, 0xFE, 0x00, 0x00, 0x00, 0x00,
  0x7F, 0xFE, 0x00, 0x00, 0x00, 0x00, 0x7F, 0xFF, 0x00, 0x00, 0x00, 0x00,
  0x3F, 0xFF, 0x80, 0x00, 0x00, 0x00, 0x3F, 0xFF, 0xC0, 0x00, 0x00, 0x00,
  0x3F, 0xFF, 0xE0, 0x00, 0x00, 0x00, 0x1F, 0xFF, 0xF0, 0x00, 0x00, 0x00,
  0x0F, 0xFF, 0xFC, 0x00, 0x00, 0x00, 0x0F, 0xFF, 0xFE, 0x00, 0x00, 0x00,
  0x07, 0xFF, 0xFF, 0x00, 0x00, 0x00, 0x03, 0xFF, 0xFF, 0x80, 0x00, 0x00,
  0x01, 0xFF, 0xFF, 0xC0, 0x00, 0x00, 0x01, 0xFF, 0xFF, 0xE0, 0x00, 0x00,
  0x00, 0xFF, 0xFF, 0xF0, 0x00, 0x00, 0x00, 0x3F, 0xFF, 0xFC, 0x00, 0x00,
  0x00, 0x1F, 0xFF, 0xFE, 0x00, 0x00, 0x00, 0x0F, 0xFF, 0xFF, 0x00, 0x00,
  0x00, 0x07, 0xFF, 0xFF, 0x80, 0x00, 0x00, 0x03, 0xFF, 0xFF, 0xC0, 0x00,
  0x00, 0x01, 0xFF, 0xFF, 0xE0, 0x00, 0x00, 0x00, 0xFF, 0xFF, 0xF0, 0x00,
  0x00, 0x00, 0x7F, 0xFF, 0xF8, 0x00, 0x00, 0x00, 0x3F, 0xFF, 0xFC, 0x00,
  0x00, 0x00, 0x0F, 0xFF, 0xFE, 0x00, 0x00, 0x00, 0x07, 0xFF, 0xFF, 0x00,
  0x00, 0x00, 0x03, 0xFF, 0xFF, 0x80, 0x00, 0x00, 0x01, 0xFF, 0xFF, 0xC0,
  0x00, 0x00, 0x00, 0xFF, 0xFF, 0xC0, 0x00, 0x00, 0x00, 0x7F, 0xFF, 0xE0,
  0x00, 0x00, 0x00, 0x3F, 0xFF, 0xF0, 0x00, 0x00, 0x00, 0x1F, 0xFF, 0xF0,
  0x00, 0x00, 0x00, 0x0F, 0xFF, 0xF8, 0x00, 0x00, 0x00, 0x07, 0xFF, 0xF8,
  0x00, 0x00, 0x00, 0x03, 0xFF, 0xFC, 0x00, 0x00, 0x00, 0x01, 0xFF, 0xFC,
  0x00, 0x00, 0x00, 0x01, 0xFF, 0xFC, 0x00, 0x00, 0x00, 0x00, 0xFF, 0xFE,
  0x00, 0x00, 0x00, 0x00, 0x7F, 0xFE, 0x00, 0xF0, 0x00, 0x00, 0x7F, 0xFE,
  0x0F, 0xF0, 0x00, 0x00, 0x3F, 0xFE, 0xFF, 0xF0, 0x00, 0x00, 0x3F, 0xFF,
  0xFF, 0xF0, 0x00, 0x00, 0x3F, 0xFF, 0xFF, 0xF0, 0x00, 0x00, 0x1F, 0xFF,
  0xFF, 0xF0, 0x00, 0x00, 0x1F, 0xFF, 0xFF, 0xF8, 0x00, 0x00, 0x1F, 0xFF,
  0xFF, 0xF8, 0x00, 0x00, 0x1F, 0xFF, 0xFF, 0xF8, 0x00, 0x00, 0x1F, 0xFF,
  0xFF, 0xF8, 0x00, 0x00, 0x1F, 0xFF, 0x7F, 0xFC, 0x00, 0x00, 0x1F, 0xFF,
  0x7F, 0xFC, 0x00, 0x00, 0x1F, 0xFF, 0x7F, 0xFC, 0x00, 0x00, 0x1F, 0xFF,
  0x7F, 0xFE, 0x00, 0x00, 0x3F, 0xFE, 0x3F, 0xFE, 0x00, 0x00, 0x3F, 0xFE,
  0x3F, 0xFF, 0x00, 0x00, 0x3F, 0xFE, 0x3F, 0xFF, 0x80, 0x00, 0x7F, 0xFC,
  0x1F, 0xFF, 0xC0, 0x00, 0xFF, 0xFC, 0x1F, 0xFF, 0xE0, 0x01, 0xFF, 0xFC,
  0x0F, 0xFF, 0xF8, 0x07, 0xFF, 0xF8, 0x07, 0xFF, 0xFF, 0xFF, 0xFF, 0xF8,
  0x07, 0xFF, 0xFF, 0xFF, 0xFF, 0xF0, 0x03, 0xFF, 0xFF, 0xFF, 0xFF, 0xE0,
  0x01, 0xFF, 0xFF, 0xFF, 0xFF, 0xC0, 0x00, 0xFF, 0xFF, 0xFF, 0xFF, 0x80,
  0x00, 0x7F, 0xFF, 0xFF, 0xFF, 0x00, 0x00, 0x3F, 0xFF, 0xFF, 0xFE, 0x00,
  0x00, 0x0F, 0xFF, 0xFF, 0xF8, 0x00, 0x00, 0x03, 0xFF, 0xFF, 0xE0, 0x00,
  0x00, 0x00, 0x3F, 0xFE, 0x00, 0x00, 0x00, 0x00, 0x00, 0xF0, 0x00, 0x00,
  0x00, 0x00, 0x00, 0xF0, 0x00, 0x00, 0x00, 0x00, 0x00, 0xF0, 0x00, 0x00,
  0x00, 0x00, 0x00, 0xF0, 0x00, 0x00, 0x00, 0x00, 0x00, 0xF0, 0x00, 0x00,
  0x00, 0x00, 0x00, 0xF0, 0x00, 0x00, 0x00, 0x00, 0x00, 0xF0, 0x00, 0x00,
  0x00, 0x00, 0x00, 0xF0, 0x00, 0x00, 0x00, 0x07, 0xFF, 0x00, 0x00, 0x00,
  0x00, 0x00, 0x00, 0x00, 0x00, 0x00, 0x00, 0x3F, 0xFF, 0xF0, 0x00, 0x00,
  0x00, 0xFF, 0xE0, 0x00, 0x00, 0x00, 0x00, 0xFF, 0xFF, 0xFC, 0x00, 0x00,
  0x00, 0xFF, 0xE0, 0x00, 0x00, 0x00, 0x03, 0xFF, 0xFF, 0xFE, 0x00, 0x00,
  0x00, 0xFF, 0xC0, 0x00, 0x00, 0x00, 0x07, 0xFF, 0xFF, 0xFF, 0x00, 0x00,
  0x01, 0xFF, 0xC0, 0x00, 0x00, 0x00, 0x0F, 0xFF, 0xFF, 0xFF, 0x80, 0x00,
  0x01, 0xFF, 0xC0, 0x00, 0x00, 0x00, 0x0F, 0xFF, 0xFF, 0xFF, 0xC0, 0x00,
  0x01, 0xFF, 0x80, 0x00, 0x00, 0x00, 0x1F, 0xFF, 0xFF, 0xFF, 0xC0, 0x00,
  0x03, 0xFF, 0x80, 0x00, 0x00, 0x00, 0x3F, 0xFF, 0xFF, 0xFF, 0xE0, 0x00,
  0x03, 0xFF, 0x80, 0x00, 0x00, 0x00, 0x3F, 0xFF, 0x03, 0xFF, 0xE0, 0x00,
  0x03, 0xFF, 0x80, 0x00, 0x00, 0x00, 0x3F, 0xFC, 0x01, 0xFF, 0xF0, 0x00,
  0x03, 0xFF, 0x00, 0x00, 0x00, 0x00, 0x7F, 0xFC, 0x00, 0xFF, 0xF0, 0x00,
  0x07, 0xFF, 0x00, 0x00, 0x00, 0x00, 0x7F, 0xF8, 0x00, 0x7F, 0xF0, 0x00,
  0x07, 0xFF, 0x00, 0x00, 0x00, 0x00, 0x7F, 0xF8, 0x00, 0x7F, 0xF0, 0x00,
  0x07, 0xFE, 0x00, 0x00, 0x00, 0x00, 0x7F, 0xF8, 0x00, 0x7F, 0xF8, 0x00,
  0x07, 0xFE, 0x00, 0x00, 0x00, 0x00, 0xFF, 0xF0, 0x00, 0x3F, 0xF8, 0x00,
  0x0F, 0xFE, 0x00, 0x00, 0x00, 0x00, 0xFF, 0xF0, 0x00, 0x3F, 0xF8, 0x00,
  0x0F, 0xFE, 0x00, 0x00, 0x00, 0x00, 0xFF, 0xF0, 0x00, 0x3F, 0xF8, 0x00,
  0x0F, 0xFC, 0x00, 0x00, 0x00, 0x00, 0xFF, 0xF0, 0x00, 0x3F, 0xF8, 0x00,
  0x1F, 0xFC, 0x00, 0x00, 0x00, 0x00, 0xFF, 0xF0, 0x00, 0x3F, 0xF8, 0x00,
  0x1F, 0xFC, 0x00, 0x00, 0x00, 0x00, 0xFF, 0xF0, 0x00, 0x3F, 0xF8, 0x00,
  0x1F, 0xFC, 0x00, 0x00, 0x00, 0x00, 0xFF, 0xF0, 0x00, 0x3F, 0xF8, 0x00,
  0x1F, 0xF8, 0x00, 0x00, 0x00, 0x00, 0xFF, 0xF0, 0x00, 0x3F, 0xF8, 0x00,
  0x3F, 0xF8, 0x00, 0x00, 0x00, 0x00, 0xFF, 0xF0, 0x00, 0x3F, 0xF8, 0x00,
  0x3F, 0xF8, 0x00, 0x00, 0x00, 0x00, 0xFF, 0xF0, 0x00, 0x3F, 0xF8, 0x00,
  0x3F, 0xF0, 0x00, 0x00, 0x00, 0x00, 0xFF, 0xF0, 0x00, 0x3F, 0xF8, 0x00,
  0x7F, 0xF0, 0x00, 0x00, 0x00, 0x00, 0xFF, 0xF0, 0x00, 0x3F, 0xF8, 0x00,
  0x7F, 0xF0, 0x00, 0x00, 0x00, 0x00, 0xFF, 0xF0, 0x00, 0x3F, 0xF8, 0x00,
  0x7F, 0xF0, 0x00, 0x00, 0x00, 0x00, 0xFF, 0xF0, 0x00, 0x3F, 0xF8, 0x00,
  0x7F, 0xE0, 0x00, 0x00, 0x00, 0x00, 0xFF, 0xF0, 0x00, 0x3F, 0xF8, 0x00,
  0xFF, 0xE0, 0x00, 0x00, 0x00, 0x00, 0xFF, 0xF0, 0x00, 0x3F, 0xF8, 0x00,
  0xFF, 0xE0, 0x00, 0x00, 0x00, 0x00, 0xFF, 0xF0, 0x00, 0x3F, 0xF8, 0x00,
  0xFF, 0xE0, 0x00, 0x00, 0x00, 0x00, 0xFF, 0xF0, 0x00, 0x3F, 0xF8, 0x00,
  0xFF, 0xC0, 0x00, 0x00, 0x00, 0x00, 0xFF, 0xF0, 0x00, 0x3F, 0xF8, 0x01,
  0xFF, 0xC0, 0x00, 0x00, 0x00, 0x00, 0xFF, 0xF0, 0x00, 0x3F, 0xF8, 0x01,
  0xFF, 0xC0, 0x00, 0x00, 0x00, 0x00, 0x7F, 0xF8, 0x00, 0x7F, 0xF0, 0x01,
  0xFF, 0x80, 0x00, 0x00, 0x00, 0x00, 0x7F, 0xF8, 0x00, 0x7F, 0xF0, 0x03,
  0xFF, 0x80, 0x00, 0x00, 0x00, 0x00, 0x7F, 0xF8, 0x00, 0x7F, 0xF0, 0x03,
  0xFF, 0x80, 0x00, 0x00, 0x00, 0x00, 0x7F, 0xFC, 0x00, 0xFF, 0xF0, 0x03,
  0xFF, 0x80, 0x00, 0x00, 0x00, 0x00, 0x3F, 0xFE, 0x01, 0xFF, 0xE0, 0x03,
  0xFF, 0x00, 0x00, 0x00, 0x00, 0x00, 0x3F, 0xFF, 0x03, 0xFF, 0xE0, 0x07,
  0xFF, 0x00, 0x00, 0x00, 0x00, 0x00, 0x1F, 0xFF, 0xFF, 0xFF, 0xC0, 0x07,
  0xFF, 0x00, 0x00, 0x00, 0x00, 0x00, 0x1F, 0xFF, 0xFF, 0xFF, 0xC0, 0x07,
  0xFE, 0x00, 0x00, 0x00, 0x00, 0x00, 0x0F, 0xFF, 0xFF, 0xFF, 0x80, 0x0F,
  0xFE, 0x00, 0x00, 0x00, 0x00, 0x00, 0x07, 0xFF, 0xFF, 0xFF, 0x80, 0x0F,
  0xFE, 0x00, 0x00, 0x00, 0x00, 0x00, 0x07, 0xFF, 0xFF, 0xFF, 0x00, 0x0F,
  0xFE, 0x00, 0x00, 0x7F, 0xE0, 0x00, 0x01, 0xFF, 0xFF, 0xFE, 0x00, 0x0F,
  0xFC, 0x00, 0x07, 0xFF, 0xFE, 0x00, 0x00, 0xFF, 0xFF, 0xF8, 0x00, 0x1F,
  0xFC, 0x00, 0x1F, 0xFF, 0xFF, 0x80, 0x00, 0x3F, 0xFF, 0xE0, 0x00, 0x1F,
  0xFC, 0x00, 0x3F, 0xFF, 0xFF, 0xC0, 0x00, 0x07, 0xFF, 0x00, 0x00, 0x1F,
  0xFC, 0x00, 0x7F, 0xFF, 0xFF, 0xE0, 0x00, 0x00, 0x00, 0x00, 0x00, 0x1F,
  0xF8, 0x00, 0xFF, 0xFF, 0xFF, 0xF0, 0x00, 0x00, 0x00, 0x00, 0x00, 0x3F,
  0xF8, 0x00, 0xFF, 0xFF, 0xFF, 0xF8, 0x00, 0x00, 0x00, 0x00, 0x00, 0x3F,
  0xF8, 0x01, 0xFF, 0xFF, 0xFF, 0xF8, 0x00, 0x00, 0x00, 0x00, 0x00, 0x3F,
  0xF0, 0x03, 0xFF, 0xFF, 0xFF, 0xFC, 0x00, 0x00, 0x00, 0x00, 0x00, 0x7F,
  0xF0, 0x03, 0xFF, 0xE0, 0x7F, 0xFC, 0x00, 0x00, 0x00, 0x00, 0x00, 0x7F,
  0xF0, 0x03, 0xFF, 0x80, 0x3F, 0xFE, 0x00, 0x00, 0x00, 0x00, 0x00, 0x7F,
  0xF0, 0x07, 0xFF, 0x80, 0x1F, 0xFE, 0x00, 0x00, 0x00, 0x00, 0x00, 0x7F,
  0xE0, 0x07, 0xFF, 0x00, 0x0F, 0xFE, 0x00, 0x00, 0x00, 0x00, 0x00, 0xFF,
  0xE0, 0x07, 0xFF, 0x00, 0x0F, 0xFE, 0x00, 0x00, 0x00, 0x00, 0x00, 0xFF,
  0xE0, 0x07, 0xFF, 0x00, 0x0F, 0xFE, 0x00, 0x00, 0x00, 0x00, 0x00, 0xFF,
  0xC0, 0x0F, 0xFE, 0x00, 0x07, 0xFF, 0x00, 0x00, 0x00, 0x00, 0x01, 0xFF,
  0xC0, 0x0F, 0xFE, 0x00, 0x07, 0xFF, 0x00, 0x00, 0x00, 0x00, 0x01, 0xFF,
  0xC0, 0x0F, 0xFE, 0x00, 0x07, 0xFF, 0x00, 0x00, 0x00, 0x00, 0x01, 0xFF,
  0xC0, 0x0F, 0xFE, 0x00, 0x07, 0xFF, 0x00, 0x00, 0x00, 0x00, 0x01, 0xFF,
  0x80, 0x0F, 0xFE, 0x00, 0x07, 0xFF, 0x00, 0x00, 0x00, 0x00, 0x03, 0xFF,
  0x80, 0x0F, 0xFE, 0x00, 0x07, 0xFF, 0x00, 0x00, 0x00, 0x00, 0x03, 0xFF,
  0x80, 0x0F, 0xFE, 0x00, 0x07, 0xFF, 0x00, 0x00, 0x00, 0x00, 0x03, 0xFF,
  0x80, 0x0F, 0xFE, 0x00, 0x07, 0xFF, 0x00, 0x00, 0x00, 0x00, 0x03, 0xFF,
  0x00, 0x0F, 0xFE, 0x00, 0x07, 0xFF, 0x00, 0x00, 0x00, 0x00, 0x07, 0xFF,
  0x00, 0x0F, 0xFE, 0x00, 0x07, 0xFF, 0x00, 0x00, 0x00, 0x00, 0x07, 0xFF,
  0x00, 0x0F, 0xFE, 0x00, 0x07, 0xFF, 0x00, 0x00, 0x00, 0x00, 0x07, 0xFE,
  0x00, 0x0F, 0xFE, 0x00, 0x07, 0xFF, 0x00, 0x00, 0x00, 0x00, 0x0F, 0xFE,
  0x00, 0x0F, 0xFE, 0x00, 0x07, 0xFF, 0x00, 0x00, 0x00, 0x00, 0x0F, 0xFE,
  0x00, 0x0F, 0xFE, 0x00, 0x07, 0xFF, 0x00, 0x00, 0x00, 0x00, 0x0F, 0xFE,
  0x00, 0x0F, 0xFE, 0x00, 0x07, 0xFF, 0x00, 0x00, 0x00, 0x00, 0x0F, 0xFC,
  0x00, 0x0F, 0xFE, 0x00, 0x07, 0xFF, 0x00, 0x00, 0x00, 0x00, 0x1F, 0xFC,
  0x00, 0x0F, 0xFE, 0x00, 0x07, 0xFF, 0x00, 0x00, 0x00, 0x00, 0x1F, 0xFC,
  0x00, 0x0F, 0xFE, 0x00, 0x07, 0xFF, 0x00, 0x00, 0x00, 0x00, 0x1F, 0xFC,
  0x00, 0x0F, 0xFE, 0x00, 0x07, 0xFF, 0x00, 0x00, 0x00, 0x00, 0x3F, 0xF8,
  0x00, 0x0F, 0xFE, 0x00, 0x07, 0xFF, 0x00, 0x00, 0x00, 0x00, 0x3F, 0xF8,
  0x00, 0x0F, 0xFF, 0x00, 0x07, 0xFF, 0x00, 0x00, 0x00, 0x00, 0x3F, 0xF8,
  0x00, 0x07, 0xFF, 0x00, 0x0F, 0xFE, 0x00, 0x00, 0x00, 0x00, 0x3F, 0xF0,
  0x00, 0x07, 0xFF, 0x00, 0x0F, 0xFE, 0x00, 0x00, 0x00, 0x00, 0x7F, 0xF0,
  0x00, 0x07, 0xFF, 0x00, 0x0F, 0xFE, 0x00, 0x00, 0x00, 0x00, 0x7F, 0xF0,
  0x00, 0x07, 0xFF, 0x80, 0x1F, 0xFE, 0x00, 0x00, 0x00, 0x00, 0x7F, 0xF0,
  0x00, 0x03, 0xFF, 0xC0, 0x3F, 0xFC, 0x00, 0x00, 0x00, 0x00, 0x7F, 0xE0,
  0x00, 0x03, 0xFF, 0xE0, 0x7F, 0xFC, 0x00, 0x00, 0x00, 0x00, 0xFF, 0xE0,
  0x00, 0x01, 0xFF, 0xFF, 0xFF, 0xF8, 0x00, 0x00, 0x00, 0x00, 0xFF, 0xE0,
  0x00, 0x01, 0xFF, 0xFF, 0xFF, 0xF8, 0x00, 0x00, 0x00, 0x00, 0xFF, 0xC0,
  0x00, 0x00, 0xFF, 0xFF, 0xFF, 0xF0, 0x00, 0x00, 0x00, 0x01, 0xFF, 0xC0,
  0x00, 0x00, 0xFF, 0xFF, 0xFF, 0xF0, 0x00, 0x00, 0x00, 0x01, 0xFF, 0xC0,
  0x00, 0x00, 0x7F, 0xFF, 0xFF, 0xE0, 0x00, 0x00, 0x00, 0x01, 0xFF, 0xC0,
  0x00, 0x00, 0x3F, 0xFF, 0xFF, 0xC0, 0x00, 0x00, 0x00, 0x01, 0xFF, 0x80,
  0x00, 0x00, 0x0F, 0xFF, 0xFF, 0x00, 0x00, 0x00, 0x00, 0x03, 0xFF, 0x80,
  0x00, 0x00, 0x03, 0xFF, 0xFE, 0x00, 0x00, 0x00, 0x00, 0x00, 0x00, 0x00,
  0x00, 0x00, 0x00, 0x7F, 0xE0, 0x00, 0x00, 0x00, 0x3F, 0xF8, 0x00, 0x00,
  0x00, 0x00, 0x00, 0x7F, 0xFF, 0xE0, 0x00, 0x00, 0x00, 0x00, 0x7F, 0xFF,
  0xFE, 0x00, 0x00, 0x00, 0x00, 0x7F, 0xFF, 0xFF, 0xC0, 0x00, 0x00, 0x00,
  0x3F, 0xFF, 0xFF, 0xFC, 0x00, 0x00, 0x00, 0x1F, 0xFF, 0xFF, 0xFF, 0x80,
  0x00, 0x00, 0x0F, 0xFF, 0xFF, 0xFF, 0xF0, 0x00, 0x00, 0x07, 0xFF, 0xFF,
  0xFF, 0xFE, 0x00, 0x00, 0x03, 0xFF, 0xFF, 0xFF, 0xFF, 0xC0, 0x00, 0x00,
  0xFF, 0xFF, 0xFF, 0xFF, 0xF0, 0x00, 0x00, 0x7F, 0xFF, 0x81, 0xFF, 0xFE,
  0x00, 0x00, 0x1F, 0xFF, 0x80, 0x3F, 0xFF, 0x80, 0x00, 0x0F, 0xFF, 0xC0,
  0x07, 0xFF, 0xE0, 0x00, 0x03, 0xFF, 0xF0, 0x00, 0xFF, 0xFC, 0x00, 0x00,
  0xFF, 0xF8, 0x00, 0x1F, 0xFF, 0x00, 0x00, 0x3F, 0xFE, 0x00, 0x07, 0xFF,
  0xC0, 0x00, 0x1F, 0xFF, 0x00, 0x01, 0xFF, 0xF0, 0x00, 0x07, 0xFF, 0xC0,
  0x00, 0x7F, 0xFC, 0x00, 0x01, 0xFF, 0xF0, 0x00, 0x1F, 0xFF, 0x00, 0x00,
  0x7F, 0xFC, 0x00, 0x07, 0xFF, 0xC0, 0x00, 0x1F, 0xFF, 0x00, 0x01, 0xFF,
  0xF0, 0x00, 0x07, 0xFF, 0xC0, 0x00, 0x7F, 0xFC, 0x00, 0x01, 0xFF, 0xF0,
  0x00, 0x1F, 0xFF, 0x00, 0x00, 0x7F, 0xFC, 0x00, 0x0F, 0xFF, 0x80, 0x00,
  0x1F, 0xFF, 0x00, 0x03, 0xFF, 0xE0, 0x00, 0x07, 0xFF, 0xC0, 0x00, 0xFF,
  0xF8, 0x00, 0x00, 0xFF, 0xF8, 0x00, 0x3F, 0xFC, 0x00, 0x00, 0x3F, 0xFE,
  0x00, 0x1F, 0xFF, 0x00, 0x00, 0x0F, 0xFF, 0x80, 0x07, 0xFF, 0xC0, 0x00,
  0x03, 0xFF, 0xE0, 0x03, 0xFF, 0xE0, 0x00, 0x00, 0x7F, 0xF8, 0x00, 0xFF,
  0xF0, 0x00, 0x00, 0x1F, 0xFF, 0x00, 0x3F, 0xFC, 0x00, 0x00, 0x03, 0xFF,
  0xC0, 0x1F, 0xFE, 0x00, 0x00, 0x00, 0xFF, 0xF0, 0x07, 0xFF, 0x80, 0x00,
  0x00, 0x3F, 0xFE, 0x03, 0xFF, 0xC0, 0x00, 0x00, 0x07, 0xFF, 0x80, 0xFF,
  0xE0, 0x00, 0x00, 0x01, 0xFF, 0xF0, 0x7F, 0xF8, 0x00, 0x00, 0x00, 0x3F,
  0xFC, 0x1F, 0xFC, 0x00, 0x00, 0x00, 0x07, 0xFF, 0x0F, 0xFE, 0x00, 0x00,
  0x00, 0x01, 0xFF, 0xE7, 0xFF, 0x00, 0x00, 0x00, 0x00, 0x3F, 0xF9, 0xFF,
  0xC0, 0x00, 0x00, 0x00, 0x0F, 0xFF, 0xFF, 0xE0, 0x00, 0x00, 0x00, 0x01,
  0xFF, 0xFF, 0xF0, 0x00, 0x00, 0x00, 0x00, 0x3F, 0xFF, 0xF8, 0x00, 0x00,
  0x00, 0x00, 0x0F, 0xFF, 0xFC, 0x00, 0x00, 0x00, 0x00, 0x01, 0xFF, 0xFE,
  0x00, 0x00, 0x00, 0x00, 0x00, 0x7F, 0xFF, 0x00, 0x00, 0x00, 0x00, 0x00,
  0x0F, 0xFF, 0x80, 0x00, 0x00, 0x00, 0x00, 0x03, 0xFF, 0xC0, 0x00, 0x00,
  0x00, 0x00, 0x03, 0xFF, 0xF0, 0x00, 0x00, 0x00, 0x00, 0x01, 0xFF, 0xFE,
  0x00, 0x00, 0x00, 0x00, 0x00, 0xFF, 0xFF, 0xC0, 0x00, 0x00, 0x00, 0x00,
  0x3F, 0xFF, 0xF0, 0x00, 0x07, 0xFF, 0x80, 0x1F, 0xFF, 0xFE, 0x00, 0x01,
  0xFF, 0xE0, 0x0F, 0xFF, 0xFF, 0xC0, 0x00, 0x7F, 0xF8, 0x07, 0xFF, 0xFF,
  0xF0, 0x00, 0x1F, 0xFE, 0x03, 0xFF, 0xFF, 0xFE, 0x00, 0x07, 0xFF, 0x80,
  0xFF, 0xF7, 0xFF, 0xC0, 0x03, 0xFF, 0xE0, 0x7F, 0xFC, 0xFF, 0xF0, 0x00,
  0xFF, 0xF8, 0x3F, 0xFE, 0x3F, 0xFE, 0x00, 0x3F, 0xFE, 0x0F, 0xFF, 0x87,
  0xFF, 0x80, 0x0F, 0xFF, 0x07, 0xFF, 0xC1, 0xFF, 0xF0, 0x03, 0xFF, 0xC1,
  0xFF, 0xF0, 0x3F, 0xFE, 0x01, 0xFF, 0xF0, 0xFF, 0xF8, 0x07, 0xFF, 0x80,
  0x7F, 0xFC, 0x3F, 0xFE, 0x01, 0xFF, 0xF0, 0x1F, 0xFE, 0x1F, 0xFF, 0x80,
  0x3F, 0xFE, 0x07, 0xFF, 0x87, 0xFF, 0xC0, 0x07, 0xFF, 0x83, 0xFF, 0xE1,
  0xFF, 0xF0, 0x01, 0xFF, 0xF0, 0xFF, 0xF0, 0x7F, 0xFC, 0x00, 0x3F, 0xFE,
  0x3F, 0xFC, 0x3F, 0xFF, 0x00, 0x07, 0xFF, 0x9F, 0xFF, 0x0F, 0xFF, 0x80,
  0x01, 0xFF, 0xF7, 0xFF, 0x83, 0xFF, 0xE0, 0x00, 0x3F, 0xFF, 0xFF, 0xE0,
  0xFF, 0xF8, 0x00, 0x0F, 0xFF, 0xFF, 0xF0, 0x3F, 0xFE, 0x00, 0x01, 0xFF,
  0xFF, 0xFC, 0x0F, 0xFF, 0x80, 0x00, 0x3F, 0xFF, 0xFE, 0x03, 0xFF, 0xE0,
  0x00, 0x0F, 0xFF, 0xFF, 0x80, 0xFF, 0xF8, 0x00, 0x01, 0xFF, 0xFF, 0xC0,
  0x3F, 0xFE, 0x00, 0x00, 0x3F, 0xFF, 0xE0, 0x0F, 0xFF, 0x80, 0x00, 0x0F,
  0xFF, 0xF8, 0x03, 0xFF, 0xE0, 0x00, 0x01, 0xFF, 0xFE, 0x00, 0xFF, 0xFC,
  0x00, 0x00, 0xFF, 0xFF, 0xC0, 0x1F, 0xFF, 0x00, 0x00, 0x7F, 0xFF, 0xF8,
  0x07, 0xFF, 0xC0, 0x00, 0x3F, 0xFF, 0xFF, 0x01, 0xFF, 0xF8, 0x00, 0x1F,
  0xFF, 0xFF, 0xF0, 0x7F, 0xFE, 0x00, 0x0F, 0xFF, 0xFF, 0xFF, 0xCF, 0xFF,
  0xC0, 0x07, 0xFF, 0xFF, 0xFF, 0xF3, 0xFF, 0xFC, 0x0F, 0xFF, 0xFF, 0xFF,
  0xFC, 0x7F, 0xFF, 0xFF, 0xFF, 0xFF, 0xFF, 0xFF, 0x1F, 0xFF, 0xFF, 0xFF,
  0xFF, 0x7F, 0xFF, 0xC3, 0xFF, 0xFF, 0xFF, 0xFF, 0xCF, 0xFF, 0xF0, 0x7F,
  0xFF, 0xFF, 0xFF, 0xE1, 0xFF, 0xFC, 0x0F, 0xFF, 0xFF, 0xFF, 0xE0, 0x3F,
  0xFF, 0x01, 0xFF, 0xFF, 0xFF, 0xF0, 0x07, 0xFF, 0xC0, 0x3F, 0xFF, 0xFF,
  0xF0, 0x00, 0x7F, 0xF0, 0x03, 0xFF, 0xFF, 0xF8, 0x00, 0x0F, 0xFC, 0x00,
  0x3F, 0xFF, 0xF0, 0x00, 0x00, 0xFF, 0x00, 0x01, 0xFF, 0xC0, 0x00, 0x00,
  0x0F, 0xC0, 0xFF, 0xFF, 0xFF, 0xFF, 0xFF, 0xFF, 0xFF, 0xFF, 0xFF, 0xF7,
  0xFE, 0xFF, 0xDF, 0xFB, 0xFF, 0x7F, 0xEF, 0xF9, 0xFF, 0x3F, 0xE7, 0xFC,
  0xFF, 0x9F, 0xF3, 0xFE, 0x7F, 0x8F, 0xF1, 0xFE, 0x3F, 0xC7, 0xF8, 0xFF,
  0x1F, 0xC3, 0xF8, 0x7F, 0x0F, 0xE0, 0x00, 0x00, 0x3E, 0x00, 0x03, 0xFC,
  0x00, 0x1F, 0xF8, 0x00, 0xFF, 0xF0, 0x03, 0xFF, 0xE0, 0x0F, 0xFF, 0xC0,
  0x3F, 0xFF, 0x80, 0x7F, 0xFF, 0x01, 0xFF, 0xFE, 0x07, 0xFF, 0xE0, 0x0F,
  0xFF, 0x00, 0x3F, 0xFC, 0x00, 0x7F, 0xF8, 0x01, 0xFF, 0xE0, 0x03, 0xFF,
  0xC0, 0x07, 0xFF, 0x00, 0x1F, 0xFE, 0x00, 0x3F, 0xFC, 0x00, 0x7F, 0xF0,
  0x01, 0xFF, 0xE0, 0x03, 0xFF, 0xC0, 0x07, 0xFF, 0x80, 0x0F, 0xFE, 0x00,
  0x1F, 0xFC, 0x00, 0x7F, 0xF8, 0x00, 0xFF, 0xF0, 0x01, 0xFF, 0xE0, 0x03,
  0xFF, 0xC0, 0x07, 0xFF, 0x80, 0x0F, 0xFE, 0x00, 0x1F, 0xFC, 0x00, 0x7F,
  0xF8, 0x00, 0xFF, 0xF0, 0x01, 0xFF, 0xE0, 0x03, 0xFF, 0xC0, 0x07, 0xFF,
  0x80, 0x0F, 0xFF, 0x00, 0x1F, 0xFE, 0x00, 0x3F, 0xFC, 0x00, 0x7F, 0xF8,
  0x00, 0xFF, 0xF0, 0x01, 0xFF, 0xE0, 0x03, 0xFF, 0xC0, 0x07, 0xFF, 0x80,
  0x0F, 0xFF, 0x00, 0x1F, 0xFE, 0x00, 0x3F, 0xFC, 0x00, 0x7F, 0xF8, 0x00,
  0xFF, 0xF0, 0x01, 0xFF, 0xE0, 0x03, 0xFF, 0xC0, 0x07, 0xFF, 0x80, 0x0F,
  0xFF, 0x00, 0x1F, 0xFE, 0x00, 0x3F, 0xFC, 0x00, 0x7F, 0xF8, 0x00, 0xFF,
  0xF0, 0x01, 0xFF, 0xE0, 0x03, 0xFF, 0xC0, 0x07, 0xFF, 0x80, 0x0F, 0xFF,
  0x00, 0x1F, 0xFE, 0x00, 0x3F, 0xFC, 0x00, 0x7F, 0xF8, 0x00, 0xFF, 0xF0,
  0x01, 0xFF, 0xE0, 0x03, 0xFF, 0xC0, 0x07, 0xFF, 0x80, 0x0F, 0xFF, 0x00,
  0x1F, 0xFE, 0x00, 0x3F, 0xFC, 0x00, 0x7F, 0xF8, 0x00, 0xFF, 0xF0, 0x01,
  0xFF, 0xE0, 0x03, 0xFF, 0xC0, 0x07, 0xFF, 0x80, 0x0F, 0xFF, 0x00, 0x1F,
  0xFE, 0x00, 0x3F, 0xFC, 0x00, 0x7F, 0xF8, 0x00, 0xFF, 0xF0, 0x01, 0xFF,
  0xE0, 0x03, 0xFF, 0xC0, 0x07, 0xFF, 0x80, 0x0F, 0xFF, 0x00, 0x1F, 0xFE,
  0x00, 0x3F, 0xFC, 0x00, 0x7F, 0xF8, 0x00, 0x7F, 0xF0, 0x00, 0xFF, 0xE0,
  0x01, 0xFF, 0xE0, 0x03, 0xFF, 0xC0, 0x07, 0xFF, 0x80, 0x0F, 0xFF, 0x00,
  0x1F, 0xFE, 0x00, 0x1F, 0xFC, 0x00, 0x3F, 0xF8, 0x00, 0x7F, 0xF8, 0x00,
  0xFF, 0xF0, 0x01, 0xFF, 0xE0, 0x01, 0xFF, 0xC0, 0x03, 0xFF, 0xC0, 0x07,
  0xFF, 0x80, 0x07, 0xFF, 0x00, 0x0F, 0xFF, 0x00, 0x1F, 0xFE, 0x00, 0x1F,
  0xFE, 0x00, 0x3F, 0xFC, 0x00, 0x3F, 0xFC, 0x00, 0x7F, 0xFE, 0x00, 0x7F,
  0xFF, 0x80, 0xFF, 0xFF, 0x00, 0xFF, 0xFE, 0x00, 0xFF, 0xFC, 0x00, 0xFF,
  0xF8, 0x00, 0xFF, 0xF0, 0x00, 0x7F, 0xE0, 0x00, 0x3F, 0xC0, 0x00, 0x0F,
  0x80, 0xF8, 0x00, 0x01, 0xFE, 0x00, 0x03, 0xFF, 0x00, 0x07, 0xFF, 0x80,
  0x0F, 0xFF, 0x80, 0x1F, 0xFF, 0x80, 0x3F, 0xFF, 0x80, 0x7F, 0xFF, 0x80,
  0xFF, 0xFF, 0x00, 0x3F, 0xFF, 0x00, 0x1F, 0xFE, 0x00, 0x1F, 0xFE, 0x00,
  0x3F, 0xFC, 0x00, 0x3F, 0xFC, 0x00, 0x7F, 0xF8, 0x00, 0x7F, 0xF0, 0x00,
  0xFF, 0xF0, 0x01, 0xFF, 0xE0, 0x01, 0xFF, 0xC0, 0x03, 0xFF, 0xC0, 0x07,
  0xFF, 0x80, 0x0F, 0xFF, 0x00, 0x0F, 0xFE, 0x00, 0x1F, 0xFC, 0x00, 0x3F,
  0xFC, 0x00, 0x7F, 0xF8, 0x00, 0xFF, 0xF0, 0x01, 0xFF, 0xE0, 0x03, 0xFF,
  0xC0, 0x07, 0xFF, 0x80, 0x07, 0xFF, 0x00, 0x0F, 0xFF, 0x00, 0x1F, 0xFE,
  0x00, 0x3F, 0xFC, 0x00, 0x7F, 0xF8, 0x00, 0xFF, 0xF0, 0x01, 0xFF, 0xE0,
  0x03, 0xFF, 0xC0, 0x07, 0xFF, 0x80, 0x0F, 0xFF, 0x00, 0x1F, 0xFE, 0x00,
  0x3F, 0xFC, 0x00, 0x7F, 0xF8, 0x00, 0xFF, 0xF0, 0x01, 0xFF, 0xE0, 0x03,
  0xFF, 0xC0, 0x07, 0xFF, 0x80, 0x0F, 0xFF, 0x00, 0x1F, 0xFE, 0x00, 0x3F,
  0xFC, 0x00, 0x7F, 0xF8, 0x00, 0xFF, 0xF0, 0x01, 0xFF, 0xE0, 0x03, 0xFF,
  0xC0, 0x07, 0xFF, 0x80, 0x0F, 0xFF, 0x00, 0x1F, 0xFE, 0x00, 0x3F, 0xFC,
  0x00, 0x7F, 0xF8, 0x00, 0xFF, 0xF0, 0x01, 0xFF, 0xE0, 0x03, 0xFF, 0xC0,
  0x07, 0xFF, 0x80, 0x0F, 0xFF, 0x00, 0x1F, 0xFE, 0x00, 0x3F, 0xFC, 0x00,
  0x7F, 0xF8, 0x00, 0xFF, 0xF0, 0x01, 0xFF, 0xE0, 0x03, 0xFF, 0xC0, 0x07,
  0xFF, 0x80, 0x0F, 0xFF, 0x00, 0x1F, 0xFE, 0x00, 0x3F, 0xFC, 0x00, 0x7F,
  0xF8, 0x00, 0xFF, 0xF0, 0x01, 0xFF, 0xE0, 0x03, 0xFF, 0xC0, 0x07, 0xFF,
  0x80, 0x0F, 0xFF, 0x00, 0x1F, 0xFE, 0x00, 0x3F, 0xFC, 0x00, 0x7F, 0xF8,
  0x00, 0xFF, 0xF0, 0x01, 0xFF, 0xE0, 0x03, 0xFF, 0xC0, 0x07, 0xFF, 0x80,
  0x0F, 0xFE, 0x00, 0x1F, 0xFC, 0x00, 0x7F, 0xF8, 0x00, 0xFF, 0xF0, 0x01,
  0xFF, 0xE0, 0x03, 0xFF, 0xC0, 0x07, 0xFF, 0x80, 0x0F, 0xFF, 0x00, 0x1F,
  0xFC, 0x00, 0x3F, 0xF8, 0x00, 0xFF, 0xF0, 0x01, 0xFF, 0xE0, 0x03, 0xFF,
  0xC0, 0x07, 0xFF, 0x00, 0x1F, 0xFE, 0x00, 0x3F, 0xFC, 0x00, 0x7F, 0xF0,
  0x01, 0xFF, 0xE0, 0x03, 0xFF, 0xC0, 0x0F, 0xFF, 0x00, 0x1F, 0xFE, 0x00,
  0x7F, 0xF8, 0x03, 0xFF, 0xF0, 0x3F, 0xFF, 0xC0, 0x7F, 0xFF, 0x00, 0xFF,
  0xFE, 0x01, 0xFF, 0xF8, 0x03, 0xFF, 0xE0, 0x07, 0xFF, 0x80, 0x0F, 0xFC,
  0x00, 0x1F, 0xE0, 0x00, 0x3F, 0x00, 0x00, 0x00, 0x00, 0x01, 0xFF, 0x80,
  0x00, 0x00, 0x01, 0xFF, 0x80, 0x00, 0x00, 0x01, 0xFF, 0x80, 0x00, 0x00,
  0x00, 0xFF, 0x00, 0x00, 0x00, 0x00, 0xFF, 0x00, 0x00, 0x00, 0x00, 0xFF,
  0x00, 0x00, 0x00, 0x00, 0xFF, 0x00, 0x00, 0x00, 0x00, 0xFF, 0x00, 0x00,
  0x00, 0x00, 0xFF, 0x00, 0x00, 0x10, 0x00, 0xFF, 0x00, 0x08, 0x1C, 0x00,
  0xFF, 0x00, 0x38, 0x3F, 0x00, 0xFF, 0x00, 0xF8, 0x3F, 0xC0, 0xFF, 0x03,
  0xFC, 0x3F, 0xE0, 0xFE, 0x0F, 0xFC, 0x7F, 0xF8, 0xFE, 0x1F, 0xFE, 0x7F,
  0xFE, 0x7E, 0x7F, 0xFE, 0x7F, 0xFF, 0xFF, 0xFF, 0xFE, 0x7F, 0xFF, 0xFF,
  0xFF, 0xFE, 0x0F, 0xFF, 0xFF, 0xFF, 0xF0, 0x03, 0xFF, 0xFF, 0xFF, 0xC0,
  0x00, 0x7F, 0xFF, 0xFE, 0x00, 0x00, 0x0F, 0xFF, 0xF8, 0x00, 0x00, 0x03,
  0xFF, 0xC0, 0x00, 0x00, 0x07, 0xFF, 0xC0, 0x00, 0x00, 0x07, 0xFF, 0xE0,
  0x00, 0x00, 0x0F, 0xFF, 0xF0, 0x00, 0x00, 0x1F, 0xE7, 0xF8, 0x00, 0x00,
  0x1F, 0xE7, 0xF8, 0x00, 0x00, 0x3F, 0xC3, 0xFC, 0x00, 0x00, 0x7F, 0xC3,
  0xFE, 0x00, 0x00, 0xFF, 0x81, 0xFE, 0x00, 0x00, 0xFF, 0x81, 0xFF, 0x00,
  0x01, 0xFF, 0x00, 0xFF, 0x80, 0x03, 0xFF, 0x00, 0xFF, 0xC0, 0x03, 0xFE,
  0x00, 0x7F, 0xC0, 0x07, 0xFE, 0x00, 0x7F, 0xE0, 0x03, 0xFC, 0x00, 0x3F,
  0x80, 0x00, 0xFC, 0x00, 0x3F, 0x00, 0x00, 0x38, 0x00, 0x1C, 0x00, 0x00,
  0x18, 0x00, 0x10, 0x00, 0x00, 0x00, 0x7F, 0xC0, 0x00, 0x00, 0x00, 0x0F,
  0xF8, 0x00, 0x00, 0x00, 0x01, 0xFF, 0x00, 0x00, 0x00, 0x00, 0x3F, 0xE0,
  0x00, 0x00, 0x00, 0x07, 0xFC, 0x00, 0x00, 0x00, 0x00, 0xFF, 0x80, 0x00,
  0x00, 0x00, 0x1F, 0xF0, 0x00, 0x00, 0x00, 0x03, 0xFE, 0x00, 0x00, 0x00,
  0x00, 0x7F, 0xC0, 0x00, 0x00, 0x00, 0x0F, 0xF8, 0x00, 0x00, 0x00, 0x01,
  0xFF, 0x00, 0x00, 0x00, 0x00, 0x3F, 0xE0, 0x00, 0x00, 0x00, 0x07, 0xFC,
  0x00, 0x00, 0x00, 0x00, 0xFF, 0x80, 0x00, 0x00, 0x00, 0x1F, 0xF0, 0x00,
  0x00, 0x00, 0x03, 0xFE, 0x00, 0x00, 0x00, 0x00, 0x7F, 0xC0, 0x00, 0x00,
  0x00, 0x0F, 0xF8, 0x00, 0x00, 0x00, 0x01, 0xFF, 0x00, 0x00, 0x00, 0x00,
  0x3F, 0xE0, 0x00, 0x0F, 0xFF, 0xFF, 0xFF, 0xFF, 0xFF, 0xFF, 0xFF, 0xFF,
  0xFF, 0xFF, 0xFF, 0xFF, 0xFF, 0xFF, 0xFF, 0xFF, 0xFF, 0xFF, 0xFF, 0xFF,
  0xFF, 0xFF, 0xFF, 0xFF, 0xFF, 0xFF, 0xFF, 0xFF, 0xFF, 0xFF, 0xFF, 0xFF,
  0xFF, 0xFF, 0xFF, 0xFF, 0xFF, 0xFF, 0xFF, 0xFF, 0xFF, 0xFF, 0xFF, 0xFF,
  0xFF, 0xFF, 0xFF, 0xFE, 0x00, 0x00, 0xFF, 0x80, 0x00, 0x00, 0x00, 0x1F,
  0xF0, 0x00, 0x00, 0x00, 0x03, 0xFE, 0x00, 0x00, 0x00, 0x00, 0x7F, 0xC0,
  0x00, 0x00, 0x00, 0x0F, 0xF8, 0x00, 0x00, 0x00, 0x01, 0xFF, 0x00, 0x00,
  0x00, 0x00, 0x3F, 0xE0, 0x00, 0x00, 0x00, 0x07, 0xFC, 0x00, 0x00, 0x00,
  0x00, 0xFF, 0x80, 0x00, 0x00, 0x00, 0x1F, 0xF0, 0x00, 0x00, 0x00, 0x03,
  0xFE, 0x00, 0x00, 0x00, 0x00, 0x7F, 0xC0, 0x00, 0x00, 0x00, 0x0F, 0xF8,
  0x00, 0x00, 0x00, 0x01, 0xFF, 0x00, 0x00, 0x00, 0x00, 0x3F, 0xE0, 0x00,
  0x00, 0x00, 0x07, 0xFC, 0x00, 0x00, 0x00, 0x00, 0xFF, 0x80, 0x00, 0x00,
  0x00, 0x1F, 0xF0, 0x00, 0x00, 0x00, 0x03, 0xFE, 0x00, 0x00, 0xFF, 0xFF,
  0xFF, 0xFF, 0xFF, 0xFF, 0xFF, 0xFF, 0xFF, 0xFF, 0xFF, 0xFF, 0xFF, 0xFF,
  0xFF, 0xFF, 0xFF, 0xFF, 0xFF, 0xFF, 0xFF, 0x80, 0xFC, 0x07, 0xE0, 0x7F,
  0x03, 0xF8, 0x1F, 0xC1, 0xFC, 0x0F, 0xE0, 0xFF, 0x0F, 0xF1, 0xFF, 0x1F,
  0xF8, 0xFF, 0x83, 0xF8, 0x1F, 0x00, 0x60, 0x00, 0xFF, 0xFF, 0xFF, 0xFF,
  0xFF, 0xFF, 0xFF, 0xFF, 0xFF, 0xFF, 0xFF, 0xFF, 0xFF, 0xFF, 0xFF, 0xFF,
  0xFF, 0xFF, 0xFF, 0xFF, 0xFF, 0xFF, 0xFF, 0xFF, 0xFF, 0xFF, 0xFF, 0xFF,
  0xFF, 0xC0, 0xFF, 0xFF, 0xFF, 0xFF, 0xFF, 0xFF, 0xFF, 0xFF, 0xFF, 0xFF,
  0xFF, 0xFF, 0xFF, 0xFF, 0xFF, 0xFF, 0xFF, 0xFF, 0xFF, 0xFF, 0xFF, 0xFF,
  0xFC, 0x00, 0x00, 0x00, 0x3F, 0xF8, 0x00, 0x00, 0x01, 0xFF, 0xC0, 0x00,
  0x00, 0x1F, 0xFC, 0x00, 0x00, 0x00, 0xFF, 0xE0, 0x00, 0x00, 0x07, 0xFF,
  0x00, 0x00, 0x00, 0x3F, 0xF8, 0x00, 0x00, 0x03, 0xFF, 0x80, 0x00, 0x00,
  0x1F, 0xFC, 0x00, 0x00, 0x00, 0xFF, 0xE0, 0x00, 0x00, 0x07, 0xFF, 0x00,
  0x00, 0x00, 0x7F, 0xF0, 0x00, 0x00, 0x03, 0xFF, 0x80, 0x00, 0x00, 0x1F,
  0xFC, 0x00, 0x00, 0x00, 0xFF, 0xC0, 0x00, 0x00, 0x0F, 0xFE, 0x00, 0x00,
  0x00, 0x7F, 0xF0, 0x00, 0x00, 0x03, 0xFF, 0x80, 0x00, 0x00, 0x3F, 0xF8,
  0x00, 0x00, 0x01, 0xFF, 0xC0, 0x00, 0x00, 0x0F, 0xFE, 0x00, 0x00, 0x00,
  0x7F, 0xF0, 0x00, 0x00, 0x07, 0xFF, 0x00, 0x00, 0x00, 0x3F, 0xF8, 0x00,
  0x00, 0x01, 0xFF, 0xC0, 0x00, 0x00, 0x0F, 0xFE, 0x00, 0x00, 0x00, 0xFF,
  0xE0, 0x00, 0x00, 0x07, 0xFF, 0x00, 0x00, 0x00, 0x3F, 0xF8, 0x00, 0x00,
  0x03, 0xFF, 0x80, 0x00, 0x00, 0x1F, 0xFC, 0x00, 0x00, 0x00, 0xFF, 0xE0,
  0x00, 0x00, 0x07, 0xFF, 0x00, 0x00, 0x00, 0x7F, 0xF0, 0x00, 0x00, 0x03,
  0xFF, 0x80, 0x00, 0x00, 0x1F, 0xFC, 0x00, 0x00, 0x00, 0xFF, 0xE0, 0x00,
  0x00, 0x0F, 0xFE, 0x00, 0x00, 0x00, 0x7F, 0xF0, 0x00, 0x00, 0x03, 0xFF,
  0x80, 0x00, 0x00, 0x1F, 0xF8, 0x00, 0x00, 0x01, 0xFF, 0xC0, 0x00, 0x00,
  0x0F, 0xFE, 0x00, 0x00, 0x00, 0x7F, 0xF0, 0x00, 0x00, 0x07, 0xFF, 0x00,
  0x00, 0x00, 0x3F, 0xF8, 0x00, 0x00, 0x01, 0xFF, 0xC0, 0x00, 0x00, 0x0F,
  0xFE, 0x00, 0x00, 0x00, 0xFF, 0xE0, 0x00, 0x00, 0x07, 0xFF, 0x00, 0x00,
  0x00, 0x3F, 0xF8, 0x00, 0x00, 0x01, 0xFF, 0x80, 0x00, 0x00, 0x1F, 0xFC,
  0x00, 0x00, 0x00, 0xFF, 0xE0, 0x00, 0x00, 0x07, 0xFF, 0x00, 0x00, 0x00,
  0x3F, 0xF0, 0x00, 0x00, 0x03, 0xFF, 0x80, 0x00, 0x00, 0x1F, 0xFC, 0x00,
  0x00, 0x00, 0xFF, 0xE0, 0x00, 0x00, 0x0F, 0xFE, 0x00, 0x00, 0x00, 0x7F,
  0xF0, 0x00, 0x00, 0x03, 0xFF, 0x80, 0x00, 0x00, 0x1F, 0xFC, 0x00, 0x00,
  0x01, 0xFF, 0xC0, 0x00, 0x00, 0x0F, 0xFE, 0x00, 0x00, 0x00, 0x7F, 0xF0,
  0x00, 0x00, 0x03, 0xFF, 0x00, 0x00, 0x00, 0x3F, 0xF8, 0x00, 0x00, 0x01,
  0xFF, 0xC0, 0x00, 0x00, 0x0F, 0xFE, 0x00, 0x00, 0x00, 0xFF, 0xE0, 0x00,
  0x00, 0x07, 0xFF, 0x00, 0x00, 0x00, 0x3F, 0xF8, 0x00, 0x00, 0x01, 0xFF,
  0xC0, 0x00, 0x00, 0x1F, 0xFC, 0x00, 0x00, 0x00, 0xFF, 0xE0, 0x00, 0x00,
  0x07, 0xFF, 0x00, 0x00, 0x00, 0x3F, 0xF0, 0x00, 0x00, 0x03, 0xFF, 0x80,
  0x00, 0x00, 0x1F, 0xFC, 0x00, 0x00, 0x00, 0xFF, 0xE0, 0x00, 0x00, 0x07,
  0xFE, 0x00, 0x00, 0x00, 0x7F, 0xF0, 0x00, 0x00, 0x03, 0xFF, 0x80, 0x00,
  0x00, 0x1F, 0xFC, 0x00, 0x00, 0x01, 0xFF, 0xC0, 0x00, 0x00, 0x0F, 0xFE,
  0x00, 0x00, 0x00, 0x7F, 0xF0, 0x00, 0x00, 0x03, 0xFF, 0x80, 0x00, 0x00,
  0x3F, 0xF8, 0x00, 0x00, 0x01, 0xFF, 0xC0, 0x00, 0x00, 0x0F, 0xFE, 0x00,
  0x00, 0x00, 0x7F, 0xE0, 0x00, 0x00, 0x07, 0xFF, 0x00, 0x00, 0x00, 0x3F,
  0xF8, 0x00, 0x00, 0x01, 0xFF, 0xC0, 0x00, 0x00, 0x0F, 0xFC, 0x00, 0x00,
  0x00, 0x00, 0x00, 0x3F, 0xF8, 0x00, 0x00, 0x00, 0x07, 0xFF, 0xFF, 0x00,
  0x00, 0x00, 0x3F, 0xFF, 0xFF, 0x80, 0x00, 0x01, 0xFF, 0xFF, 0xFF, 0xC0,
  0x00, 0x07, 0xFF, 0xFF, 0xFF, 0xC0, 0x00, 0x1F, 0xFF, 0xFF, 0xFF, 0xC0,
  0x00, 0x7F, 0xFF, 0xFF, 0xFF, 0xC0, 0x01, 0xFF, 0xFF, 0xFF, 0xFF, 0xC0,
  0x07, 0xFF, 0xFF, 0xFF, 0xFF, 0xC0, 0x1F, 0xFF, 0xFF, 0xFF, 0xFF, 0xC0,
  0x3F, 0xFF, 0xC0, 0x7F, 0xFF, 0x80, 0xFF, 0xFE, 0x00, 0x3F, 0xFF, 0x81,
  0xFF, 0xF8, 0x00, 0x3F, 0xFF, 0x07, 0xFF, 0xE0, 0x00, 0x3F, 0xFF, 0x0F,
  0xFF, 0x80, 0x00, 0x3F, 0xFE, 0x1F, 0xFF, 0x00, 0x00, 0x7F, 0xFC, 0x7F,
  0xFC, 0x00, 0x00, 0xFF, 0xFC, 0xFF, 0xF8, 0x00, 0x00, 0xFF, 0xF9, 0xFF,
  0xF0, 0x00, 0x01, 0xFF, 0xF3, 0xFF, 0xE0, 0x00, 0x03, 0xFF, 0xE7, 0xFF,
  0xC0, 0x00, 0x07, 0xFF, 0xDF, 0xFF, 0x00, 0x00, 0x07, 0xFF, 0xFF, 0xFE,
  0x00, 0x00, 0x0F, 0xFF, 0xFF, 0xFC, 0x00, 0x00, 0x1F, 0xFF, 0xFF, 0xF8,
  0x00, 0x00, 0x3F, 0xFF, 0xFF, 0xF0, 0x00, 0x00, 0x7F, 0xFF, 0xFF, 0xE0,
  0x00, 0x00, 0xFF, 0xFF, 0xFF, 0xC0, 0x00, 0x01, 0xFF, 0xFF, 0xFF, 0x80,
  0x00, 0x03, 0xFF, 0xFF, 0xFF, 0x00, 0x00, 0x07, 0xFF, 0xFF, 0xFE, 0x00,
  0x00, 0x0F, 0xFF, 0xFF, 0xFC, 0x00, 0x00, 0x1F, 0xFF, 0xFF, 0xF8, 0x00,
  0x00, 0x3F, 0xFF, 0xFF, 0xF0, 0x00, 0x00, 0x7F, 0xFF, 0xFF, 0xE0, 0x00,
  0x00, 0xFF, 0xFF, 0xFF, 0xC0, 0x00, 0x01, 0xFF, 0xFF, 0xFF, 0x80, 0x00,
  0x03, 0xFF, 0xFF, 0xFF, 0x00, 0x00, 0x07, 0xFF, 0xFF, 0xFE, 0x00, 0x00,
  0x0F, 0xFF, 0xFF, 0xFC, 0x00, 0x00, 0x1F, 0xFF, 0xFF, 0xF8, 0x00, 0x00,
  0x3F, 0xFF, 0xFF, 0xF0, 0x00, 0x00, 0x7F, 0xFF, 0xFF, 0xE0, 0x00, 0x00,
  0xFF, 0xFF, 0xFF, 0xC0, 0x00, 0x01, 0xFF, 0xFF, 0xFF, 0x80, 0x00, 0x03,
  0xFF, 0xFF, 0xFF, 0x00, 0x00, 0x07, 0xFF, 0xFF, 0xFE, 0x00, 0x00, 0x0F,
  0xFF, 0xFF, 0xFC, 0x00, 0x00, 0x1F, 0xFF, 0xFF, 0xF8, 0x00, 0x00, 0x3F,
  0xFF, 0xFF, 0xF0, 0x00, 0x00, 0x7F, 0xFF, 0xFF, 0xE0, 0x00, 0x00, 0xFF,
  0xFF, 0xFF, 0xC0, 0x00, 0x01, 0xFF, 0xFF, 0xFF, 0x80, 0x00, 0x03, 0xFF,
  0xFF, 0xFF, 0x00, 0x00, 0x07, 0xFF, 0xFF, 0xFE, 0x00, 0x00, 0x0F, 0xFF,
  0xFF, 0xFC, 0x00, 0x00, 0x1F, 0xFF, 0xFF, 0xF8, 0x00, 0x00, 0x3F, 0xFF,
  0xFF, 0xF0, 0x00, 0x00, 0x7F, 0xFF, 0xFF, 0xE0, 0x00, 0x00, 0xFF, 0xFF,
  0xFF, 0xC0, 0x00, 0x01, 0xFF, 0xFF, 0xFF, 0x80, 0x00, 0x03, 0xFF, 0xFF,
  0xFF, 0x00, 0x00, 0x07, 0xFF, 0xFF, 0xFE, 0x00, 0x00, 0x0F, 0xFF, 0xFF,
  0xFC, 0x00, 0x00, 0x1F, 0xFF, 0xFF, 0xF8, 0x00, 0x00, 0x3F, 0xFF, 0xFF,
  0xF0, 0x00, 0x00, 0x7F, 0xFF, 0xFF, 0xE0, 0x00, 0x00, 0xFF, 0xFF, 0xFF,
  0xC0, 0x00, 0x01, 0xFF, 0xFF, 0xFF, 0x80, 0x00, 0x03, 0xFF, 0xFF, 0xFF,
  0x00, 0x00, 0x07, 0xFF, 0xFF, 0xFE, 0x00, 0x00, 0x0F, 0xFF, 0xFF, 0xFC,
  0x00, 0x00, 0x1F, 0xFF, 0xFF, 0xF8, 0x00, 0x00, 0x3F, 0xFF, 0xFF, 0xF0,
  0x00, 0x00, 0x7F, 0xFF, 0xFF, 0xE0, 0x00, 0x00, 0xFF, 0xFF, 0xFF, 0xC0,
  0x00, 0x01, 0xFF, 0xF7, 0xFF, 0xC0, 0x00, 0x07, 0xFF, 0xCF, 0xFF, 0x80,
  0x00, 0x0F, 0xFF, 0x9F, 0xFF, 0x00, 0x00, 0x1F, 0xFF, 0x3F, 0xFE, 0x00,
  0x00, 0x3F, 0xFE, 0x7F, 0xFE, 0x00, 0x00, 0xFF, 0xF8, 0x7F, 0xFC, 0x00,
  0x01, 0xFF, 0xF0, 0xFF, 0xFC, 0x00, 0x07, 0xFF, 0xE0, 0xFF, 0xF8, 0x00,
  0x0F, 0xFF, 0x81, 0xFF, 0xF8, 0x00, 0x3F, 0xFF, 0x03, 0xFF, 0xF8, 0x00,
  0xFF, 0xFE, 0x03, 0xFF, 0xFC, 0x07, 0xFF, 0xF8, 0x03, 0xFF, 0xFF, 0xFF,
  0xFF, 0xE0, 0x07, 0xFF, 0xFF, 0xFF, 0xFF, 0xC0, 0x07, 0xFF, 0xFF, 0xFF,
  0xFF, 0x00, 0x07, 0xFF, 0xFF, 0xFF, 0xFC, 0x00, 0x07, 0xFF, 0xFF, 0xFF,
  0xF0, 0x00, 0x07, 0xFF, 0xFF, 0xFF, 0xC0, 0x00, 0x07, 0xFF, 0xFF, 0xFF,
  0x00, 0x00, 0x03, 0xFF, 0xFF, 0xF8, 0x00, 0x00, 0x01, 0xFF, 0xFF, 0xC0,
  0x00, 0x00, 0x00, 0x3F, 0xF8, 0x00, 0x00, 0x00, 0x00, 0x0F, 0xFC, 0x00,
  0x00, 0x7F, 0xF0, 0x00, 0x03, 0xFF, 0xC0, 0x00, 0x1F, 0xFF, 0x00, 0x01,
  0xFF, 0xFC, 0x00, 0x0F, 0xFF, 0xF0, 0x00, 0xFF, 0xFF, 0xC0, 0x1F, 0xFF,
  0xFF, 0x01, 0xFF, 0xFF, 0xFC, 0x3F, 0xFF, 0xFF, 0xFF, 0xFF, 0xFF, 0xFF,
  0xFF, 0xFF, 0xFF, 0xFF, 0xFF, 0xFF, 0xFF, 0xFF, 0xFF, 0xFF, 0xFF, 0xFF,
  0xFF, 0xFF, 0xFF, 0xFF, 0xFF, 0xFF, 0xFF, 0xFF, 0xFF, 0xFF, 0xFF, 0xFF,
  0xE1, 0xFF, 0xFF, 0xF0, 0x07, 0xFF, 0xF0, 0x00, 0x1F, 0xFF, 0x00, 0x00,
  0x7F, 0xFC, 0x00, 0x01, 0xFF, 0xF0, 0x00, 0x07, 0xFF, 0xC0, 0x00, 0x1F,
  0xFF, 0x00, 0x00, 0x7F, 0xFC, 0x00, 0x01, 0xFF, 0xF0, 0x00, 0x07, 0xFF,
  0xC0, 0x00, 0x1F, 0xFF, 0x00, 0x00, 0x7F, 0xFC, 0x00, 0x01, 0xFF, 0xF0,
  0x00, 0x07, 0xFF, 0xC0, 0x00, 0x1F, 0xFF, 0x00, 0x00, 0x7F, 0xFC, 0x00,
  0x01, 0xFF, 0xF0, 0x00, 0x07, 0xFF, 0xC0, 0x00, 0x1F, 0xFF, 0x00, 0x00,
  0x7F, 0xFC, 0x00, 0x01, 0xFF, 0xF0, 0x00, 0x07, 0xFF, 0xC0, 0x00, 0x1F,
  0xFF, 0x00, 0x00, 0x7F, 0xFC, 0x00, 0x01, 0xFF, 0xF0, 0x00, 0x07, 0xFF,
  0xC0, 0x00, 0x1F, 0xFF, 0x00, 0x00, 0x7F, 0xFC, 0x00, 0x01, 0xFF, 0xF0,
  0x00, 0x07, 0xFF, 0xC0, 0x00, 0x1F, 0xFF, 0x00, 0x00, 0x7F, 0xFC, 0x00,
  0x01, 0xFF, 0xF0, 0x00, 0x07, 0xFF, 0xC0, 0x00, 0x1F, 0xFF, 0x00, 0x00,
  0x7F, 0xFC, 0x00, 0x01, 0xFF, 0xF0, 0x00, 0x07, 0xFF, 0xC0, 0x00, 0x1F,
  0xFF, 0x00, 0x00, 0x7F, 0xFC, 0x00, 0x01, 0xFF, 0xF0, 0x00, 0x07, 0xFF,
  0xC0, 0x00, 0x1F, 0xFF, 0x00, 0x00, 0x7F, 0xFC, 0x00, 0x01, 0xFF, 0xF0,
  0x00, 0x07, 0xFF, 0xC0, 0x00, 0x1F, 0xFF, 0x00, 0x00, 0x7F, 0xFC, 0x00,
  0x01, 0xFF, 0xF0, 0x00, 0x07, 0xFF, 0xC0, 0x00, 0x1F, 0xFF, 0x00, 0x00,
  0x7F, 0xFC, 0x00, 0x01, 0xFF, 0xF0, 0x00, 0x07, 0xFF, 0xC0, 0x00, 0x1F,
  0xFF, 0x00, 0x00, 0x7F, 0xFC, 0x00, 0x01, 0xFF, 0xF0, 0x00, 0x07, 0xFF,
  0xC0, 0x00, 0x1F, 0xFF, 0x00, 0x00, 0x7F, 0xFC, 0x00, 0x01, 0xFF, 0xF0,
  0x00, 0x07, 0xFF, 0xC0, 0x00, 0x1F, 0xFF, 0x00, 0x00, 0x7F, 0xFC, 0x00,
  0x01, 0xFF, 0xF0, 0x00, 0x07, 0xFF, 0xC0, 0x00, 0x1F, 0xFF, 0x00, 0x00,
  0x7F, 0xFC, 0x00, 0x01, 0xFF, 0xF0, 0x00, 0x07, 0xFF, 0xC0, 0x00, 0x1F,
  0xFF, 0x00, 0x00, 0x7F, 0xFC, 0x00, 0x01, 0xFF, 0xF0, 0x00, 0x07, 0xFF,
  0xC0, 0x00, 0x1F, 0xFF, 0x00, 0x00, 0x7F, 0xFC, 0x00, 0x01, 0xFF, 0xF0,
  0x00, 0x07, 0xFF, 0xC0, 0x00, 0x00, 0x3F, 0xFC, 0x00, 0x00, 0x00, 0x07,
  0xFF, 0xFF, 0x80, 0x00, 0x00, 0x3F, 0xFF, 0xFF, 0xC0, 0x00, 0x00, 0xFF,
  0xFF, 0xFF, 0xE0, 0x00, 0x07, 0xFF, 0xFF, 0xFF, 0xE0, 0x00, 0x1F, 0xFF,
  0xFF, 0xFF, 0xE0, 0x00, 0x7F, 0xFF, 0xFF, 0xFF, 0xE0, 0x01, 0xFF, 0xFF,
  0xFF, 0xFF, 0xE0, 0x03, 0xFF, 0xFF, 0xFF, 0xFF, 0xE0, 0x0F, 0xFF, 0xFF,
  0xFF, 0xFF, 0xC0, 0x3F, 0xFF, 0xE0, 0x3F, 0xFF, 0xC0, 0x7F, 0xFF, 0x00,
  0x1F, 0xFF, 0x81, 0xFF, 0xFC, 0x00, 0x1F, 0xFF, 0x83, 0xFF, 0xF0, 0x00,
  0x1F, 0xFF, 0x07, 0xFF, 0xE0, 0x00, 0x3F, 0xFF, 0x1F, 0xFF, 0x80, 0x00,
  0x3F, 0xFE, 0x3F, 0xFF, 0x00, 0x00, 0x7F, 0xFC, 0x7F, 0xFC, 0x00, 0x00,
  0xFF, 0xF8, 0xFF, 0xF8, 0x00, 0x01, 0xFF, 0xF9, 0xFF, 0xF0, 0x00, 0x01,
  0xFF, 0xF7, 0xFF, 0xE0, 0x00, 0x03, 0xFF, 0xEF, 0xFF, 0x80, 0x00, 0x07,
  0xFF, 0xDF, 0xFF, 0x00, 0x00, 0x0F, 0xFF, 0xBF, 0xFE, 0x00, 0x00, 0x1F,
  0xFF, 0x7F, 0xFC, 0x00, 0x00, 0x3F, 0xFE, 0xFF, 0xF8, 0x00, 0x00, 0x7F,
  0xFD, 0xFF, 0xF0, 0x00, 0x00, 0xFF, 0xFB, 0xFF, 0xE0, 0x00, 0x01, 0xFF,
  0xF7, 0xFF, 0xC0, 0x00, 0x03, 0xFF, 0xEF, 0xFF, 0x80, 0x00, 0x07, 0xFF,
  0xDF, 0xFF, 0x00, 0x00, 0x1F, 0xFF, 0x80, 0x00, 0x00, 0x00, 0x3F, 0xFE,
  0x00, 0x00, 0x00, 0x00, 0x7F, 0xFC, 0x00, 0x00, 0x00, 0x00, 0xFF, 0xF8,
  0x00, 0x00, 0x00, 0x03, 0xFF, 0xF0, 0x00, 0x00, 0x00, 0x07, 0xFF, 0xE0,
  0x00, 0x00, 0x00, 0x1F, 0xFF, 0x80, 0x00, 0x00, 0x00, 0x3F, 0xFF, 0x00,
  0x00, 0x00, 0x00, 0xFF, 0xFC, 0x00, 0x00, 0x00, 0x01, 0xFF, 0xF8, 0x00,
  0x00, 0x00, 0x07, 0xFF, 0xF0, 0x00, 0x00, 0x00, 0x0F, 0xFF, 0xC0, 0x00,
  0x00, 0x00, 0x3F, 0xFF, 0x80, 0x00, 0x00, 0x00, 0x7F, 0xFE, 0x00, 0x00,
  0x00, 0x01, 0xFF, 0xFC, 0x00, 0x00, 0x00, 0x07, 0xFF, 0xF0, 0x00, 0x00,
  0x00, 0x0F, 0xFF, 0xC0, 0x00, 0x00, 0x00, 0x3F, 0xFF, 0x80, 0x00, 0x00,
  0x00, 0xFF, 0xFE, 0x00, 0x00, 0x00, 0x01, 0xFF, 0xFC, 0x00, 0x00, 0x00,
  0x07, 0xFF, 0xF0, 0x00, 0x00, 0x00, 0x0F, 0xFF, 0xC0, 0x00, 0x00, 0x00,
  0x3F, 0xFF, 0x80, 0x00, 0x00, 0x00, 0xFF, 0xFE, 0x00, 0x00, 0x00, 0x01,
  0xFF, 0xF8, 0x00, 0x00, 0x00, 0x07, 0xFF, 0xF0, 0x00, 0x00, 0x00, 0x1F,
  0xFF, 0xC0, 0x00, 0x00, 0x00, 0x3F, 0xFF, 0x00, 0x00, 0x00, 0x00, 0xFF,
  0xFE, 0x00, 0x00, 0x00, 0x01, 0xFF, 0xF8, 0x00, 0x00, 0x00, 0x07, 0xFF,
  0xF0, 0x00, 0x00, 0x00, 0x1F, 0xFF, 0xC0, 0x00, 0x00, 0x00, 0x3F, 0xFF,
  0x00, 0x00, 0x00, 0x00, 0xFF, 0xFE, 0x00, 0x00, 0x00, 0x03, 0xFF, 0xF8,
  0x00, 0x00, 0x00, 0x07, 0xFF, 0xE0, 0x00, 0x00, 0x00, 0x1F, 0xFF, 0xC0,
  0x00, 0x00, 0x00, 0x3F, 0xFF, 0x00, 0x00, 0x00, 0x00, 0xFF, 0xFC, 0x00,
  0x00, 0x00, 0x03, 0xFF, 0xF8, 0x00, 0x00, 0x00, 0x07, 0xFF, 0xE0, 0x00,
  0x00, 0x00, 0x1F, 0xFF, 0x80, 0x00, 0x00, 0x00, 0x7F, 0xFF, 0x00, 0x00,
  0x00, 0x00, 0xFF, 0xFC, 0x00, 0x00, 0x00, 0x03, 0xFF, 0xF8, 0x00, 0x00,
  0x00, 0x07, 0xFF, 0xE0, 0x00, 0x00, 0x00, 0x1F, 0xFF, 0x80, 0x00, 0x00,
  0x00, 0x7F, 0xFF, 0x00, 0x00, 0x00, 0x00, 0xFF, 0xFC, 0x00, 0x00, 0x00,
  0x03, 0xFF, 0xF0, 0x00, 0x00, 0x00, 0x0F, 0xFF, 0xE0, 0x00, 0x00, 0x00,
  0x1F, 0xFF, 0x80, 0x00, 0x00, 0x00, 0x7F, 0xFE, 0x00, 0x00, 0x00, 0x00,
  0xFF, 0xFC, 0x00, 0x00, 0x00, 0x03, 0xFF, 0xF0, 0x00, 0x00, 0x00, 0x0F,
  0xFF, 0xC0, 0x00, 0x00, 0x00, 0x1F, 0xFF, 0xFF, 0xFF, 0xFF, 0xFE, 0x7F,
  0xFF, 0xFF, 0xFF, 0xFF, 0xFC, 0xFF, 0xFF, 0xFF, 0xFF, 0xFF, 0xF9, 0xFF,
  0xFF, 0xFF, 0xFF, 0xFF, 0xF3, 0xFF, 0xFF, 0xFF, 0xFF, 0xFF, 0xE7, 0xFF,
  0xFF, 0xFF, 0xFF, 0xFF, 0xCF, 0xFF, 0xFF, 0xFF, 0xFF, 0xFF, 0x9F, 0xFF,
  0xFF, 0xFF, 0xFF, 0xFF, 0x3F, 0xFF, 0xFF, 0xFF, 0xFF, 0xFE, 0x7F, 0xFF,
  0xFF, 0xFF, 0xFF, 0xFC, 0x00, 0x00, 0x7F, 0xFC, 0x00, 0x00, 0x00, 0x07,
  0xFF, 0xFF, 0x00, 0x00, 0x00, 0x7F, 0xFF, 0xFF, 0xC0, 0x00, 0x03, 0xFF,
  0xFF, 0xFF, 0xE0, 0x00, 0x0F, 0xFF, 0xFF, 0xFF, 0xE0, 0x00, 0x3F, 0xFF,
  0xFF, 0xFF, 0xE0, 0x00, 0xFF, 0xFF, 0xFF, 0xFF, 0xE0, 0x03, 0xFF, 0xFF,
  0xFF, 0xFF, 0xE0, 0x0F, 0xFF, 0xFF, 0xFF, 0xFF, 0xE0, 0x1F, 0xFF, 0xFF,
  0xFF, 0xFF, 0xC0, 0x7F, 0xFF, 0xC0, 0x7F, 0xFF, 0xC1, 0xFF, 0xFC, 0x00,
  0x1F, 0xFF, 0x83, 0xFF, 0xF0, 0x00, 0x1F, 0xFF, 0x87, 0xFF, 0xE0, 0x00,
  0x1F, 0xFF, 0x1F, 0xFF, 0x80, 0x00, 0x3F, 0xFF, 0x3F, 0xFF, 0x00, 0x00,
  0x3F, 0xFE, 0x7F, 0xFC, 0x00, 0x00, 0x7F, 0xFC, 0xFF, 0xF8, 0x00, 0x00,
  0xFF, 0xFB, 0xFF, 0xF0, 0x00, 0x01, 0xFF, 0xFF, 0xFF, 0xE0, 0x00, 0x01,
  0xFF, 0xFF, 0xFF, 0x80, 0x00, 0x03, 0xFF, 0xFF, 0xFF, 0x00, 0x00, 0x07,
  0xFF, 0xFF, 0xFE, 0x00, 0x00, 0x0F, 0xFF, 0xFF, 0xFC, 0x00, 0x00, 0x1F,
  0xFF, 0xFF, 0xF8, 0x00, 0x00, 0x3F, 0xFF, 0xFF, 0xF0, 0x00, 0x00, 0x7F,
  0xFF, 0xFF, 0xE0, 0x00, 0x00, 0xFF, 0xF8, 0x00, 0x00, 0x00, 0x01, 0xFF,
  0xF0, 0x00, 0x00, 0x00, 0x03, 0xFF, 0xE0, 0x00, 0x00, 0x00, 0x07, 0xFF,
  0xC0, 0x00, 0x00, 0x00, 0x1F, 0xFF, 0x00, 0x00, 0x00, 0x00, 0x3F, 0xFE,
  0x00, 0x00, 0x00, 0x00, 0x7F, 0xFC, 0x00, 0x00, 0x00, 0x01, 0xFF, 0xF8,
  0x00, 0x00, 0x00, 0x03, 0xFF, 0xE0, 0x00, 0x00, 0x00, 0x0F, 0xFF, 0xC0,
  0x00, 0x00, 0x00, 0x3F, 0xFF, 0x00, 0x00, 0x00, 0x00, 0xFF, 0xFE, 0x00,
  0x00, 0x00, 0x0F, 0xFF, 0xF8, 0x00, 0x00, 0x07, 0xFF, 0xFF, 0xE0, 0x00,
  0x00, 0x0F, 0xFF, 0xFF, 0x80, 0x00, 0x00, 0x1F, 0xFF, 0xFE, 0x00, 0x00,
  0x00, 0x3F, 0xFF, 0xF8, 0x00, 0x00, 0x00, 0x7F, 0xFF, 0xC0, 0x00, 0x00,
  0x00, 0xFF, 0xFE, 0x00, 0x00, 0x00, 0x01, 0xFF, 0xF0, 0x00, 0x00, 0x00,
  0x03, 0xFF, 0xFC, 0x00, 0x00, 0x00, 0x07, 0xFF, 0xFE, 0x00, 0x00, 0x00,
  0x0F, 0xFF, 0xFE, 0x00, 0x00, 0x00, 0x1F, 0xFF, 0xFE, 0x00, 0x00, 0x00,
  0x3F, 0xFF, 0xFE, 0x00, 0x00, 0x00, 0x7F, 0xFF, 0xFE, 0x00, 0x00, 0x00,
  0x03, 0xFF, 0xFE, 0x00, 0x00, 0x00, 0x01, 0xFF, 0xFC, 0x00, 0x00, 0x00,
  0x01, 0xFF, 0xFC, 0x00, 0x00, 0x00, 0x01, 0xFF, 0xF8, 0x00, 0x00, 0x00,
  0x01, 0xFF, 0xF8, 0x00, 0x00, 0x00, 0x01, 0xFF, 0xF0, 0x00, 0x00, 0x00,
  0x03, 0xFF, 0xF0, 0x00, 0x00, 0x00, 0x07, 0xFF, 0xE0, 0x00, 0x00, 0x00,
  0x07, 0xFF, 0xC0, 0x00, 0x00, 0x00, 0x0F, 0xFF, 0x80, 0x00, 0x00, 0x00,
  0x1F, 0xFF, 0x00, 0x00, 0x00, 0x00, 0x1F, 0xFF, 0x00, 0x00, 0x00, 0x00,
  0x3F, 0xFE, 0x00, 0x00, 0x00, 0x00, 0x7F, 0xFC, 0x00, 0x00, 0x00, 0x00,
  0xFF, 0xF8, 0x00, 0x00, 0x00, 0x01, 0xFF, 0xF0, 0x00, 0x00, 0x00, 0x03,
  0xFF, 0xE0, 0x00, 0x00, 0x00, 0x07, 0xFF, 0xFF, 0xFE, 0x00, 0x00, 0x0F,
  0xFF, 0xFF, 0xFC, 0x00, 0x00, 0x1F, 0xFF, 0xFF, 0xF8, 0x00, 0x00, 0x3F,
  0xFF, 0xFF, 0xF0, 0x00, 0x00, 0x7F, 0xFF, 0xFF, 0xE0, 0x00, 0x00, 0xFF,
  0xFF, 0xFF, 0xC0, 0x00, 0x01, 0xFF, 0xFF, 0xFF, 0x80, 0x00, 0x03, 0xFF,
  0xDF, 0xFF, 0x00, 0x00, 0x0F, 0xFF, 0xBF, 0xFF, 0x00, 0x00, 0x1F, 0xFF,
  0x3F, 0xFE, 0x00, 0x00, 0x3F, 0xFE, 0x7F, 0xFC, 0x00, 0x00, 0x7F, 0xFC,
  0xFF, 0xFC, 0x00, 0x01, 0xFF, 0xF1, 0xFF, 0xF8, 0x00, 0x03, 0xFF, 0xE1,
  0xFF, 0xF8, 0x00, 0x0F, 0xFF, 0xC3, 0xFF, 0xF0, 0x00, 0x3F, 0xFF, 0x07,
  0xFF, 0xF8, 0x00, 0xFF, 0xFE, 0x07, 0xFF, 0xFC, 0x07, 0xFF, 0xF8, 0x0F,
  0xFF, 0xFF, 0xFF, 0xFF, 0xF0, 0x0F, 0xFF, 0xFF, 0xFF, 0xFF, 0xC0, 0x0F,
  0xFF, 0xFF, 0xFF, 0xFF, 0x80, 0x0F, 0xFF, 0xFF, 0xFF, 0xFE, 0x00, 0x0F,
  0xFF, 0xFF, 0xFF, 0xF8, 0x00, 0x0F, 0xFF, 0xFF, 0xFF, 0xC0, 0x00, 0x0F,
  0xFF, 0xFF, 0xFF, 0x00, 0x00, 0x07, 0xFF, 0xFF, 0xFC, 0x00, 0x00, 0x03,
  0xFF, 0xFF, 0xC0, 0x00, 0x00, 0x00, 0x7F, 0xFC, 0x00, 0x00, 0x00, 0x00,
  0x00, 0x7F, 0xFF, 0x00, 0x00, 0x00, 0x00, 0x0F, 0xFF, 0xE0, 0x00, 0x00,
  0x00, 0x03, 0xFF, 0xFC, 0x00, 0x00, 0x00, 0x00, 0x7F, 0xFF, 0x80, 0x00,
  0x00, 0x00, 0x1F, 0xFF, 0xF0, 0x00, 0x00, 0x00, 0x03, 0xFF, 0xFE, 0x00,
  0x00, 0x00, 0x00, 0xFF, 0xFF, 0xC0, 0x00, 0x00, 0x00, 0x1F, 0xFF, 0xF8,
  0x00, 0x00, 0x00, 0x07, 0xFF, 0xFF, 0x00, 0x00, 0x00, 0x00, 0xFF, 0xFF,
  0xE0, 0x00, 0x00, 0x00, 0x1F, 0xFF, 0xFC, 0x00, 0x00, 0x00, 0x07, 0xFF,
  0xFF, 0x80, 0x00, 0x00, 0x00, 0xFF, 0xFF, 0xF0, 0x00, 0x00, 0x00, 0x3F,
  0xFF, 0xFE, 0x00, 0x00, 0x00, 0x07, 0xFF, 0xFF, 0xC0, 0x00, 0x00, 0x01,
  0xFF, 0xFF, 0xF8, 0x00, 0x00, 0x00, 0x3F, 0xFF, 0xFF, 0x00, 0x00, 0x00,
  0x07, 0xFD, 0xFF, 0xE0, 0x00, 0x00, 0x01, 0xFF, 0xBF, 0xFC, 0x00, 0x00,
  0x00, 0x3F, 0xF7, 0xFF, 0x80, 0x00, 0x00, 0x0F, 0xFC, 0xFF, 0xF0, 0x00,
  0x00, 0x01, 0xFF, 0x9F, 0xFE, 0x00, 0x00, 0x00, 0x7F, 0xF3, 0xFF, 0xC0,
  0x00, 0x00, 0x0F, 0xFC, 0x7F, 0xF8, 0x00, 0x00, 0x01, 0xFF, 0x8F, 0xFF,
  0x00, 0x00, 0x00, 0x7F, 0xE1, 0xFF, 0xE0, 0x00, 0x00, 0x0F, 0xFC, 0x3F,
  0xFC, 0x00, 0x00, 0x03, 0xFF, 0x87, 0xFF, 0x80, 0x00, 0x00, 0x7F, 0xE0,
  0xFF, 0xF0, 0x00, 0x00, 0x1F, 0xFC, 0x1F, 0xFE, 0x00, 0x00, 0x03, 0xFF,
  0x83, 0xFF, 0xC0, 0x00, 0x00, 0x7F, 0xE0, 0x7F, 0xF8, 0x00, 0x00, 0x1F,
  0xFC, 0x0F, 0xFF, 0x00, 0x00, 0x03, 0xFF, 0x81, 0xFF, 0xE0, 0x00, 0x00,
  0xFF, 0xE0, 0x3F, 0xFC, 0x00, 0x00, 0x1F, 0xFC, 0x07, 0xFF, 0x80, 0x00,
  0x07, 0xFF, 0x80, 0xFF, 0xF0, 0x00, 0x00, 0xFF, 0xE0, 0x1F, 0xFE, 0x00,
  0x00, 0x3F, 0xFC, 0x03, 0xFF, 0xC0, 0x00, 0x07, 0xFF, 0x00, 0x7F, 0xF8,
  0x00, 0x00, 0xFF, 0xE0, 0x0F, 0xFF, 0x00, 0x00, 0x3F, 0xFC, 0x01, 0xFF,
  0xE0, 0x00, 0x07, 0xFF, 0x00, 0x3F, 0xFC, 0x00, 0x01, 0xFF, 0xE0, 0x07,
  0xFF, 0x80, 0x00, 0x3F, 0xFC, 0x00, 0xFF, 0xF0, 0x00, 0x0F, 0xFF, 0x00,
  0x1F, 0xFE, 0x00, 0x01, 0xFF, 0xE0, 0x03, 0xFF, 0xC0, 0x00, 0x3F, 0xFC,
  0x00, 0x7F, 0xF8, 0x00, 0x0F, 0xFF, 0x00, 0x0F, 0xFF, 0x00, 0x01, 0xFF,
  0xE0, 0x01, 0xFF, 0xE0, 0x00, 0x7F, 0xFC, 0x00, 0x3F, 0xFC, 0x00, 0x0F,
  0xFF, 0x00, 0x07, 0xFF, 0x80, 0x03, 0xFF, 0xE0, 0x00, 0xFF, 0xF0, 0x00,
  0x7F, 0xFC, 0x00, 0x1F, 0xFE, 0x00, 0x0F, 0xFF, 0x00, 0x03, 0xFF, 0xC0,
  0x03, 0xFF, 0xE0, 0x00, 0x7F, 0xF8, 0x00, 0x7F, 0xF8, 0x00, 0x0F, 0xFF,
  0x00, 0x1F, 0xFF, 0x00, 0x01, 0xFF, 0xE0, 0x03, 0xFF, 0xE0, 0x00, 0x3F,
  0xFC, 0x00, 0x7F, 0xFF, 0xFF, 0xFF, 0xFF, 0xFF, 0xFF, 0xFF, 0xFF, 0xFF,
  0xFF, 0xFF, 0xFF, 0xFF, 0xFF, 0xFF, 0xFF, 0xFF, 0xFF, 0xFF, 0xFF, 0xFF,
  0xFF, 0xFF, 0xFF, 0xFF, 0xFF, 0xFF, 0xFF, 0xFF, 0xFF, 0xFF, 0xFF, 0xFF,
  0xFF, 0xFF, 0xFF, 0xFF, 0xFF, 0xFF, 0xFF, 0xFF, 0xFF, 0xFF, 0xFF, 0xFF,
  0xFF, 0xFF, 0xFF, 0xFF, 0xFF, 0xFF, 0xFF, 0xFF, 0xFF, 0xFF, 0xFF, 0xFF,
  0xFF, 0xFF, 0xFF, 0xFF, 0xFF, 0xFF, 0xFF, 0xFF, 0xFF, 0xFF, 0xFF, 0xFF,
  0xC0, 0x00, 0x00, 0x03, 0xFF, 0xC0, 0x00, 0x00, 0x00, 0x00, 0x7F, 0xF8,
  0x00, 0x00, 0x00, 0x00, 0x0F, 0xFF, 0x00, 0x00, 0x00, 0x00, 0x01, 0xFF,
  0xE0, 0x00, 0x00, 0x00, 0x00, 0x3F, 0xFC, 0x00, 0x00, 0x00, 0x00, 0x07,
  0xFF, 0x80, 0x00, 0x00, 0x00, 0x00, 0xFF, 0xF0, 0x00, 0x00, 0x00, 0x00,
  0x1F, 0xFE, 0x00, 0x00, 0x00, 0x00, 0x03, 0xFF, 0xC0, 0x00, 0x00, 0x00,
  0x00, 0x7F, 0xF8, 0x00, 0x00, 0x00, 0x00, 0x0F, 0xFF, 0x00, 0x00, 0x00,
  0x00, 0x01, 0xFF, 0xE0, 0x00, 0x00, 0x00, 0x00, 0x3F, 0xFC, 0x00, 0x00,
  0x00, 0x00, 0x07, 0xFF, 0x80, 0x00, 0x00, 0x00, 0x00, 0xFF, 0xF0, 0x00,
  0x00, 0x00, 0x00, 0x1F, 0xFE, 0x00, 0x00, 0x00, 0x00, 0x03, 0xFF, 0xC0,
  0x00, 0x00, 0x00, 0x00, 0x7F, 0xF8, 0x00, 0x00, 0x00, 0x00, 0x0F, 0xFF,
  0x00, 0x00, 0x00, 0x00, 0x01, 0xFF, 0xE0, 0x00, 0x00, 0x00, 0x00, 0x3F,
  0xFC, 0x00, 0x00, 0x00, 0x00, 0x07, 0xFF, 0x80, 0x00, 0x00, 0x00, 0x00,
  0xFF, 0xF0, 0x00, 0x00, 0x00, 0x00, 0x1F, 0xFE, 0x00, 0x00, 0x00, 0x00,
  0x03, 0xFF, 0xC0, 0x00, 0x00, 0x00, 0x00, 0x7F, 0xF8, 0x00, 0x3F, 0xFF,
  0xFF, 0xFF, 0xFF, 0xE0, 0x7F, 0xFF, 0xFF, 0xFF, 0xFF, 0xC0, 0xFF, 0xFF,
  0xFF, 0xFF, 0xFF, 0x81, 0xFF, 0xFF, 0xFF, 0xFF, 0xFF, 0x03, 0xFF, 0xFF,
  0xFF, 0xFF, 0xFE, 0x07, 0xFF, 0xFF, 0xFF, 0xFF, 0xFC, 0x0F, 0xFF, 0xFF,
  0xFF, 0xFF, 0xF8, 0x1F, 0xFF, 0xFF, 0xFF, 0xFF, 0xF0, 0x3F, 0xFF, 0xFF,
  0xFF, 0xFF, 0xE0, 0x7F, 0xFF, 0xFF, 0xFF, 0xFF, 0xC0, 0xFF, 0xFF, 0xFF,
  0xFF, 0xFF, 0x81, 0xFF, 0xFF, 0xFF, 0xFF, 0xFF, 0x03, 0xFF, 0x80, 0x00,
  0x00, 0x00, 0x07, 0xFF, 0x00, 0x00, 0x00, 0x00, 0x0F, 0xFE, 0x00, 0x00,
  0x00, 0x00, 0x1F, 0xFC, 0x00, 0x00, 0x00, 0x00, 0x3F, 0xF8, 0x00, 0x00,
  0x00, 0x00, 0x7F, 0xF0, 0x00, 0x00, 0x00, 0x00, 0xFF, 0xE0, 0x00, 0x00,
  0x00, 0x01, 0xFF, 0xC0, 0x00, 0x00, 0x00, 0x03, 0xFF, 0x80, 0x00, 0x00,
  0x00, 0x07, 0xFF, 0x00, 0x00, 0x00, 0x00, 0x0F, 0xFE, 0x00, 0x00, 0x00,
  0x00, 0x1F, 0xFC, 0x00, 0x00, 0x00, 0x00, 0x3F, 0xF8, 0x00, 0x00, 0x00,
  0x00, 0x7F, 0xF0, 0x00, 0x00, 0x00, 0x00, 0xFF, 0xE0, 0x00, 0x00, 0x00,
  0x01, 0xFF, 0xC0, 0x00, 0x00, 0x00, 0x03, 0xFF, 0x80, 0x00, 0x00, 0x00,
  0x07, 0xFF, 0x00, 0x00, 0x00, 0x00, 0x0F, 0xFE, 0x00, 0x00, 0x00, 0x00,
  0x1F, 0xFC, 0x00, 0x00, 0x00, 0x00, 0x3F, 0xF8, 0x00, 0x00, 0x00, 0x00,
  0x7F, 0xF0, 0x00, 0x00, 0x00, 0x00, 0xFF, 0xE0, 0x0F, 0xFC, 0x00, 0x01,
  0xFF, 0xC1, 0xFF, 0xFF, 0x00, 0x03, 0xFF, 0x8F, 0xFF, 0xFF, 0x80, 0x07,
  0xFF, 0x3F, 0xFF, 0xFF, 0xC0, 0x0F, 0xFE, 0xFF, 0xFF, 0xFF, 0xC0, 0x1F,
  0xFF, 0xFF, 0xFF, 0xFF, 0xC0, 0x3F, 0xFF, 0xFF, 0xFF, 0xFF, 0xC0, 0x7F,
  0xFF, 0xFF, 0xFF, 0xFF, 0x80, 0xFF, 0xFF, 0xFF, 0xFF, 0xFF, 0x81, 0xFF,
  0xFF, 0x80, 0xFF, 0xFF, 0x83, 0xFF, 0xFC, 0x00, 0x7F, 0xFF, 0x07, 0xFF,
  0xF0, 0x00, 0x7F, 0xFF, 0x0F, 0xFF, 0xC0, 0x00, 0x7F, 0xFE, 0x1F, 0xFF,
  0x00, 0x00, 0x7F, 0xFC, 0x3F, 0xFC, 0x00, 0x00, 0xFF, 0xF8, 0x7F, 0xF8,
  0x00, 0x00, 0xFF, 0xF8, 0xFF, 0xE0, 0x00, 0x01, 0xFF, 0xF0, 0x00, 0x00,
  0x00, 0x03, 0xFF, 0xE0, 0x00, 0x00, 0x00, 0x07, 0xFF, 0xC0, 0x00, 0x00,
  0x00, 0x0F, 0xFF, 0x80, 0x00, 0x00, 0x00, 0x0F, 0xFF, 0x80, 0x00, 0x00,
  0x00, 0x1F, 0xFF, 0x00, 0x00, 0x00, 0x00, 0x3F, 0xFE, 0x00, 0x00, 0x00,
  0x00, 0x7F, 0xFC, 0x00, 0x00, 0x00, 0x00, 0xFF, 0xF8, 0x00, 0x00, 0x00,
  0x01, 0xFF, 0xF0, 0x00, 0x00, 0x00, 0x03, 0xFF, 0xE0, 0x00, 0x00, 0x00,
  0x07, 0xFF, 0xC0, 0x00, 0x00, 0x00, 0x0F, 0xFF, 0x80, 0x00, 0x00, 0x00,
  0x1F, 0xFF, 0x00, 0x00, 0x00, 0x00, 0x3F, 0xFE, 0x00, 0x00, 0x00, 0x00,
  0x7F, 0xFC, 0x00, 0x00, 0x00, 0x00, 0xFF, 0xF8, 0x00, 0x00, 0x00, 0x01,
  0xFF, 0xFF, 0xFF, 0x80, 0x00, 0x03, 0xFF, 0xFF, 0xFF, 0x00, 0x00, 0x07,
  0xFF, 0xFF, 0xFE, 0x00, 0x00, 0x0F, 0xFF, 0xFF, 0xFC, 0x00, 0x00, 0x1F,
  0xFE, 0xFF, 0xF8, 0x00, 0x00, 0x3F, 0xFD, 0xFF, 0xF0, 0x00, 0x00, 0x7F,
  0xFB, 0xFF, 0xE0, 0x00, 0x01, 0xFF, 0xF7, 0xFF, 0xE0, 0x00, 0x03, 0xFF,
  0xE7, 0xFF, 0xC0, 0x00, 0x07, 0xFF, 0xCF, 0xFF, 0x80, 0x00, 0x0F, 0xFF,
  0x9F, 0xFF, 0x00, 0x00, 0x1F, 0xFE, 0x3F, 0xFE, 0x00, 0x00, 0x7F, 0xFC,
  0x7F, 0xFE, 0x00, 0x00, 0xFF, 0xF8, 0x7F, 0xFC, 0x00, 0x01, 0xFF, 0xE0,
  0xFF, 0xFC, 0x00, 0x07, 0xFF, 0xC1, 0xFF, 0xFC, 0x00, 0x1F, 0xFF, 0x81,
  0xFF, 0xFC, 0x00, 0x7F, 0xFE, 0x03, 0xFF, 0xFE, 0x03, 0xFF, 0xFC, 0x03,
  0xFF, 0xFF, 0xFF, 0xFF, 0xF0, 0x07, 0xFF, 0xFF, 0xFF, 0xFF, 0xC0, 0x07,
  0xFF, 0xFF, 0xFF, 0xFF, 0x80, 0x07, 0xFF, 0xFF, 0xFF, 0xFE, 0x00, 0x07,
  0xFF, 0xFF, 0xFF, 0xF8, 0x00, 0x07, 0xFF, 0xFF, 0xFF, 0xE0, 0x00, 0x07,
  0xFF, 0xFF, 0xFF, 0x80, 0x00, 0x03, 0xFF, 0xFF, 0xFC, 0x00, 0x00, 0x01,
  0xFF, 0xFF, 0xE0, 0x00, 0x00, 0x00, 0x3F, 0xFC, 0x00, 0x00, 0x00, 0x00,
  0x3F, 0xFC, 0x00, 0x00, 0x00, 0x03, 0xFF, 0xFF, 0x00, 0x00, 0x00, 0x3F,
  0xFF, 0xFF, 0xC0, 0x00, 0x00, 0xFF, 0xFF, 0xFF, 0xE0, 0x00, 0x03, 0xFF,
  0xFF, 0xFF, 0xE0, 0x00, 0x1F, 0xFF, 0xFF, 0xFF, 0xE0, 0x00, 0x3F, 0xFF,
  0xFF, 0xFF, 0xE0, 0x00, 0xFF, 0xFF, 0xFF, 0xFF, 0xE0, 0x03, 0xFF, 0xFF,
  0xFF, 0xFF, 0xE0, 0x0F, 0xFF, 0xFF, 0xFF, 0xFF, 0xE0, 0x1F, 0xFF, 0xE0,
  0x7F, 0xFF, 0xC0, 0x7F, 0xFF, 0x00, 0x1F, 0xFF, 0xC0, 0xFF, 0xF8, 0x00,
  0x1F, 0xFF, 0x83, 0xFF, 0xF0, 0x00, 0x1F, 0xFF, 0x07, 0xFF, 0xC0, 0x00,
  0x3F, 0xFF, 0x0F, 0xFF, 0x00, 0x00, 0x3F, 0xFE, 0x3F, 0xFE, 0x00, 0x00,
  0x7F, 0xFC, 0x7F, 0xFC, 0x00, 0x00, 0xFF, 0xFC, 0xFF, 0xF0, 0x00, 0x01,
  0xFF, 0xFB, 0xFF, 0xE0, 0x00, 0x01, 0xFF, 0xF7, 0xFF, 0xC0, 0x00, 0x03,
  0xFF, 0xEF, 0xFF, 0x80, 0x00, 0x07, 0xFF, 0xDF, 0xFE, 0x00, 0x00, 0x0F,
  0xFF, 0xBF, 0xFC, 0x00, 0x00, 0x1F, 0xFF, 0x7F, 0xF8, 0x00, 0x00, 0x3F,
  0xFF, 0xFF, 0xF0, 0x00, 0x00, 0x00, 0x03, 0xFF, 0xE0, 0x00, 0x00, 0x00,
  0x07, 0xFF, 0xC0, 0x00, 0x00, 0x00, 0x0F, 0xFF, 0x80, 0x00, 0x00, 0x00,
  0x1F, 0xFF, 0x00, 0x00, 0x00, 0x00, 0x3F, 0xFE, 0x00, 0x00, 0x00, 0x00,
  0x7F, 0xFC, 0x00, 0x00, 0x00, 0x00, 0xFF, 0xF8, 0x00, 0x00, 0x00, 0x01,
  0xFF, 0xF0, 0x00, 0x00, 0x00, 0x03, 0xFF, 0xE0, 0x00, 0x00, 0x00, 0x07,
  0xFF, 0xC0, 0x00, 0x00, 0x00, 0x0F, 0xFF, 0x80, 0x00, 0x00, 0x00, 0x1F,
  0xFF, 0x00, 0x00, 0x00, 0x00, 0x3F, 0xFE, 0x00, 0x00, 0x00, 0x00, 0x7F,
  0xFC, 0x01, 0xFF, 0x80, 0x00, 0xFF, 0xF8, 0x1F, 0xFF, 0xF0, 0x01, 0xFF,
  0xF0, 0xFF, 0xFF, 0xF8, 0x03, 0xFF, 0xE3, 0xFF, 0xFF, 0xF8, 0x07, 0xFF,
  0xDF, 0xFF, 0xFF, 0xF8, 0x0F, 0xFF, 0xFF, 0xFF, 0xFF, 0xF8, 0x1F, 0xFF,
  0xFF, 0xFF, 0xFF, 0xF8, 0x3F, 0xFF, 0xFF, 0xFF, 0xFF, 0xF8, 0x7F, 0xFF,
  0xFF, 0xFF, 0xFF, 0xF0, 0xFF, 0xFF, 0xF0, 0x1F, 0xFF, 0xF1, 0xFF, 0xFF,
  0x80, 0x0F, 0xFF, 0xE3, 0xFF, 0xFC, 0x00, 0x0F, 0xFF, 0xE7, 0xFF, 0xF0,
  0x00, 0x0F, 0xFF, 0xCF, 0xFF, 0xC0, 0x00, 0x0F, 0xFF, 0x9F, 0xFF, 0x80,
  0x00, 0x1F, 0xFF, 0xBF, 0xFE, 0x00, 0x00, 0x1F, 0xFF, 0x7F, 0xFC, 0x00,
  0x00, 0x3F, 0xFE, 0xFF, 0xF8, 0x00, 0x00, 0x7F, 0xFD, 0xFF, 0xF0, 0x00,
  0x00, 0xFF, 0xFB, 0xFF, 0xE0, 0x00, 0x01, 0xFF, 0xFF, 0xFF, 0xC0, 0x00,
  0x01, 0xFF, 0xFF, 0xFF, 0x80, 0x00, 0x03, 0xFF, 0xFF, 0xFF, 0x00, 0x00,
  0x07, 0xFF, 0xFF, 0xFE, 0x00, 0x00, 0x0F, 0xFF, 0xFF, 0xFC, 0x00, 0x00,
  0x1F, 0xFF, 0xFF, 0xF8, 0x00, 0x00, 0x3F, 0xFF, 0xFF, 0xF0, 0x00, 0x00,
  0x7F, 0xFF, 0xFF, 0xE0, 0x00, 0x00, 0xFF, 0xFF, 0xFF, 0xC0, 0x00, 0x01,
  0xFF, 0xFF, 0xFF, 0x80, 0x00, 0x03, 0xFF, 0xFF, 0xFF, 0x00, 0x00, 0x07,
  0xFF, 0xFF, 0xFE, 0x00, 0x00, 0x0F, 0xFF, 0xFF, 0xFC, 0x00, 0x00, 0x1F,
  0xFF, 0xFF, 0xF8, 0x00, 0x00, 0x3F, 0xFF, 0xFF, 0xF0, 0x00, 0x00, 0x7F,
  0xFD, 0xFF, 0xE0, 0x00, 0x00, 0xFF, 0xF3, 0xFF, 0xC0, 0x00, 0x01, 0xFF,
  0xE7, 0xFF, 0xC0, 0x00, 0x07, 0xFF, 0xCF, 0xFF, 0x80, 0x00, 0x0F, 0xFF,
  0x9F, 0xFF, 0x00, 0x00, 0x1F, 0xFF, 0x1F, 0xFE, 0x00, 0x00, 0x3F, 0xFC,
  0x3F, 0xFE, 0x00, 0x00, 0xFF, 0xF8, 0x7F, 0xFC, 0x00, 0x01, 0xFF, 0xF0,
  0x7F, 0xFC, 0x00, 0x07, 0xFF, 0xC0, 0xFF, 0xF8, 0x00, 0x0F, 0xFF, 0x80,
  0xFF, 0xF8, 0x00, 0x3F, 0xFF, 0x01, 0xFF, 0xF8, 0x00, 0xFF, 0xFC, 0x01,
  0xFF, 0xFC, 0x07, 0xFF, 0xF8, 0x03, 0xFF, 0xFF, 0xFF, 0xFF, 0xE0, 0x03,
  0xFF, 0xFF, 0xFF, 0xFF, 0x80, 0x03, 0xFF, 0xFF, 0xFF, 0xFE, 0x00, 0x07,
  0xFF, 0xFF, 0xFF, 0xFC, 0x00, 0x07, 0xFF, 0xFF, 0xFF, 0xF0, 0x00, 0x03,
  0xFF, 0xFF, 0xFF, 0xC0, 0x00, 0x03, 0xFF, 0xFF, 0xFE, 0x00, 0x00, 0x03,
  0xFF, 0xFF, 0xF8, 0x00, 0x00, 0x00, 0xFF, 0xFF, 0x80, 0x00, 0x00, 0x00,
  0x3F, 0xF8, 0x00, 0x00, 0xFF, 0xFF, 0xFF, 0xFF, 0xFF, 0xFF, 0xFF, 0xFF,
  0xFF, 0xFF, 0xFF, 0xFF, 0xFF, 0xFF, 0xFF, 0xFF, 0xFF, 0xFF, 0xFF, 0xFF,
  0xFF, 0xFF, 0xFF, 0xFF, 0xFF, 0xFF, 0xFF, 0xFF, 0xFF, 0xFF, 0xFF, 0xFF,
  0xFF, 0xFF, 0xFF, 0xFF, 0xFF, 0xFF, 0xFF, 0xFF, 0xFF, 0xFF, 0xFF, 0xFF,
  0xFF, 0xFF, 0xFF, 0xE0, 0x00, 0x00, 0x07, 0xFF, 0x80, 0x00, 0x00, 0x1F,
  0xFE, 0x00, 0x00, 0x00, 0x7F, 0xF8, 0x00, 0x00, 0x01, 0xFF, 0xE0, 0x00,
  0x00, 0x07, 0xFF, 0x00, 0x00, 0x00, 0x3F, 0xFC, 0x00, 0x00, 0x00, 0xFF,
  0xF0, 0x00, 0x00, 0x03, 0xFF, 0xC0, 0x00, 0x00, 0x0F, 0xFF, 0x00, 0x00,
  0x00, 0x3F, 0xF8, 0x00, 0x00, 0x01, 0xFF, 0xE0, 0x00, 0x00, 0x07, 0xFF,
  0x80, 0x00, 0x00, 0x1F, 0xFE, 0x00, 0x00, 0x00, 0x7F, 0xF8, 0x00, 0x00,
  0x01, 0xFF, 0xC0, 0x00, 0x00, 0x0F, 0xFF, 0x00, 0x00, 0x00, 0x3F, 0xFC,
  0x00, 0x00, 0x00, 0xFF, 0xF0, 0x00, 0x00, 0x03, 0xFF, 0xC0, 0x00, 0x00,
  0x0F, 0xFE, 0x00, 0x00, 0x00, 0x7F, 0xF8, 0x00, 0x00, 0x01, 0xFF, 0xE0,
  0x00, 0x00, 0x07, 0xFF, 0x80, 0x00, 0x00, 0x1F, 0xFE, 0x00, 0x00, 0x00,
  0x7F, 0xF0, 0x00, 0x00, 0x03, 0xFF, 0xC0, 0x00, 0x00, 0x0F, 0xFF, 0x00,
  0x00, 0x00, 0x3F, 0xFC, 0x00, 0x00, 0x00, 0xFF, 0xF0, 0x00, 0x00, 0x03,
  0xFF, 0x80, 0x00, 0x00, 0x1F, 0xFE, 0x00, 0x00, 0x00, 0x7F, 0xF8, 0x00,
  0x00, 0x01, 0xFF, 0xE0, 0x00, 0x00, 0x07, 0xFF, 0x80, 0x00, 0x00, 0x1F,
  0xFC, 0x00, 0x00, 0x00, 0xFF, 0xF0, 0x00, 0x00, 0x03, 0xFF, 0xC0, 0x00,
  0x00, 0x0F, 0xFF, 0x00, 0x00, 0x00, 0x3F, 0xFC, 0x00, 0x00, 0x00, 0xFF,
  0xE0, 0x00, 0x00, 0x07, 0xFF, 0x80, 0x00, 0x00, 0x1F, 0xFE, 0x00, 0x00,
  0x00, 0x7F, 0xF8, 0x00, 0x00, 0x01, 0xFF, 0xE0, 0x00, 0x00, 0x07, 0xFF,
  0x00, 0x00, 0x00, 0x3F, 0xFC, 0x00, 0x00, 0x00, 0xFF, 0xF0, 0x00, 0x00,
  0x03, 0xFF, 0xC0, 0x00, 0x00, 0x0F, 0xFF, 0x00, 0x00, 0x00, 0x3F, 0xFC,
  0x00, 0x00, 0x01, 0xFF, 0xE0, 0x00, 0x00, 0x07, 0xFF, 0x80, 0x00, 0x00,
  0x1F, 0xFE, 0x00, 0x00, 0x00, 0x7F, 0xF8, 0x00, 0x00, 0x01, 0xFF, 0xE0,
  0x00, 0x00, 0x0F, 0xFF, 0x00, 0x00, 0x00, 0x3F, 0xFC, 0x00, 0x00, 0x00,
  0xFF, 0xF0, 0x00, 0x00, 0x03, 0xFF, 0xC0, 0x00, 0x00, 0x0F, 0xFF, 0x00,
  0x00, 0x00, 0x7F, 0xF8, 0x00, 0x00, 0x01, 0xFF, 0xE0, 0x00, 0x00, 0x07,
  0xFF, 0x80, 0x00, 0x00, 0x1F, 0xFE, 0x00, 0x00, 0x00, 0x7F, 0xF8, 0x00,
  0x00, 0x03, 0xFF, 0xC0, 0x00, 0x00, 0x0F, 0xFF, 0x00, 0x00, 0x00, 0x3F,
  0xFC, 0x00, 0x00, 0x00, 0xFF, 0xF0, 0x00, 0x00, 0x03, 0xFF, 0xC0, 0x00,
  0x00, 0x1F, 0xFE, 0x00, 0x00, 0x00, 0x7F, 0xF8, 0x00, 0x00, 0x01, 0xFF,
  0xE0, 0x00, 0x00, 0x07, 0xFF, 0x80, 0x00, 0x00, 0x1F, 0xFE, 0x00, 0x00,
  0x00, 0xFF, 0xF0, 0x00, 0x00, 0x03, 0xFF, 0xC0, 0x00, 0x00, 0x0F, 0xFF,
  0x00, 0x00, 0x00, 0x3F, 0xFC, 0x00, 0x00, 0x00, 0xFF, 0xF0, 0x00, 0x00,
  0x07, 0xFF, 0x80, 0x00, 0x00, 0x1F, 0xFE, 0x00, 0x00, 0x00, 0x7F, 0xF8,
  0x00, 0x00, 0x01, 0xFF, 0xE0, 0x00, 0x00, 0x07, 0xFF, 0x80, 0x00, 0x00,
  0x3F, 0xFC, 0x00, 0x00, 0x00, 0x00, 0x3F, 0xFC, 0x00, 0x00, 0x00, 0x07,
  0xFF, 0xFF, 0x00, 0x00, 0x00, 0x3F, 0xFF, 0xFF, 0x80, 0x00, 0x01, 0xFF,
  0xFF, 0xFF, 0xC0, 0x00, 0x07, 0xFF, 0xFF, 0xFF, 0xC0, 0x00, 0x3F, 0xFF,
  0xFF, 0xFF, 0xE0, 0x00, 0x7F, 0xFF, 0xFF, 0xFF, 0xE0, 0x01, 0xFF, 0xFF,
  0xFF, 0xFF, 0xC0, 0x07, 0xFF, 0xFF, 0xFF, 0xFF, 0xC0, 0x1F, 0xFF, 0xFF,
  0xFF, 0xFF, 0xC0, 0x3F, 0xFF, 0xC0, 0x7F, 0xFF, 0x80, 0xFF, 0xFE, 0x00,
  0x3F, 0xFF, 0x81, 0xFF, 0xF8, 0x00, 0x3F, 0xFF, 0x03, 0xFF, 0xE0, 0x00,
  0x3F, 0xFE, 0x0F, 0xFF, 0xC0, 0x00, 0x7F, 0xFE, 0x1F, 0xFF, 0x00, 0x00,
  0x7F, 0xFC, 0x3F, 0xFE, 0x00, 0x00, 0xFF, 0xF8, 0x7F, 0xFC, 0x00, 0x01,
  0xFF, 0xF1, 0xFF, 0xF8, 0x00, 0x03, 0xFF, 0xF3, 0xFF, 0xE0, 0x00, 0x03,
  0xFF, 0xE7, 0xFF, 0xC0, 0x00, 0x07, 0xFF, 0xCF, 0xFF, 0x80, 0x00, 0x0F,
  0xFF, 0x9F, 0xFF, 0x00, 0x00, 0x1F, 0xFF, 0x3F, 0xFE, 0x00, 0x00, 0x3F,
  0xFE, 0x7F, 0xFC, 0x00, 0x00, 0x7F, 0xFC, 0xFF, 0xF8, 0x00, 0x00, 0xFF,
  0xF9, 0xFF, 0xF0, 0x00, 0x01, 0xFF, 0xF3, 0xFF, 0xE0, 0x00, 0x03, 0xFF,
  0xE7, 0xFF, 0xC0, 0x00, 0x07, 0xFF, 0xCF, 0xFF, 0x80, 0x00, 0x0F, 0xFF,
  0x9F, 0xFF, 0x80, 0x00, 0x3F, 0xFF, 0x1F, 0xFF, 0x00, 0x00, 0x7F, 0xFC,
  0x3F, 0xFE, 0x00, 0x00, 0xFF, 0xF8, 0x7F, 0xFC, 0x00, 0x01, 0xFF, 0xF0,
  0x7F, 0xFC, 0x00, 0x07, 0xFF, 0xE0, 0xFF, 0xF8, 0x00, 0x0F, 0xFF, 0x81,
  0xFF, 0xF8, 0x00, 0x3F, 0xFF, 0x01, 0xFF, 0xF8, 0x00, 0x7F, 0xFC, 0x01,
  0xFF, 0xF8, 0x01, 0xFF, 0xF0, 0x03, 0xFF, 0xF8, 0x0F, 0xFF, 0xE0, 0x03,
  0xFF, 0xFF, 0xFF, 0xFF, 0x80, 0x03, 0xFF, 0xFF, 0xFF, 0xFE, 0x00, 0x03,
  0xFF, 0xFF, 0xFF, 0xF8, 0x00, 0x03, 0xFF, 0xFF, 0xFF, 0xE0, 0x00, 0x03,
  0xFF, 0xFF, 0xFF, 0x80, 0x00, 0x03, 0xFF, 0xFF, 0xFE, 0x00, 0x00, 0x07,
  0xFF, 0xFF, 0xFC, 0x00, 0x00, 0x3F, 0xFF, 0xFF, 0xFE, 0x00, 0x00, 0xFF,
  0xFF, 0xFF, 0xFE, 0x00, 0x03, 0xFF, 0xFF, 0xFF, 0xFE, 0x00, 0x0F, 0xFF,
  0xFF, 0xFF, 0xFE, 0x00, 0x3F, 0xFF, 0xFF, 0xFF, 0xFE, 0x00, 0xFF, 0xFF,
  0x01, 0xFF, 0xFE, 0x01, 0xFF, 0xF8, 0x00, 0xFF, 0xFC, 0x07, 0xFF, 0xE0,
  0x00, 0xFF, 0xFC, 0x0F, 0xFF, 0x80, 0x00, 0xFF, 0xF8, 0x3F, 0xFE, 0x00,
  0x00, 0xFF, 0xF8, 0x7F, 0xF8, 0x00, 0x00, 0xFF, 0xF1, 0xFF, 0xF0, 0x00,
  0x01, 0xFF, 0xF3, 0xFF, 0xC0, 0x00, 0x01, 0xFF, 0xE7, 0xFF, 0x80, 0x00,
  0x03, 0xFF, 0xCF, 0xFF, 0x00, 0x00, 0x07, 0xFF, 0xBF, 0xFE, 0x00, 0x00,
  0x0F, 0xFF, 0xFF, 0xFC, 0x00, 0x00, 0x1F, 0xFF, 0xFF, 0xF0, 0x00, 0x00,
  0x1F, 0xFF, 0xFF, 0xE0, 0x00, 0x00, 0x3F, 0xFF, 0xFF, 0xC0, 0x00, 0x00,
  0x7F, 0xFF, 0xFF, 0x80, 0x00, 0x00, 0xFF, 0xFF, 0xFF, 0x00, 0x00, 0x01,
  0xFF, 0xFF, 0xFE, 0x00, 0x00, 0x03, 0xFF, 0xFF, 0xFC, 0x00, 0x00, 0x07,
  0xFF, 0xFF, 0xF8, 0x00, 0x00, 0x0F, 0xFF, 0xFF, 0xF0, 0x00, 0x00, 0x1F,
  0xFF, 0xFF, 0xE0, 0x00, 0x00, 0x3F, 0xFF, 0xFF, 0xC0, 0x00, 0x00, 0x7F,
  0xFF, 0xFF, 0x80, 0x00, 0x00, 0xFF, 0xFF, 0xFF, 0x80, 0x00, 0x03, 0xFF,
  0xCF, 0xFF, 0x00, 0x00, 0x07, 0xFF, 0x9F, 0xFE, 0x00, 0x00, 0x0F, 0xFF,
  0x3F, 0xFC, 0x00, 0x00, 0x1F, 0xFE, 0x7F, 0xFC, 0x00, 0x00, 0x7F, 0xFC,
  0xFF, 0xF8, 0x00, 0x00, 0xFF, 0xF8, 0xFF, 0xF8, 0x00, 0x03, 0xFF, 0xE1,
  0xFF, 0xF0, 0x00, 0x07, 0xFF, 0xC3, 0xFF, 0xF0, 0x00, 0x1F, 0xFF, 0x03,
  0xFF, 0xF8, 0x00, 0x7F, 0xFE, 0x07, 0xFF, 0xFC, 0x07, 0xFF, 0xFC, 0x07,
  0xFF, 0xFF, 0xFF, 0xFF, 0xF0, 0x07, 0xFF, 0xFF, 0xFF, 0xFF, 0xC0, 0x0F,
  0xFF, 0xFF, 0xFF, 0xFF, 0x80, 0x0F, 0xFF, 0xFF, 0xFF, 0xFE, 0x00, 0x0F,
  0xFF, 0xFF, 0xFF, 0xF8, 0x00, 0x0F, 0xFF, 0xFF, 0xFF, 0xE0, 0x00, 0x07,
  0xFF, 0xFF, 0xFF, 0x00, 0x00, 0x07, 0xFF, 0xFF, 0xFC, 0x00, 0x00, 0x01,
  0xFF, 0xFF, 0xC0, 0x00, 0x00, 0x00, 0x7F, 0xFC, 0x00, 0x00, 0x00, 0x00,
  0x3F, 0xF8, 0x00, 0x00, 0x00, 0x03, 0xFF, 0xFE, 0x00, 0x00, 0x00, 0x3F,
  0xFF, 0xFF, 0x80, 0x00, 0x00, 0xFF, 0xFF, 0xFF, 0x80, 0x00, 0x07, 0xFF,
  0xFF, 0xFF, 0x80, 0x00, 0x1F, 0xFF, 0xFF, 0xFF, 0xC0, 0x00, 0x7F, 0xFF,
  0xFF, 0xFF, 0xC0, 0x01, 0xFF, 0xFF, 0xFF, 0xFF, 0x80, 0x03, 0xFF, 0xFF,
  0xFF, 0xFF, 0x80, 0x0F, 0xFF, 0xFF, 0xFF, 0xFF, 0x80, 0x3F, 0xFF, 0xC0,
  0x7F, 0xFF, 0x00, 0x7F, 0xFE, 0x00, 0x3F, 0xFF, 0x01, 0xFF, 0xF8, 0x00,
  0x3F, 0xFE, 0x03, 0xFF, 0xE0, 0x00, 0x3F, 0xFE, 0x07, 0xFF, 0xC0, 0x00,
  0x7F, 0xFC, 0x1F, 0xFF, 0x00, 0x00, 0x7F, 0xFC, 0x3F, 0xFE, 0x00, 0x00,
  0xFF, 0xF8, 0x7F, 0xF8, 0x00, 0x00, 0xFF, 0xF1, 0xFF, 0xF0, 0x00, 0x01,
  0xFF, 0xF3, 0xFF, 0xE0, 0x00, 0x03, 0xFF, 0xE7, 0xFF, 0xC0, 0x00, 0x07,
  0xFF, 0xCF, 0xFF, 0x00, 0x00, 0x07, 0xFF, 0x9F, 0xFE, 0x00, 0x00, 0x0F,
  0xFF, 0x7F, 0xFC, 0x00, 0x00, 0x1F, 0xFE, 0xFF, 0xF8, 0x00, 0x00, 0x3F,
  0xFF, 0xFF, 0xF0, 0x00, 0x00, 0x7F, 0xFF, 0xFF, 0xE0, 0x00, 0x00, 0xFF,
  0xFF, 0xFF, 0xC0, 0x00, 0x01, 0xFF, 0xFF, 0xFF, 0x80, 0x00, 0x03, 0xFF,
  0xFF, 0xFF, 0x00, 0x00, 0x07, 0xFF, 0xFF, 0xFE, 0x00, 0x00, 0x0F, 0xFF,
  0xFF, 0xFC, 0x00, 0x00, 0x1F, 0xFF, 0xFF, 0xF8, 0x00, 0x00, 0x3F, 0xFF,
  0xFF, 0xF0, 0x00, 0x00, 0x7F, 0xFF, 0xFF, 0xE0, 0x00, 0x00, 0xFF, 0xFF,
  0xFF, 0xC0, 0x00, 0x01, 0xFF, 0xFF, 0xFF, 0x80, 0x00, 0x03, 0xFF, 0xFF,
  0xFF, 0x00, 0x00, 0x07, 0xFF, 0xFF, 0xFF, 0x00, 0x00, 0x0F, 0xFF, 0xBF,
  0xFE, 0x00, 0x00, 0x1F, 0xFF, 0x7F, 0xFC, 0x00, 0x00, 0x3F, 0xFE, 0xFF,
  0xF8, 0x00, 0x00, 0x7F, 0xFD, 0xFF, 0xF0, 0x00, 0x00, 0xFF, 0xFB, 0xFF,
  0xF0, 0x00, 0x03, 0xFF, 0xF3, 0xFF, 0xE0, 0x00, 0x07, 0xFF, 0xE7, 0xFF,
  0xE0, 0x00, 0x1F, 0xFF, 0xCF, 0xFF, 0xE0, 0x00, 0x7F, 0xFF, 0x8F, 0xFF,
  0xE0, 0x03, 0xFF, 0xFF, 0x1F, 0xFF, 0xF0, 0x1F, 0xFF, 0xFE, 0x1F, 0xFF,
  0xFF, 0xFF, 0xFF, 0xFC, 0x3F, 0xFF, 0xFF, 0xFF, 0xFF, 0xF8, 0x3F, 0xFF,
  0xFF, 0xFF, 0xFF, 0xF0, 0x3F, 0xFF, 0xFF, 0xFB, 0xFF, 0xE0, 0x3F, 0xFF,
  0xFF, 0xF7, 0xFF, 0xC0, 0x3F, 0xFF, 0xFF, 0xCF, 0xFF, 0x80, 0x3F, 0xFF,
  0xFE, 0x1F, 0xFF, 0x00, 0x1F, 0xFF, 0xF0, 0x3F, 0xFE, 0x00, 0x03, 0xFF,
  0x00, 0x7F, 0xFC, 0x00, 0x00, 0x00, 0x00, 0xFF, 0xF8, 0x00, 0x00, 0x00,
  0x01, 0xFF, 0xF0, 0x00, 0x00, 0x00, 0x03, 0xFF, 0xE0, 0x00, 0x00, 0x00,
  0x07, 0xFF, 0xC0, 0x00, 0x00, 0x00, 0x0F, 0xFF, 0x80, 0x00, 0x00, 0x00,
  0x1F, 0xFF, 0x00, 0x00, 0x00, 0x00, 0x3F, 0xFE, 0x00, 0x00, 0x00, 0x00,
  0x7F, 0xFC, 0x00, 0x00, 0x00, 0x00, 0xFF, 0xF8, 0x00, 0x00, 0x00, 0x01,
  0xFF, 0xF0, 0x00, 0x00, 0x00, 0x03, 0xFF, 0xE0, 0x00, 0x00, 0x00, 0x07,
  0xFF, 0xC0, 0x00, 0x00, 0x00, 0x0F, 0xFF, 0x80, 0x00, 0x00, 0x00, 0x1F,
  0xFE, 0xFF, 0xF8, 0x00, 0x00, 0x3F, 0xFD, 0xFF, 0xF0, 0x00, 0x00, 0x7F,
  0xFB, 0xFF, 0xE0, 0x00, 0x01, 0xFF, 0xF7, 0xFF, 0xC0, 0x00, 0x03, 0xFF,
  0xEF, 0xFF, 0x80, 0x00, 0x07, 0xFF, 0xDF, 0xFF, 0x00, 0x00, 0x0F, 0xFF,
  0x3F, 0xFF, 0x00, 0x00, 0x1F, 0xFE, 0x7F, 0xFE, 0x00, 0x00, 0x7F, 0xFC,
  0x7F, 0xFC, 0x00, 0x00, 0xFF, 0xF8, 0xFF, 0xF8, 0x00, 0x01, 0xFF, 0xE1,
  0xFF, 0xF8, 0x00, 0x07, 0xFF, 0xC1, 0xFF, 0xF0, 0x00, 0x0F, 0xFF, 0x83,
  0xFF, 0xF0, 0x00, 0x3F, 0xFE, 0x07, 0xFF, 0xF0, 0x00, 0xFF, 0xFC, 0x07,
  0xFF, 0xFC, 0x07, 0xFF, 0xF0, 0x0F, 0xFF, 0xFF, 0xFF, 0xFF, 0xE0, 0x0F,
  0xFF, 0xFF, 0xFF, 0xFF, 0x80, 0x0F, 0xFF, 0xFF, 0xFF, 0xFE, 0x00, 0x0F,
  0xFF, 0xFF, 0xFF, 0xF8, 0x00, 0x0F, 0xFF, 0xFF, 0xFF, 0xF0, 0x00, 0x0F,
  0xFF, 0xFF, 0xFF, 0x80, 0x00, 0x0F, 0xFF, 0xFF, 0xFE, 0x00, 0x00, 0x07,
  0xFF, 0xFF, 0xF8, 0x00, 0x00, 0x01, 0xFF, 0xFF, 0x80, 0x00, 0x00, 0x00,
  0x7F, 0xF8, 0x00, 0x00, 0xFF, 0xFF, 0xFF, 0xFF, 0xFF, 0xFF, 0xFF, 0xFF,
  0xFF, 0xFF, 0xFF, 0xFF, 0xFF, 0xFF, 0xFF, 0xFF, 0xFF, 0xFF, 0xFF, 0xFF,
  0xFF, 0x80, 0x00, 0x00, 0x00, 0x00, 0x00, 0x00, 0x00, 0x00, 0x00, 0x00,
  0x00, 0x00, 0x00, 0x00, 0x00, 0x00, 0x00, 0x00, 0x00, 0x00, 0x00, 0x00,
  0x00, 0x00, 0x00, 0x00, 0x00, 0x00, 0x00, 0x00, 0x00, 0x00, 0x00, 0x00,
  0x00, 0x00, 0x00, 0x00, 0x00, 0x03, 0xFF, 0xFF, 0xFF, 0xFF, 0xFF, 0xFF,
  0xFF, 0xFF, 0xFF, 0xFF, 0xFF, 0xFF, 0xFF, 0xFF, 0xFF, 0xFF, 0xFF, 0xFF,
  0xFF, 0xFF, 0xFE, 0xFF, 0xFF, 0xFF, 0xFF, 0xFF, 0xFF, 0xFF, 0xFF, 0xFF,
  0xFF, 0xFF, 0xFF, 0xFF, 0xFF, 0xFF, 0xFF, 0xFF, 0xFF, 0xFF, 0xFF, 0xFF,
  0xFF, 0xFC, 0x00, 0x00, 0x00, 0x00, 0x00, 0x00, 0x00, 0x00, 0x00, 0x00,
  0x00, 0x00, 0x00, 0x00, 0x00, 0x00, 0x00, 0x00, 0x00, 0x00, 0x00, 0x00,
  0x00, 0x00, 0x00, 0x00, 0x00, 0x00, 0x00, 0x00, 0x00, 0x00, 0x00, 0x00,
  0x00, 0x00, 0x00, 0x00, 0x00, 0x00, 0x00, 0x00, 0x00, 0x00, 0x00, 0x00,
  0x00, 0x00, 0x00, 0x00, 0x7F, 0xFF, 0xFF, 0xFF, 0xFF, 0xFF, 0xFF, 0xFF,
  0xFF, 0xFF, 0xFF, 0xFF, 0xFF, 0xFF, 0xFF, 0xFF, 0xFF, 0xFF, 0xFF, 0xFF,
  0xFF, 0xC0, 0x7E, 0x03, 0xF0, 0x1F, 0x81, 0xFC, 0x0F, 0xE0, 0x7E, 0x07,
  0xF0, 0x7F, 0x87, 0xFD, 0xFF, 0xC7, 0xFC, 0x3F, 0xE1, 0xFC, 0x07, 0x80,
  0x00, 0x00, 0x00, 0x00, 0xC0, 0x00, 0x00, 0x00, 0xF0, 0x00, 0x00, 0x00,
  0xFC, 0x00, 0x00, 0x00, 0xFF, 0x00, 0x00, 0x00, 0xFF, 0xC0, 0x00, 0x00,
  0x7F, 0xF0, 0x00, 0x00, 0x7F, 0xFC, 0x00, 0x00, 0x7F, 0xFF, 0x00, 0x00,
  0x7F, 0xFF, 0xC0, 0x00, 0x7F, 0xFF, 0xF0, 0x00, 0x7F, 0xFF, 0xFC, 0x00,
  0x7F, 0xFF, 0xFF, 0x00, 0x3F, 0xFF, 0xFF, 0x80, 0x3F, 0xFF, 0xFF, 0x80,
  0x3F, 0xFF, 0xFF, 0x80, 0x3F, 0xFF, 0xFF, 0x80, 0x3F, 0xFF, 0xFF, 0x80,
  0x3F, 0xFF, 0xFF, 0x80, 0x0F, 0xFF, 0xFF, 0x80, 0x03, 0xFF, 0xFF, 0x80,
  0x00, 0xFF, 0xFF, 0x80, 0x00, 0x3F, 0xFF, 0x00, 0x00, 0x0F, 0xFF, 0x00,
  0x00, 0x03, 0xFF, 0x00, 0x00, 0x00, 0xFF, 0xE0, 0x00, 0x00, 0x3F, 0xFE,
  0x00, 0x00, 0x0F, 0xFF, 0xE0, 0x00, 0x03, 0xFF, 0xFE, 0x00, 0x00, 0xFF,
  0xFF, 0xE0, 0x00, 0x3F, 0xFF, 0xFE, 0x00, 0x0F, 0xFF, 0xFF, 0xE0, 0x00,
  0xFF, 0xFF, 0xFE, 0x00, 0x0F, 0xFF, 0xFF, 0xE0, 0x00, 0xFF, 0xFF, 0xFE,
  0x00, 0x0F, 0xFF, 0xFF, 0xE0, 0x00, 0xFF, 0xFF, 0xFE, 0x00, 0x0F, 0xFF,
  0xFF, 0xC0, 0x01, 0xFF, 0xFF, 0xF0, 0x00, 0x1F, 0xFF, 0xFC, 0x00, 0x01,
  0xFF, 0xFF, 0x00, 0x00, 0x1F, 0xFF, 0xC0, 0x00, 0x01, 0xFF, 0xF0, 0x00,
  0x00, 0x1F, 0xFC, 0x00, 0x00, 0x01, 0xFF, 0x00, 0x00, 0x00, 0x3F, 0xC0,
  0x00, 0x00, 0x03, 0xF0, 0x00, 0x00, 0x00, 0x3C, 0x00, 0x00, 0x00, 0x03,
  0xFF, 0xFF, 0xFF, 0xFF, 0xFF, 0xFF, 0xFF, 0xFF, 0xFF, 0xFF, 0xFF, 0xFF,
  0xFF, 0xFF, 0xFF, 0xFF, 0xFF, 0xFF, 0xFF, 0xFF, 0xFF, 0xFF, 0xFF, 0xFF,
  0xFF, 0xFF, 0xFF, 0xFF, 0xFF, 0xFF, 0xFF, 0xFF, 0xFF, 0xFF, 0xFF, 0xFF,
  0xFF, 0xFF, 0xFF, 0xFF, 0xF0, 0x00, 0x00, 0x00, 0x00, 0x00, 0x00, 0x00,
  0x00, 0x00, 0x00, 0x00, 0x00, 0x00, 0x00, 0x00, 0x00, 0x00, 0x00, 0x00,
  0x00, 0x00, 0x00, 0x00, 0x00, 0x00, 0x00, 0x00, 0x00, 0x00, 0x00, 0x00,
  0x00, 0x00, 0x00, 0x00, 0x00, 0x00, 0x00, 0x00, 0x00, 0x00, 0x00, 0x00,
  0x00, 0x00, 0x00, 0x00, 0x00, 0x00, 0x00, 0x00, 0x00, 0x00, 0x0F, 0xFF,
  0xFF, 0xFF, 0xFF, 0xFF, 0xFF, 0xFF, 0xFF, 0xFF, 0xFF, 0xFF, 0xFF, 0xFF,
  0xFF, 0xFF, 0xFF, 0xFF, 0xFF, 0xFF, 0xFF, 0xFF, 0xFF, 0xFF, 0xFF, 0xFF,
  0xFF, 0xFF, 0xFF, 0xFF, 0xFF, 0xFF, 0xFF, 0xFF, 0xFF, 0xFF, 0xFF, 0xFF,
  0xFF, 0xFF, 0xFF, 0xC0, 0x00, 0x00, 0x00, 0x38, 0x00, 0x00, 0x00, 0x0F,
  0x80, 0x00, 0x00, 0x03, 0xF8, 0x00, 0x00, 0x00, 0xFF, 0x80, 0x00, 0x00,
  0x3F, 0xF8, 0x00, 0x00, 0x0F, 0xFF, 0x80, 0x00, 0x03, 0xFF, 0xF8, 0x00,
  0x00, 0xFF, 0xFF, 0x80, 0x00, 0x3F, 0xFF, 0xF0, 0x00, 0x0F, 0xFF, 0xFF,
  0x00, 0x03, 0xFF, 0xFF, 0xF0, 0x00, 0xFF, 0xFF, 0xFF, 0x00, 0x0F, 0xFF,
  0xFF, 0xF0, 0x00, 0xFF, 0xFF, 0xFF, 0x00, 0x07, 0xFF, 0xFF, 0xF0, 0x00,
  0x7F, 0xFF, 0xFE, 0x00, 0x07, 0xFF, 0xFF, 0xE0, 0x00, 0x7F, 0xFF, 0xFC,
  0x00, 0x07, 0xFF, 0xFF, 0x00, 0x00, 0x7F, 0xFF, 0xC0, 0x00, 0x07, 0xFF,
  0xF0, 0x00, 0x00, 0x7F, 0xFC, 0x00, 0x00, 0x07, 0xFF, 0x00, 0x00, 0x01,
  0xFF, 0xC0, 0x00, 0x01, 0xFF, 0xF0, 0x00, 0x01, 0xFF, 0xFC, 0x00, 0x01,
  0xFF, 0xFF, 0x00, 0x01, 0xFF, 0xFF, 0xC0, 0x01, 0xFF, 0xFF, 0xF0, 0x01,
  0xFF, 0xFF, 0xF8, 0x01, 0xFF, 0xFF, 0xF8, 0x03, 0xFF, 0xFF, 0xF8, 0x03,
  0xFF, 0xFF, 0xFC, 0x03, 0xFF, 0xFF, 0xFC, 0x03, 0xFF, 0xFF, 0xFC, 0x00,
  0xFF, 0xFF, 0xFC, 0x00, 0x3F, 0xFF, 0xFC, 0x00, 0x0F, 0xFF, 0xFC, 0x00,
  0x03, 0xFF, 0xFC, 0x00, 0x00, 0xFF, 0xFC, 0x00, 0x00, 0x3F, 0xFE, 0x00,
  0x00, 0x0F, 0xFE, 0x00, 0x00, 0x03, 0xFE, 0x00, 0x00, 0x00, 0xFE, 0x00,
  0x00, 0x00, 0x3E, 0x00, 0x00, 0x00, 0x0E, 0x00, 0x00, 0x00, 0x02, 0x00,
  0x00, 0x00, 0x00, 0x00, 0x00, 0x7F, 0xF0, 0x00, 0x00, 0x00, 0x1F, 0xFF,
  0xFC, 0x00, 0x00, 0x01, 0xFF, 0xFF, 0xFE, 0x00, 0x00, 0x1F, 0xFF, 0xFF,
  0xFC, 0x00, 0x01, 0xFF, 0xFF, 0xFF, 0xFC, 0x00, 0x0F, 0xFF, 0xFF, 0xFF,
  0xF8, 0x00, 0x7F, 0xFF, 0xFF, 0xFF, 0xF0, 0x03, 0xFF, 0xFF, 0xFF, 0xFF,
  0xE0, 0x0F, 0xFF, 0xFF, 0xFF, 0xFF, 0xC0, 0x7F, 0xFF, 0xFF, 0xFF, 0xFF,
  0x03, 0xFF, 0xFF, 0xFF, 0xFF, 0xFE, 0x0F, 0xFF, 0xF8, 0x0F, 0xFF, 0xF8,
  0x3F, 0xFF, 0x00, 0x0F, 0xFF, 0xF1, 0xFF, 0xF8, 0x00, 0x1F, 0xFF, 0xC7,
  0xFF, 0xC0, 0x00, 0x3F, 0xFF, 0x9F, 0xFE, 0x00, 0x00, 0x7F, 0xFE, 0xFF,
  0xF8, 0x00, 0x01, 0xFF, 0xFB, 0xFF, 0xC0, 0x00, 0x03, 0xFF, 0xEF, 0xFF,
  0x00, 0x00, 0x0F, 0xFF, 0xFF, 0xFC, 0x00, 0x00, 0x3F, 0xFF, 0xFF, 0xF0,
  0x00, 0x00, 0x7F, 0xFF, 0xFF, 0xC0, 0x00, 0x01, 0xFF, 0xFF, 0xFF, 0x00,
  0x00, 0x07, 0xFF, 0xFF, 0xFC, 0x00, 0x00, 0x1F, 0xFF, 0xFF, 0xF8, 0x00,
  0x00, 0x7F, 0xFF, 0xFF, 0xE0, 0x00, 0x01, 0xFF, 0xF7, 0xFF, 0x80, 0x00,
  0x07, 0xFF, 0xDF, 0xC0, 0x00, 0x00, 0x1F, 0xFF, 0x40, 0x00, 0x00, 0x00,
  0x7F, 0xFC, 0x00, 0x00, 0x00, 0x03, 0xFF, 0xF0, 0x00, 0x00, 0x00, 0x0F,
  0xFF, 0xC0, 0x00, 0x00, 0x00, 0x3F, 0xFE, 0x00, 0x00, 0x00, 0x00, 0xFF,
  0xF8, 0x00, 0x00, 0x00, 0x07, 0xFF, 0xE0, 0x00, 0x00, 0x00, 0x1F, 0xFF,
  0x00, 0x00, 0x00, 0x00, 0x7F, 0xFC, 0x00, 0x00, 0x00, 0x03, 0xFF, 0xF0,
  0x00, 0x00, 0x00, 0x0F, 0xFF, 0x80, 0x00, 0x00, 0x00, 0x7F, 0xFE, 0x00,
  0x00, 0x00, 0x01, 0xFF, 0xF0, 0x00, 0x00, 0x00, 0x0F, 0xFF, 0xC0, 0x00,
  0x00, 0x00, 0x7F, 0xFE, 0x00, 0x00, 0x00, 0x01, 0xFF, 0xF8, 0x00, 0x00,
  0x00, 0x0F, 0xFF, 0xC0, 0x00, 0x00, 0x00, 0x7F, 0xFF, 0x00, 0x00, 0x00,
  0x01, 0xFF, 0xF8, 0x00, 0x00, 0x00, 0x0F, 0xFF, 0xC0, 0x00, 0x00, 0x00,
  0x7F, 0xFE, 0x00, 0x00, 0x00, 0x03, 0xFF, 0xF0, 0x00, 0x00, 0x00, 0x1F,
  0xFF, 0xC0, 0x00, 0x00, 0x00, 0xFF, 0xFE, 0x00, 0x00, 0x00, 0x07, 0xFF,
  0xF0, 0x00, 0x00, 0x00, 0x3F, 0xFF, 0x80, 0x00, 0x00, 0x01, 0xFF, 0xFC,
  0x00, 0x00, 0x00, 0x0F, 0xFF, 0xE0, 0x00, 0x00, 0x00, 0x7F, 0xFF, 0x00,
  0x00, 0x00, 0x03, 0xFF, 0xF8, 0x00, 0x00, 0x00, 0x1F, 0xFF, 0xC0, 0x00,
  0x00, 0x00, 0x7F, 0xFE, 0x00, 0x00, 0x00, 0x01, 0xFF, 0xE0, 0x00, 0x00,
  0x00, 0x07, 0xFF, 0x00, 0x00, 0x00, 0x00, 0x1F, 0xFC, 0x00, 0x00, 0x00,
  0x00, 0x7F, 0xF0, 0x00, 0x00, 0x00, 0x01, 0xFF, 0xC0, 0x00, 0x00, 0x00,
  0x07, 0xFF, 0x00, 0x00, 0x00, 0x00, 0x1F, 0xFC, 0x00, 0x00, 0x00, 0x00,
  0x7F, 0xF0, 0x00, 0x00, 0x00, 0x01, 0xFF, 0xC0, 0x00, 0x00, 0x00, 0x07,
  0xFF, 0x00, 0x00, 0x00, 0x00, 0x1F, 0xFC, 0x00, 0x00, 0x00, 0x00, 0x7F,
  0xF0, 0x00, 0x00, 0x00, 0x01, 0xFF, 0xC0, 0x00, 0x00, 0x00, 0x00, 0x00,
  0x00, 0x00, 0x00, 0x00, 0x00, 0x00, 0x00, 0x00, 0x00, 0x00, 0x00, 0x00,
  0x00, 0x00, 0x00, 0x00, 0x00, 0x00, 0x00, 0x00, 0x00, 0x00, 0x00, 0x00,
  0x00, 0x00, 0x00, 0x00, 0x00, 0x00, 0x00, 0x00, 0x00, 0x00, 0x00, 0x00,
  0x00, 0x00, 0x00, 0x00, 0x00, 0x00, 0x00, 0x00, 0x00, 0x00, 0x00, 0x00,
  0x00, 0x00, 0x00, 0x00, 0x00, 0x00, 0x00, 0x00, 0x00, 0x00, 0x00, 0x00,
  0x00, 0x03, 0xFF, 0xE0, 0x00, 0x00, 0x00, 0x0F, 0xFF, 0x80, 0x00, 0x00,
  0x00, 0x3F, 0xFE, 0x00, 0x00, 0x00, 0x00, 0xFF, 0xF8, 0x00, 0x00, 0x00,
  0x03, 0xFF, 0xE0, 0x00, 0x00, 0x00, 0x0F, 0xFF, 0x80, 0x00, 0x00, 0x00,
  0x3F, 0xFE, 0x00, 0x00, 0x00, 0x00, 0xFF, 0xF8, 0x00, 0x00, 0x00, 0x03,
  0xFF, 0xE0, 0x00, 0x00, 0x00, 0x0F, 0xFF, 0x80, 0x00, 0x00, 0x00, 0x3F,
  0xFE, 0x00, 0x00, 0x00, 0x00, 0xFF, 0xF8, 0x00, 0x00, 0x00, 0x03, 0xFF,
  0xE0, 0x00, 0x00, 0x00, 0x00, 0x00, 0x00, 0x00, 0x07, 0xFF, 0xF0, 0x00,
  0x00, 0x00, 0x00, 0x00, 0x00, 0x00, 0x00, 0x07, 0xFF, 0xFF, 0xFE, 0x00,
  0x00, 0x00, 0x00, 0x00, 0x00, 0x00, 0x01, 0xFF, 0xFF, 0xFF, 0xFF, 0x00,
  0x00, 0x00, 0x00, 0x00, 0x00, 0x00, 0x3F, 0xFF, 0xFF, 0xFF, 0xFF, 0x80,
  0x00, 0x00, 0x00, 0x00, 0x00, 0x03, 0xFF, 0xFF, 0xFF, 0xFF, 0xFF, 0x80,
  0x00, 0x00, 0x00, 0x00, 0x00, 0x3F, 0xFF, 0xFF, 0xFF, 0xFF, 0xFF, 0x80,
  0x00, 0x00, 0x00, 0x00, 0x03, 0xFF, 0xFF, 0xFF, 0xFF, 0xFF, 0xFF, 0x00,
  0x00, 0x00, 0x00, 0x00, 0x3F, 0xFF, 0xFF, 0xFF, 0xFF, 0xFF, 0xFE, 0x00,
  0x00, 0x00, 0x00, 0x01, 0xFF, 0xFF, 0xFF, 0xFF, 0xFF, 0xFF, 0xFE, 0x00,
  0x00, 0x00, 0x00, 0x1F, 0xFF, 0xFF, 0xFF, 0xFF, 0xFF, 0xFF, 0xFC, 0x00,
  0x00, 0x00, 0x00, 0xFF, 0xFF, 0xFF, 0xC0, 0x01, 0xFF, 0xFF, 0xF8, 0x00,
  0x00, 0x00, 0x07, 0xFF, 0xFF, 0xE0, 0x00, 0x00, 0x7F, 0xFF, 0xF0, 0x00,
  0x00, 0x00, 0x3F, 0xFF, 0xFC, 0x00, 0x00, 0x00, 0x3F, 0xFF, 0xE0, 0x00,
  0x00, 0x01, 0xFF, 0xFF, 0xC0, 0x00, 0x00, 0x00, 0x3F, 0xFF, 0xC0, 0x00,
  0x00, 0x0F, 0xFF, 0xFC, 0x00, 0x00, 0x00, 0x00, 0x3F, 0xFF, 0x00, 0x00,
  0x00, 0x7F, 0xFF, 0xC0, 0x00, 0x00, 0x00, 0x00, 0x7F, 0xFE, 0x00, 0x00,
  0x03, 0xFF, 0xFC, 0x00, 0x00, 0x00, 0x00, 0x00, 0x7F, 0xFC, 0x00, 0x00,
  0x1F, 0xFF, 0xE0, 0x00, 0x00, 0x00, 0x00, 0x00, 0xFF, 0xF8, 0x00, 0x00,
  0xFF, 0xFF, 0x00, 0x00, 0x00, 0x00, 0x00, 0x01, 0xFF, 0xE0, 0x00, 0x07,
  0xFF, 0xF0, 0x00, 0x00, 0x00, 0x00, 0x00, 0x03, 0xFF, 0xC0, 0x00, 0x1F,
  0xFF, 0x80, 0x00, 0x00, 0x00, 0x00, 0x00, 0x07, 0xFF, 0x00, 0x00, 0xFF,
  0xFC, 0x00, 0x00, 0x00, 0x00, 0x00, 0x00, 0x0F, 0xFE, 0x00, 0x07, 0xFF,
  0xE0, 0x00, 0x00, 0x00, 0x00, 0x00, 0x00, 0x3F, 0xF8, 0x00, 0x1F, 0xFF,
  0x80, 0x00, 0x00, 0x00, 0x00, 0x00, 0x00, 0x7F, 0xF0, 0x00, 0xFF, 0xFC,
  0x00, 0x00, 0x00, 0xFF, 0x00, 0x00, 0x01, 0xFF, 0xC0, 0x03, 0xFF, 0xE0,
  0x00, 0x00, 0x1F, 0xFF, 0x8F, 0xF8, 0x03, 0xFF, 0x00, 0x1F, 0xFF, 0x00,
  0x00, 0x01, 0xFF, 0xFF, 0x7F, 0xE0, 0x07, 0xFE, 0x00, 0x7F, 0xFC, 0x00,
  0x00, 0x0F, 0xFF, 0xFF, 0xFF, 0x80, 0x1F, 0xF8, 0x03, 0xFF, 0xE0, 0x00,
  0x00, 0xFF, 0xFF, 0xFF, 0xFE, 0x00, 0x7F, 0xE0, 0x0F, 0xFF, 0x00, 0x00,
  0x07, 0xFF, 0xFF, 0xFF, 0xF0, 0x00, 0xFF, 0xC0, 0x7F, 0xFC, 0x00, 0x00,
  0x3F, 0xFF, 0xFF, 0xFF, 0xC0, 0x03, 0xFF, 0x01, 0xFF, 0xE0, 0x00, 0x01,
  0xFF, 0xFF, 0xFF, 0xFF, 0x00, 0x07, 0xFC, 0x07, 0xFF, 0x80, 0x00, 0x0F,
  0xFF, 0xFF, 0xFF, 0xFC, 0x00, 0x1F, 0xF8, 0x3F, 0xFC, 0x00, 0x00, 0x7F,
  0xFF, 0xC0, 0xFF, 0xF0, 0x00, 0x7F, 0xE0, 0xFF, 0xF0, 0x00, 0x03, 0xFF,
  0xFC, 0x03, 0xFF, 0xC0, 0x01, 0xFF, 0x83, 0xFF, 0xC0, 0x00, 0x0F, 0xFF,
  0xC0, 0x0F, 0xFE, 0x00, 0x03, 0xFE, 0x1F, 0xFE, 0x00, 0x00, 0x7F, 0xFE,
  0x00, 0x3F, 0xF8, 0x00, 0x0F, 0xF8, 0x7F, 0xF8, 0x00, 0x03, 0xFF, 0xF0,
  0x00, 0xFF, 0xE0, 0x00, 0x3F, 0xE1, 0xFF, 0xC0, 0x00, 0x0F, 0xFF, 0x80,
  0x03, 0xFF, 0x80, 0x00, 0xFF, 0xCF, 0xFF, 0x00, 0x00, 0x7F, 0xFC, 0x00,
  0x0F, 0xFE, 0x00, 0x03, 0xFF, 0x3F, 0xFC, 0x00, 0x03, 0xFF, 0xE0, 0x00,
  0x7F, 0xF8, 0x00, 0x07, 0xFC, 0xFF, 0xF0, 0x00, 0x0F, 0xFF, 0x80, 0x01,
  0xFF, 0xE0, 0x00, 0x1F, 0xF3, 0xFF, 0x80, 0x00, 0x7F, 0xFC, 0x00, 0x07,
  0xFF, 0x00, 0x00, 0x7F, 0xCF, 0xFE, 0x00, 0x01, 0xFF, 0xE0, 0x00, 0x1F,
  0xFC, 0x00, 0x01, 0xFF, 0x7F, 0xF8, 0x00, 0x07, 0xFF, 0x80, 0x00, 0x7F,
  0xF0, 0x00, 0x07, 0xFD, 0xFF, 0xE0, 0x00, 0x3F, 0xFC, 0x00, 0x01, 0xFF,
  0xC0, 0x00, 0x1F, 0xF7, 0xFF, 0x00, 0x00, 0xFF, 0xF0, 0x00, 0x07, 0xFF,
  0x00, 0x00, 0x7F, 0xDF, 0xFC, 0x00, 0x07, 0xFF, 0xC0, 0x00, 0x3F, 0xFC,
  0x00, 0x01, 0xFF, 0x7F, 0xF0, 0x00, 0x1F, 0xFE, 0x00, 0x00, 0xFF, 0xE0,
  0x00, 0x07, 0xFD, 0xFF, 0xC0, 0x00, 0x7F, 0xF8, 0x00, 0x03, 0xFF, 0x80,
  0x00, 0x1F, 0xF7, 0xFF, 0x00, 0x01, 0xFF, 0xE0, 0x00, 0x0F, 0xFE, 0x00,
  0x00, 0x7F, 0xFF, 0xFC, 0x00, 0x0F, 0xFF, 0x00, 0x00, 0x3F, 0xF8, 0x00,
  0x01, 0xFF, 0xFF, 0xE0, 0x00, 0x3F, 0xFC, 0x00, 0x00, 0xFF, 0xE0, 0x00,
  0x07, 0xFF, 0xFF, 0x80, 0x00, 0xFF, 0xF0, 0x00, 0x07, 0xFF, 0x80, 0x00,
  0x1F, 0xEF, 0xFE, 0x00, 0x03, 0xFF, 0xC0, 0x00, 0x1F, 0xFC, 0x00, 0x00,
  0xFF, 0xBF, 0xF8, 0x00, 0x0F, 0xFF, 0x00, 0x00, 0x7F, 0xF0, 0x00, 0x03,
  0xFE, 0xFF, 0xE0, 0x00, 0x7F, 0xF8, 0x00, 0x01, 0xFF, 0xC0, 0x00, 0x0F,
  0xFB, 0xFF, 0x80, 0x01, 0xFF, 0xE0, 0x00, 0x07, 0xFF, 0x00, 0x00, 0x3F,
  0xEF, 0xFE, 0x00, 0x07, 0xFF, 0x80, 0x00, 0x1F, 0xFC, 0x00, 0x00, 0xFF,
  0xBF, 0xF8, 0x00, 0x1F, 0xFE, 0x00, 0x00, 0x7F, 0xF0, 0x00, 0x07, 0xFC,
  0xFF, 0xE0, 0x00, 0x7F, 0xF8, 0x00, 0x03, 0xFF, 0xC0, 0x00, 0x1F, 0xF3,
  0xFF, 0x80, 0x01, 0xFF, 0xE0, 0x00, 0x0F, 0xFE, 0x00, 0x00, 0x7F, 0xCF,
  0xFE, 0x00, 0x07, 0xFF, 0x80, 0x00, 0x3F, 0xF8, 0x00, 0x03, 0xFE, 0x3F,
  0xF8, 0x00, 0x1F, 0xFE, 0x00, 0x00, 0xFF, 0xE0, 0x00, 0x0F, 0xF8, 0xFF,
  0xE0, 0x00, 0x7F, 0xF8, 0x00, 0x07, 0xFF, 0x80, 0x00, 0x3F, 0xE3, 0xFF,
  0x80, 0x01, 0xFF, 0xE0, 0x00, 0x1F, 0xFE, 0x00, 0x01, 0xFF, 0x0F, 0xFE,
  0x00, 0x07, 0xFF, 0x80, 0x00, 0x7F, 0xF8, 0x00, 0x07, 0xFC, 0x3F, 0xF8,
  0x00, 0x1F, 0xFF, 0x00, 0x03, 0xFF, 0xC0, 0x00, 0x3F, 0xE0, 0xFF, 0xE0,
  0x00, 0x3F, 0xFC, 0x00, 0x0F, 0xFF, 0x00, 0x00, 0xFF, 0x83, 0xFF, 0x80,
  0x00, 0xFF, 0xF0, 0x00, 0x7F, 0xFC, 0x00, 0x07, 0xFC, 0x0F, 0xFF, 0x00,
  0x03, 0xFF, 0xE0, 0x03, 0xFF, 0xF0, 0x00, 0x3F, 0xF0, 0x1F, 0xFC, 0x00,
  0x0F, 0xFF, 0xC0, 0x1F, 0xFF, 0xC0, 0x00, 0xFF, 0x80, 0x7F, 0xF0, 0x00,
  0x1F, 0xFF, 0x80, 0xFF, 0xFF, 0x00, 0x07, 0xFC, 0x01, 0xFF, 0xC0, 0x00,
  0x7F, 0xFF, 0xFF, 0xFF, 0xFC, 0x00, 0x3F, 0xF0, 0x07, 0xFF, 0x00, 0x01,
  0xFF, 0xFF, 0xFF, 0xFF, 0xF0, 0x03, 0xFF, 0x80, 0x1F, 0xFE, 0x00, 0x03,
  0xFF, 0xFF, 0xFE, 0xFF, 0xC0, 0x1F, 0xFC, 0x00, 0x7F, 0xF8, 0x00, 0x07,
  0xFF, 0xFF, 0xFB, 0xFF, 0x81, 0xFF, 0xE0, 0x00, 0xFF, 0xE0, 0x00, 0x1F,
  0xFF, 0xFF, 0xC7, 0xFF, 0xFF, 0xFF, 0x00, 0x03, 0xFF, 0xC0, 0x00, 0x3F,
  0xFF, 0xFF, 0x1F, 0xFF, 0xFF, 0xF8, 0x00, 0x0F, 0xFF, 0x00, 0x00, 0x7F,
  0xFF, 0xF8, 0x3F, 0xFF, 0xFF, 0x80, 0x00, 0x3F, 0xFC, 0x00, 0x00, 0xFF,
  0xFF, 0xC0, 0x7F, 0xFF, 0xFC, 0x00, 0x00, 0x7F, 0xF8, 0x00, 0x01, 0xFF,
  0xFF, 0x00, 0xFF, 0xFF, 0xC0, 0x00, 0x01, 0xFF, 0xE0, 0x00, 0x01, 0xFF,
  0xF0, 0x01, 0xFF, 0xFC, 0x00, 0x00, 0x07, 0xFF, 0xC0, 0x00, 0x00, 0xFE,
  0x00, 0x00, 0xFF, 0x00, 0x00, 0x00, 0x0F, 0xFF, 0x00, 0x00, 0x00, 0x00,
  0x00, 0x00, 0x00, 0x00, 0x00, 0x00, 0x3F, 0xFE, 0x00, 0x00, 0x00, 0x00,
  0x00, 0x00, 0x00, 0x00, 0x00, 0x00, 0x7F, 0xFC, 0x00, 0x00, 0x00, 0x00,
  0x00, 0x00, 0x00, 0x00, 0x00, 0x01, 0xFF, 0xF0, 0x00, 0x00, 0x00, 0x00,
  0x00, 0x00, 0x00, 0x00, 0x00, 0x03, 0xFF, 0xE0, 0x00, 0x00, 0x00, 0x00,
  0x00, 0x00, 0x00, 0x00, 0x00, 0x0F, 0xFF, 0xC0, 0x00, 0x00, 0x00, 0x00,
  0x00, 0x00, 0x00, 0x00, 0x00, 0x1F, 0xFF, 0x80, 0x00, 0x00, 0x00, 0x00,
  0x00, 0x00, 0x00, 0x00, 0x00, 0x7F, 0xFF, 0x00, 0x00, 0x00, 0x00, 0x00,
  0x00, 0x00, 0x00, 0x00, 0x00, 0xFF, 0xFE, 0x00, 0x00, 0x00, 0x00, 0x00,
  0x00, 0x00, 0x00, 0x00, 0x01, 0xFF, 0xFC, 0x00, 0x00, 0x00, 0x00, 0x00,
  0x00, 0x00, 0x00, 0x00, 0x03, 0xFF, 0xF8, 0x00, 0x00, 0x00, 0x00, 0x00,
  0x00, 0x00, 0x00, 0x00, 0x0F, 0xFF, 0xF8, 0x00, 0x00, 0x00, 0x00, 0x00,
  0x00, 0x00, 0x00, 0x00, 0x1F, 0xFF, 0xF8, 0x00, 0x00, 0x00, 0x00, 0x00,
  0x00, 0x00, 0x00, 0x00, 0x3F, 0xFF, 0xF8, 0x00, 0x00, 0x00, 0x00, 0x00,
  0x00, 0x00, 0x00, 0x00, 0x7F, 0xFF, 0xF8, 0x00, 0x00, 0x00, 0x00, 0xE0,
  0x00, 0x00, 0x00, 0x00, 0xFF, 0xFF, 0xFE, 0x00, 0x00, 0x00, 0x3F, 0x80,
  0x00, 0x00, 0x00, 0x01, 0xFF, 0xFF, 0xFF, 0xC0, 0x00, 0x7F, 0xFE, 0x00,
  0x00, 0x00, 0x00, 0x01, 0xFF, 0xFF, 0xFF, 0xFF, 0xFF, 0xFF, 0xF8, 0x00,
  0x00, 0x00, 0x00, 0x03, 0xFF, 0xFF, 0xFF, 0xFF, 0xFF, 0xFF, 0xF0, 0x00,
  0x00, 0x00, 0x00, 0x07, 0xFF, 0xFF, 0xFF, 0xFF, 0xFF, 0xFF, 0xC0, 0x00,
  0x00, 0x00, 0x00, 0x07, 0xFF, 0xFF, 0xFF, 0xFF, 0xFF, 0xFF, 0x00, 0x00,
  0x00, 0x00, 0x00, 0x07, 0xFF, 0xFF, 0xFF, 0xFF, 0xFF, 0xFC, 0x00, 0x00,
  0x00, 0x00, 0x00, 0x07, 0xFF, 0xFF, 0xFF, 0xFF, 0xFF, 0xF8, 0x00, 0x00,
  0x00, 0x00, 0x00, 0x07, 0xFF, 0xFF, 0xFF, 0xFF, 0xFF, 0x80, 0x00, 0x00,
  0x00, 0x00, 0x00, 0x03, 0xFF, 0xFF, 0xFF, 0xFF, 0xF0, 0x00, 0x00, 0x00,
  0x00, 0x00, 0x00, 0x00, 0xFF, 0xFF, 0xFF, 0xF8, 0x00, 0x00, 0x00, 0x00,
  0x00, 0x00, 0x00, 0x00, 0x0F, 0xFF, 0xF0, 0x00, 0x00, 0x00, 0x00, 0x00,
  0x00, 0x00, 0x0F, 0xFF, 0x80, 0x00, 0x00, 0x00, 0x00, 0x3F, 0xFE, 0x00,
  0x00, 0x00, 0x00, 0x00, 0xFF, 0xFC, 0x00, 0x00, 0x00, 0x00, 0x03, 0xFF,
  0xF0, 0x00, 0x00, 0x00, 0x00, 0x0F, 0xFF, 0xC0, 0x00, 0x00, 0x00, 0x00,
  0x7F, 0xFF, 0x00, 0x00, 0x00, 0x00, 0x01, 0xFF, 0xFE, 0x00, 0x00, 0x00,
  0x00, 0x07, 0xFF, 0xF8, 0x00, 0x00, 0x00, 0x00, 0x1F, 0xFF, 0xE0, 0x00,
  0x00, 0x00, 0x00, 0x7F, 0xFF, 0x80, 0x00, 0x00, 0x00, 0x03, 0xFF, 0xFE,
  0x00, 0x00, 0x00, 0x00, 0x0F, 0xFF, 0xFC, 0x00, 0x00, 0x00, 0x00, 0x3F,
  0xFF, 0xF0, 0x00, 0x00, 0x00, 0x00, 0xFF, 0xFF, 0xC0, 0x00, 0x00, 0x00,
  0x07, 0xFF, 0xFF, 0x00, 0x00, 0x00, 0x00, 0x1F, 0xFF, 0xFC, 0x00, 0x00,
  0x00, 0x00, 0x7F, 0xFF, 0xF8, 0x00, 0x00, 0x00, 0x01, 0xFF, 0xFF, 0xE0,
  0x00, 0x00, 0x00, 0x07, 0xFF, 0xFF, 0x80, 0x00, 0x00, 0x00, 0x3F, 0xFF,
  0xFE, 0x00, 0x00, 0x00, 0x00, 0xFF, 0xFF, 0xFC, 0x00, 0x00, 0x00, 0x03,
  0xFF, 0xFF, 0xF0, 0x00, 0x00, 0x00, 0x0F, 0xFD, 0xFF, 0xC0, 0x00, 0x00,
  0x00, 0x3F, 0xF3, 0xFF, 0x00, 0x00, 0x00, 0x01, 0xFF, 0xCF, 0xFC, 0x00,
  0x00, 0x00, 0x07, 0xFF, 0x3F, 0xF8, 0x00, 0x00, 0x00, 0x1F, 0xFC, 0xFF,
  0xE0, 0x00, 0x00, 0x00, 0x7F, 0xE3, 0xFF, 0x80, 0x00, 0x00, 0x03, 0xFF,
  0x87, 0xFE, 0x00, 0x00, 0x00, 0x0F, 0xFE, 0x1F, 0xF8, 0x00, 0x00, 0x00,
  0x3F, 0xF8, 0x7F, 0xF0, 0x00, 0x00, 0x00, 0xFF, 0xE1, 0xFF, 0xC0, 0x00,
  0x00, 0x03, 0xFF, 0x87, 0xFF, 0x00, 0x00, 0x00, 0x1F, 0xFC, 0x1F, 0xFC,
  0x00, 0x00, 0x00, 0x7F, 0xF0, 0x3F, 0xF0, 0x00, 0x00, 0x01, 0xFF, 0xC0,
  0xFF, 0xE0, 0x00, 0x00, 0x07, 0xFF, 0x03, 0xFF, 0x80, 0x00, 0x00, 0x1F,
  0xFC, 0x0F, 0xFE, 0x00, 0x00, 0x00, 0xFF, 0xE0, 0x3F, 0xF8, 0x00, 0x00,
  0x03, 0xFF, 0x80, 0x7F, 0xF0, 0x00, 0x00, 0x0F, 0xFE, 0x01, 0xFF, 0xC0,
  0x00, 0x00, 0x3F, 0xF8, 0x07, 0xFF, 0x00, 0x00, 0x00, 0xFF, 0xE0, 0x1F,
  0xFC, 0x00, 0x00, 0x07, 0xFF, 0x80, 0x7F, 0xF0, 0x00, 0x00, 0x1F, 0xFC,
  0x01, 0xFF, 0xE0, 0x00, 0x00, 0x7F, 0xF0, 0x03, 0xFF, 0x80, 0x00, 0x01,
  0xFF, 0xC0, 0x0F, 0xFE, 0x00, 0x00, 0x0F, 0xFF, 0x00, 0x3F, 0xF8, 0x00,
  0x00, 0x3F, 0xFC, 0x00, 0xFF, 0xE0, 0x00, 0x00, 0xFF, 0xE0, 0x03, 0xFF,
  0xC0, 0x00, 0x03, 0xFF, 0x80, 0x07, 0xFF, 0x00, 0x00, 0x0F, 0xFE, 0x00,
  0x1F, 0xFC, 0x00, 0x00, 0x7F, 0xF8, 0x00, 0x7F, 0xF0, 0x00, 0x01, 0xFF,
  0xE0, 0x01, 0xFF, 0xE0, 0x00, 0x07, 0xFF, 0x80, 0x07, 0xFF, 0x80, 0x00,
  0x1F, 0xFC, 0x00, 0x0F, 0xFE, 0x00, 0x00, 0x7F, 0xF0, 0x00, 0x3F, 0xF8,
  0x00, 0x03, 0xFF, 0xC0, 0x00, 0xFF, 0xE0, 0x00, 0x0F, 0xFF, 0x00, 0x03,
  0xFF, 0xC0, 0x00, 0x3F, 0xFC, 0x00, 0x0F, 0xFF, 0x00, 0x00, 0xFF, 0xE0,
  0x00, 0x3F, 0xFC, 0x00, 0x03, 0xFF, 0x80, 0x00, 0x7F, 0xF0, 0x00, 0x1F,
  0xFE, 0x00, 0x01, 0xFF, 0xC0, 0x00, 0x7F, 0xFF, 0xFF, 0xFF, 0xFF, 0x80,
  0x01, 0xFF, 0xFF, 0xFF, 0xFF, 0xFE, 0x00, 0x07, 0xFF, 0xFF, 0xFF, 0xFF,
  0xF8, 0x00, 0x3F, 0xFF, 0xFF, 0xFF, 0xFF, 0xE0, 0x00, 0xFF, 0xFF, 0xFF,
  0xFF, 0xFF, 0xC0, 0x03, 0xFF, 0xFF, 0xFF, 0xFF, 0xFF, 0x00, 0x0F, 0xFF,
  0xFF, 0xFF, 0xFF, 0xFC, 0x00, 0x3F, 0xFF, 0xFF, 0xFF, 0xFF, 0xF0, 0x01,
  0xFF, 0xFF, 0xFF, 0xFF, 0xFF, 0xC0, 0x07, 0xFF, 0x80, 0x00, 0x07, 0xFF,
  0x80, 0x1F, 0xFE, 0x00, 0x00, 0x1F, 0xFE, 0x00, 0x7F, 0xF8, 0x00, 0x00,
  0x7F, 0xF8, 0x01, 0xFF, 0xE0, 0x00, 0x01, 0xFF, 0xE0, 0x0F, 0xFF, 0x00,
  0x00, 0x07, 0xFF, 0x80, 0x3F, 0xFC, 0x00, 0x00, 0x0F, 0xFF, 0x00, 0xFF,
  0xF0, 0x00, 0x00, 0x3F, 0xFC, 0x03, 0xFF, 0xC0, 0x00, 0x00, 0xFF, 0xF0,
  0x1F, 0xFF, 0x00, 0x00, 0x03, 0xFF, 0xC0, 0x7F, 0xF8, 0x00, 0x00, 0x0F,
  0xFF, 0x01, 0xFF, 0xE0, 0x00, 0x00, 0x1F, 0xFE, 0x07, 0xFF, 0x80, 0x00,
  0x00, 0x7F, 0xF8, 0x1F, 0xFE, 0x00, 0x00, 0x01, 0xFF, 0xE0, 0xFF, 0xF8,
  0x00, 0x00, 0x07, 0xFF, 0x83, 0xFF, 0xE0, 0x00, 0x00, 0x1F, 0xFF, 0x0F,
  0xFF, 0x00, 0x00, 0x00, 0x7F, 0xFC, 0x3F, 0xFC, 0x00, 0x00, 0x00, 0xFF,
  0xF0, 0xFF, 0xF0, 0x00, 0x00, 0x03, 0xFF, 0xC7, 0xFF, 0xC0, 0x00, 0x00,
  0x0F, 0xFF, 0x1F, 0xFF, 0x00, 0x00, 0x00, 0x3F, 0xFE, 0x7F, 0xF8, 0x00,
  0x00, 0x00, 0xFF, 0xF9, 0xFF, 0xE0, 0x00, 0x00, 0x01, 0xFF, 0xE7, 0xFF,
  0x80, 0x00, 0x00, 0x07, 0xFF, 0xBF, 0xFE, 0x00, 0x00, 0x00, 0x1F, 0xFE,
  0xFF, 0xFF, 0xFF, 0xF8, 0x00, 0x00, 0x3F, 0xFF, 0xFF, 0xFF, 0xE0, 0x00,
  0x0F, 0xFF, 0xFF, 0xFF, 0xFF, 0x00, 0x03, 0xFF, 0xFF, 0xFF, 0xFF, 0xF0,
  0x00, 0xFF, 0xFF, 0xFF, 0xFF, 0xFE, 0x00, 0x3F, 0xFF, 0xFF, 0xFF, 0xFF,
  0xE0, 0x0F, 0xFF, 0xFF, 0xFF, 0xFF, 0xFC, 0x03, 0xFF, 0xFF, 0xFF, 0xFF,
  0xFF, 0x80, 0xFF, 0xFF, 0xFF, 0xFF, 0xFF, 0xE0, 0x3F, 0xFF, 0xFF, 0xFF,
  0xFF, 0xFC, 0x0F, 0xFF, 0x80, 0x07, 0xFF, 0xFF, 0x03, 0xFF, 0xE0, 0x00,
  0x1F, 0xFF, 0xE0, 0xFF, 0xF8, 0x00, 0x01, 0xFF, 0xF8, 0x3F, 0xFE, 0x00,
  0x00, 0x3F, 0xFF, 0x0F, 0xFF, 0x80, 0x00, 0x07, 0xFF, 0xC3, 0xFF, 0xE0,
  0x00, 0x00, 0xFF, 0xF0, 0xFF, 0xF8, 0x00, 0x00, 0x3F, 0xFC, 0x3F, 0xFE,
  0x00, 0x00, 0x0F, 0xFF, 0x8F, 0xFF, 0x80, 0x00, 0x01, 0xFF, 0xE3, 0xFF,
  0xE0, 0x00, 0x00, 0x7F, 0xF8, 0xFF, 0xF8, 0x00, 0x00, 0x1F, 0xFE, 0x3F,
  0xFE, 0x00, 0x00, 0x07, 0xFF, 0x8F, 0xFF, 0x80, 0x00, 0x01, 0xFF, 0xE3,
  0xFF, 0xE0, 0x00, 0x00, 0x7F, 0xF8, 0xFF, 0xF8, 0x00, 0x00, 0x1F, 0xFE,
  0x3F, 0xFE, 0x00, 0x00, 0x07, 0xFF, 0x8F, 0xFF, 0x80, 0x00, 0x01, 0xFF,
  0xE3, 0xFF, 0xE0, 0x00, 0x00, 0x7F, 0xF8, 0xFF, 0xF8, 0x00, 0x00, 0x1F,
  0xFE, 0x3F, 0xFE, 0x00, 0x00, 0x07, 0xFF, 0x0F, 0xFF, 0x80, 0x00, 0x03,
  0xFF, 0xC3, 0xFF, 0xE0, 0x00, 0x00, 0xFF, 0xF0, 0xFF, 0xF8, 0x00, 0x00,
  0x3F, 0xFC, 0x3F, 0xFE, 0x00, 0x00, 0x1F, 0xFE, 0x0F, 0xFF, 0x80, 0x00,
  0x07, 0xFF, 0x83, 0xFF, 0xE0, 0x00, 0x03, 0xFF, 0xE0, 0xFF, 0xF8, 0x00,
  0x01, 0xFF, 0xF0, 0x3F, 0xFE, 0x00, 0x01, 0xFF, 0xF8, 0x0F, 0xFF, 0x80,
  0x03, 0xFF, 0xFE, 0x03, 0xFF, 0xFF, 0xFF, 0xFF, 0xFF, 0x00, 0xFF, 0xFF,
  0xFF, 0xFF, 0xFF, 0x00, 0x3F, 0xFF, 0xFF, 0xFF, 0xFF, 0x80, 0x0F, 0xFF,
  0xFF, 0xFF, 0xFF, 0x00, 0x03, 0xFF, 0xFF, 0xFF, 0xFF, 0x00, 0x00, 0xFF,
  0xFF, 0xFF, 0xFF, 0xF8, 0x00, 0x3F, 0xFF, 0xFF, 0xFF, 0xFF, 0xC0, 0x0F,
  0xFF, 0xFF, 0xFF, 0xFF, 0xF8, 0x03, 0xFF, 0xFF, 0xFF, 0xFF, 0xFF, 0x80,
  0xFF, 0xFF, 0xFF, 0xFF, 0xFF, 0xF0, 0x3F, 0xFE, 0x00, 0x0F, 0xFF, 0xFE,
  0x0F, 0xFF, 0x80, 0x00, 0x7F, 0xFF, 0x83, 0xFF, 0xE0, 0x00, 0x07, 0xFF,
  0xF0, 0xFF, 0xF8, 0x00, 0x00, 0xFF, 0xFE, 0x3F, 0xFE, 0x00, 0x00, 0x1F,
  0xFF, 0x8F, 0xFF, 0x80, 0x00, 0x03, 0xFF, 0xF3, 0xFF, 0xE0, 0x00, 0x00,
  0xFF, 0xFC, 0xFF, 0xF8, 0x00, 0x00, 0x1F, 0xFF, 0x3F, 0xFE, 0x00, 0x00,
  0x07, 0xFF, 0xEF, 0xFF, 0x80, 0x00, 0x00, 0xFF, 0xFB, 0xFF, 0xE0, 0x00,
  0x00, 0x3F, 0xFE, 0xFF, 0xF8, 0x00, 0x00, 0x0F, 0xFF, 0xBF, 0xFE, 0x00,
  0x00, 0x03, 0xFF, 0xFF, 0xFF, 0x80, 0x00, 0x00, 0x7F, 0xFF, 0xFF, 0xE0,
  0x00, 0x00, 0x1F, 0xFF, 0xFF, 0xF8, 0x00, 0x00, 0x07, 0xFF, 0xFF, 0xFE,
  0x00, 0x00, 0x01, 0xFF, 0xFF, 0xFF, 0x80, 0x00, 0x00, 0x7F, 0xFF, 0xFF,
  0xE0, 0x00, 0x00, 0x1F, 0xFF, 0xFF, 0xF8, 0x00, 0x00, 0x07, 0xFF, 0xFF,
  0xFE, 0x00, 0x00, 0x01, 0xFF, 0xFF, 0xFF, 0x80, 0x00, 0x00, 0x7F, 0xFF,
  0xFF, 0xE0, 0x00, 0x00, 0x1F, 0xFF, 0xFF, 0xF8, 0x00, 0x00, 0x07, 0xFF,
  0xFF, 0xFE, 0x00, 0x00, 0x01, 0xFF, 0xFF, 0xFF, 0x80, 0x00, 0x00, 0x7F,
  0xFB, 0xFF, 0xE0, 0x00, 0x00, 0x3F, 0xFE, 0xFF, 0xF8, 0x00, 0x00, 0x0F,
  0xFF, 0xBF, 0xFE, 0x00, 0x00, 0x03, 0xFF, 0xEF, 0xFF, 0x80, 0x00, 0x00,
  0xFF, 0xFB, 0xFF, 0xE0, 0x00, 0x00, 0x7F, 0xFC, 0xFF, 0xF8, 0x00, 0x00,
  0x1F, 0xFF, 0x3F, 0xFE, 0x00, 0x00, 0x0F, 0xFF, 0xCF, 0xFF, 0x80, 0x00,
  0x07, 0xFF, 0xE3, 0xFF, 0xE0, 0x00, 0x03, 0xFF, 0xF8, 0xFF, 0xF8, 0x00,
  0x01, 0xFF, 0xFC, 0x3F, 0xFE, 0x00, 0x07, 0xFF, 0xFF, 0x0F, 0xFF, 0xFF,
  0xFF, 0xFF, 0xFF, 0x83, 0xFF, 0xFF, 0xFF, 0xFF, 0xFF, 0xC0, 0xFF, 0xFF,
  0xFF, 0xFF, 0xFF, 0xE0, 0x3F, 0xFF, 0xFF, 0xFF, 0xFF, 0xF0, 0x0F, 0xFF,
  0xFF, 0xFF, 0xFF, 0xF8, 0x03, 0xFF, 0xFF, 0xFF, 0xFF, 0xF8, 0x00, 0xFF,
  0xFF, 0xFF, 0xFF, 0xFC, 0x00, 0x3F, 0xFF, 0xFF, 0xFF, 0xF8, 0x00, 0x0F,
  0xFF, 0xFF, 0xFF, 0xE0, 0x00, 0x00, 0x00, 0x00, 0x1F, 0xFF, 0x00, 0x00,
  0x00, 0x00, 0x7F, 0xFF, 0xFC, 0x00, 0x00, 0x00, 0xFF, 0xFF, 0xFF, 0xE0,
  0x00, 0x00, 0x7F, 0xFF, 0xFF, 0xFC, 0x00, 0x00, 0x7F, 0xFF, 0xFF, 0xFF,
  0xC0, 0x00, 0x3F, 0xFF, 0xFF, 0xFF, 0xF8, 0x00, 0x1F, 0xFF, 0xFF, 0xFF,
  0xFF, 0x00, 0x0F, 0xFF, 0xFF, 0xFF, 0xFF, 0xE0, 0x07, 0xFF, 0xFF, 0xFF,
  0xFF, 0xFC, 0x01, 0xFF, 0xFF, 0xFF, 0xFF, 0xFF, 0x00, 0xFF, 0xFF, 0x80,
  0x3F, 0xFF, 0xE0, 0x3F, 0xFF, 0x80, 0x03, 0xFF, 0xF8, 0x1F, 0xFF, 0x80,
  0x00, 0x3F, 0xFF, 0x07, 0xFF, 0xC0, 0x00, 0x07, 0xFF, 0xC3, 0xFF, 0xE0,
  0x00, 0x01, 0xFF, 0xF0, 0xFF, 0xF8, 0x00, 0x00, 0x3F, 0xFE, 0x3F, 0xFE,
  0x00, 0x00, 0x0F, 0xFF, 0x8F, 0xFF, 0x00, 0x00, 0x03, 0xFF, 0xE7, 0xFF,
  0xC0, 0x00, 0x00, 0xFF, 0xF9, 0xFF, 0xF0, 0x00, 0x00, 0x1F, 0xFE, 0x7F,
  0xFC, 0x00, 0x00, 0x07, 0xFF, 0xDF, 0xFE, 0x00, 0x00, 0x01, 0xFF, 0xF7,
  0xFF, 0x80, 0x00, 0x00, 0x7F, 0xFF, 0xFF, 0xE0, 0x00, 0x00, 0x1F, 0xFF,
  0xFF, 0xF8, 0x00, 0x00, 0x07, 0xFF, 0xFF, 0xFE, 0x00, 0x00, 0x01, 0xFF,
  0xFF, 0xFF, 0x80, 0x00, 0x00, 0x7F, 0xFF, 0xFF, 0xE0, 0x00, 0x00, 0x1F,
  0xFF, 0xFF, 0xF8, 0x00, 0x00, 0x07, 0xFF, 0xFF, 0xFE, 0x00, 0x00, 0x01,
  0xFF, 0xFF, 0xFF, 0x80, 0x00, 0x00, 0x7F, 0xFF, 0xFF, 0xE0, 0x00, 0x00,
  0x1F, 0xFF, 0xFF, 0xF8, 0x00, 0x00, 0x07, 0xFF, 0xFF, 0xFE, 0x00, 0x00,
  0x01, 0xFF, 0xFF, 0xFF, 0x80, 0x00, 0x00, 0x7F, 0xFF, 0xFF, 0xE0, 0x00,
  0x00, 0x00, 0x00, 0xFF, 0xF8, 0x00, 0x00, 0x00, 0x00, 0x3F, 0xFE, 0x00,
  0x00, 0x00, 0x00, 0x0F, 0xFF, 0x80, 0x00, 0x00, 0x00, 0x03, 0xFF, 0xE0,
  0x00, 0x00, 0x00, 0x00, 0xFF, 0xF8, 0x00, 0x00, 0x00, 0x00, 0x3F, 0xFE,
  0x00, 0x00, 0x00, 0x00, 0x0F, 0xFF, 0x80, 0x00, 0x00, 0x00, 0x03, 0xFF,
  0xE0, 0x00, 0x00, 0x00, 0x00, 0xFF, 0xF8, 0x00, 0x00, 0x00, 0x00, 0x3F,
  0xFE, 0x00, 0x00, 0x00, 0x00, 0x0F, 0xFF, 0x80, 0x00, 0x00, 0x00, 0x03,
  0xFF, 0xE0, 0x00, 0x00, 0x00, 0x00, 0xFF, 0xF8, 0x00, 0x00, 0x00, 0x00,
  0x3F, 0xFE, 0x00, 0x00, 0x00, 0x00, 0x0F, 0xFF, 0x80, 0x00, 0x00, 0x00,
  0x03, 0xFF, 0xE0, 0x00, 0x00, 0x00, 0x00, 0xFF, 0xF8, 0x00, 0x00, 0x00,
  0x00, 0x3F, 0xFE, 0x00, 0x00, 0x00, 0x00, 0x0F, 0xFF, 0x80, 0x00, 0x00,
  0x00, 0x03, 0xFF, 0xE0, 0x00, 0x00, 0x00, 0x00, 0xFF, 0xF8, 0x00, 0x00,
  0x00, 0x00, 0x3F, 0xFE, 0x00, 0x00, 0x00, 0x00, 0x0F, 0xFF, 0x80, 0x00,
  0x00, 0x00, 0x03, 0xFF, 0xE0, 0x00, 0x00, 0x00, 0x00, 0xFF, 0xF8, 0x00,
  0x00, 0x00, 0x00, 0x3F, 0xFE, 0x00, 0x00, 0x01, 0xFF, 0xFF, 0xFF, 0x80,
  0x00, 0x00, 0x7F, 0xFF, 0xFF, 0xE0, 0x00, 0x00, 0x1F, 0xFF, 0xFF, 0xF8,
  0x00, 0x00, 0x07, 0xFF, 0xFF, 0xFE, 0x00, 0x00, 0x01, 0xFF, 0xFF, 0xFF,
  0x80, 0x00, 0x00, 0x7F, 0xFF, 0xFF, 0xE0, 0x00, 0x00, 0x1F, 0xFF, 0xFF,
  0xF8, 0x00, 0x00, 0x07, 0xFF, 0xFF, 0xFE, 0x00, 0x00, 0x01, 0xFF, 0xFF,
  0xFF, 0x80, 0x00, 0x00, 0x7F, 0xFF, 0xFF, 0xE0, 0x00, 0x00, 0x1F, 0xFF,
  0xFF, 0xF8, 0x00, 0x00, 0x07, 0xFF, 0xFF, 0xFE, 0x00, 0x00, 0x01, 0xFF,
  0xF7, 0xFF, 0x80, 0x00, 0x00, 0x7F, 0xFD, 0xFF, 0xE0, 0x00, 0x00, 0x1F,
  0xFF, 0x7F, 0xFC, 0x00, 0x00, 0x07, 0xFF, 0x9F, 0xFF, 0x00, 0x00, 0x03,
  0xFF, 0xE7, 0xFF, 0xC0, 0x00, 0x00, 0xFF, 0xF8, 0xFF, 0xF0, 0x00, 0x00,
  0x3F, 0xFE, 0x3F, 0xFE, 0x00, 0x00, 0x0F, 0xFF, 0x8F, 0xFF, 0x80, 0x00,
  0x07, 0xFF, 0xC1, 0xFF, 0xF0, 0x00, 0x01, 0xFF, 0xF0, 0x7F, 0xFC, 0x00,
  0x00, 0xFF, 0xFC, 0x1F, 0xFF, 0x80, 0x00, 0x7F, 0xFE, 0x03, 0xFF, 0xF8,
  0x00, 0x3F, 0xFF, 0x80, 0xFF, 0xFF, 0x80, 0x3F, 0xFF, 0xC0, 0x1F, 0xFF,
  0xFF, 0xFF, 0xFF, 0xF0, 0x03, 0xFF, 0xFF, 0xFF, 0xFF, 0xF8, 0x00, 0xFF,
  0xFF, 0xFF, 0xFF, 0xFE, 0x00, 0x1F, 0xFF, 0xFF, 0xFF, 0xFF, 0x00, 0x03,
  0xFF, 0xFF, 0xFF, 0xFF, 0x80, 0x00, 0x3F, 0xFF, 0xFF, 0xFF, 0xC0, 0x00,
  0x07, 0xFF, 0xFF, 0xFF, 0xC0, 0x00, 0x00, 0x7F, 0xFF, 0xFF, 0xE0, 0x00,
  0x00, 0x07, 0xFF, 0xFF, 0xC0, 0x00, 0x00, 0x00, 0x1F, 0xFF, 0x00, 0x00,
  0x00, 0xFF, 0xFF, 0xFF, 0xF0, 0x00, 0x00, 0x7F, 0xFF, 0xFF, 0xFF, 0xC0,
  0x00, 0x3F, 0xFF, 0xFF, 0xFF, 0xFC, 0x00, 0x1F, 0xFF, 0xFF, 0xFF, 0xFF,
  0x80, 0x0F, 0xFF, 0xFF, 0xFF, 0xFF, 0xF0, 0x07, 0xFF, 0xFF, 0xFF, 0xFF,
  0xFC, 0x03, 0xFF, 0xFF, 0xFF, 0xFF, 0xFF, 0x01, 0xFF, 0xFF, 0xFF, 0xFF,
  0xFF, 0xC0, 0xFF, 0xFF, 0xFF, 0xFF, 0xFF, 0xF0, 0x7F, 0xFF, 0xFF, 0xFF,
  0xFF, 0xFC, 0x3F, 0xFE, 0x00, 0x0F, 0xFF, 0xFE, 0x1F, 0xFF, 0x00, 0x00,
  0x7F, 0xFF, 0x8F, 0xFF, 0x80, 0x00, 0x1F, 0xFF, 0xC7, 0xFF, 0xC0, 0x00,
  0x07, 0xFF, 0xF3, 0xFF, 0xE0, 0x00, 0x01, 0xFF, 0xF9, 0xFF, 0xF0, 0x00,
  0x00, 0x7F, 0xFC, 0xFF, 0xF8, 0x00, 0x00, 0x3F, 0xFF, 0x7F, 0xFC, 0x00,
  0x00, 0x0F, 0xFF, 0xBF, 0xFE, 0x00, 0x00, 0x07, 0xFF, 0xDF, 0xFF, 0x00,
  0x00, 0x03, 0xFF, 0xEF, 0xFF, 0x80, 0x00, 0x01, 0xFF, 0xF7, 0xFF, 0xC0,
  0x00, 0x00, 0xFF, 0xFF, 0xFF, 0xE0, 0x00, 0x00, 0x3F, 0xFF, 0xFF, 0xF0,
  0x00, 0x00, 0x1F, 0xFF, 0xFF, 0xF8, 0x00, 0x00, 0x0F, 0xFF, 0xFF, 0xFC,
  0x00, 0x00, 0x07, 0xFF, 0xFF, 0xFE, 0x00, 0x00, 0x03, 0xFF, 0xFF, 0xFF,
  0x00, 0x00, 0x01, 0xFF, 0xFF, 0xFF, 0x80, 0x00, 0x00, 0xFF, 0xFF, 0xFF,
  0xC0, 0x00, 0x00, 0x7F, 0xFF, 0xFF, 0xE0, 0x00, 0x00, 0x3F, 0xFF, 0xFF,
  0xF0, 0x00, 0x00, 0x1F, 0xFF, 0xFF, 0xF8, 0x00, 0x00, 0x0F, 0xFF, 0xFF,
  0xFC, 0x00, 0x00, 0x07, 0xFF, 0xFF, 0xFE, 0x00, 0x00, 0x03, 0xFF, 0xFF,
  0xFF, 0x00, 0x00, 0x01, 0xFF, 0xFF, 0xFF, 0x80, 0x00, 0x00, 0xFF, 0xFF,
  0xFF, 0xC0, 0x00, 0x00, 0x7F, 0xFF, 0xFF, 0xE0, 0x00, 0x00, 0x3F, 0xFF,
  0xFF, 0xF0, 0x00, 0x00, 0x1F, 0xFF, 0xFF, 0xF8, 0x00, 0x00, 0x0F, 0xFF,
  0xFF, 0xFC, 0x00, 0x00, 0x07, 0xFF, 0xFF, 0xFE, 0x00, 0x00, 0x03, 0xFF,
  0xFF, 0xFF, 0x00, 0x00, 0x01, 0xFF, 0xFF, 0xFF, 0x80, 0x00, 0x00, 0xFF,
  0xFF, 0xFF, 0xC0, 0x00, 0x00, 0x7F, 0xFF, 0xFF, 0xE0, 0x00, 0x00, 0x3F,
  0xFF, 0xFF, 0xF0, 0x00, 0x00, 0x1F, 0xFF, 0xFF, 0xF8, 0x00, 0x00, 0x0F,
  0xFF, 0xFF, 0xFC, 0x00, 0x00, 0x07, 0xFF, 0xFF, 0xFE, 0x00, 0x00, 0x03,
  0xFF, 0xFF, 0xFF, 0x00, 0x00, 0x01, 0xFF, 0xFF, 0xFF, 0x80, 0x00, 0x00,
  0xFF, 0xFF, 0xFF, 0xC0, 0x00, 0x00, 0x7F, 0xFF, 0xFF, 0xE0, 0x00, 0x00,
  0x3F, 0xFF, 0xFF, 0xF0, 0x00, 0x00, 0x1F, 0xFF, 0xFF, 0xF8, 0x00, 0x00,
  0x0F, 0xFF, 0xFF, 0xFC, 0x00, 0x00, 0x07, 0xFF, 0xFF, 0xFE, 0x00, 0x00,
  0x03, 0xFF, 0xFF, 0xFF, 0x00, 0x00, 0x01, 0xFF, 0xFF, 0xFF, 0x80, 0x00,
  0x00, 0xFF, 0xFF, 0xFF, 0xC0, 0x00, 0x00, 0x7F, 0xFF, 0xFF, 0xE0, 0x00,
  0x00, 0x3F, 0xFF, 0xFF, 0xF0, 0x00, 0x00, 0x1F, 0xFF, 0xFF, 0xF8, 0x00,
  0x00, 0x0F, 0xFF, 0xFF, 0xFC, 0x00, 0x00, 0x07, 0xFF, 0xFF, 0xFE, 0x00,
  0x00, 0x03, 0xFF, 0xFF, 0xFF, 0x00, 0x00, 0x01, 0xFF, 0xFF, 0xFF, 0x80,
  0x00, 0x00, 0xFF, 0xFF, 0xFF, 0xC0, 0x00, 0x00, 0x7F, 0xFF, 0xFF, 0xE0,
  0x00, 0x00, 0x3F, 0xFF, 0xFF, 0xF0, 0x00, 0x00, 0x1F, 0xFF, 0xFF, 0xF8,
  0x00, 0x00, 0x0F, 0xFF, 0x7F, 0xFC, 0x00, 0x00, 0x0F, 0xFF, 0xBF, 0xFE,
  0x00, 0x00, 0x07, 0xFF, 0xDF, 0xFF, 0x00, 0x00, 0x03, 0xFF, 0xEF, 0xFF,
  0x80, 0x00, 0x01, 0xFF, 0xF7, 0xFF, 0xC0, 0x00, 0x00, 0xFF, 0xF3, 0xFF,
  0xE0, 0x00, 0x00, 0xFF, 0xF9, 0xFF, 0xF0, 0x00, 0x00, 0x7F, 0xFC, 0xFF,
  0xF8, 0x00, 0x00, 0x3F, 0xFC, 0x7F, 0xFC, 0x00, 0x00, 0x3F, 0xFE, 0x3F,
  0xFE, 0x00, 0x00, 0x3F, 0xFF, 0x1F, 0xFF, 0x00, 0x00, 0x3F, 0xFF, 0x0F,
  0xFF, 0x80, 0x00, 0x7F, 0xFF, 0x87, 0xFF, 0xC0, 0x01, 0xFF, 0xFF, 0x83,
  0xFF, 0xFF, 0xFF, 0xFF, 0xFF, 0x81, 0xFF, 0xFF, 0xFF, 0xFF, 0xFF, 0x80,
  0xFF, 0xFF, 0xFF, 0xFF, 0xFF, 0x80, 0x7F, 0xFF, 0xFF, 0xFF, 0xFF, 0x80,
  0x3F, 0xFF, 0xFF, 0xFF, 0xFF, 0x80, 0x1F, 0xFF, 0xFF, 0xFF, 0xFF, 0x80,
  0x0F, 0xFF, 0xFF, 0xFF, 0xFF, 0x00, 0x07, 0xFF, 0xFF, 0xFF, 0xFC, 0x00,
  0x03, 0xFF, 0xFF, 0xFF, 0xE0, 0x00, 0x00, 0xFF, 0xFF, 0xFF, 0xFF, 0xFF,
  0xFF, 0xFF, 0xFF, 0xFF, 0xFF, 0xFF, 0xFF, 0xFF, 0xFF, 0xFF, 0xFF, 0xFF,
  0xFF, 0xFF, 0xFF, 0xFF, 0xFF, 0xFF, 0xFF, 0xFF, 0xFF, 0xFF, 0xFF, 0xFF,
  0xFF, 0xFF, 0xFF, 0xFF, 0xFF, 0xFF, 0xFF, 0xFF, 0xFF, 0xFF, 0xFF, 0xFF,
  0xFF, 0xFF, 0xFF, 0xFF, 0xFF, 0xFF, 0xFE, 0x00, 0x00, 0x01, 0xFF, 0xF0,
  0x00, 0x00, 0x0F, 0xFF, 0x80, 0x00, 0x00, 0x7F, 0xFC, 0x00, 0x00, 0x03,
  0xFF, 0xE0, 0x00, 0x00, 0x1F, 0xFF, 0x00, 0x00, 0x00, 0xFF, 0xF8, 0x00,
  0x00, 0x07, 0xFF, 0xC0, 0x00, 0x00, 0x3F, 0xFE, 0x00, 0x00, 0x01, 0xFF,
  0xF0, 0x00, 0x00, 0x0F, 0xFF, 0x80, 0x00, 0x00, 0x7F, 0xFC, 0x00, 0x00,
  0x03, 0xFF, 0xE0, 0x00, 0x00, 0x1F, 0xFF, 0x00, 0x00, 0x00, 0xFF, 0xF8,
  0x00, 0x00, 0x07, 0xFF, 0xC0, 0x00, 0x00, 0x3F, 0xFE, 0x00, 0x00, 0x01,
  0xFF, 0xF0, 0x00, 0x00, 0x0F, 0xFF, 0x80, 0x00, 0x00, 0x7F, 0xFC, 0x00,
  0x00, 0x03, 0xFF, 0xE0, 0x00, 0x00, 0x1F, 0xFF, 0x00, 0x00, 0x00, 0xFF,
  0xF8, 0x00, 0x00, 0x07, 0xFF, 0xC0, 0x00, 0x00, 0x3F, 0xFE, 0x00, 0x00,
  0x01, 0xFF, 0xF0, 0x00, 0x00, 0x0F, 0xFF, 0x80, 0x00, 0x00, 0x7F, 0xFC,
  0x00, 0x00, 0x03, 0xFF, 0xE0, 0x00, 0x00, 0x1F, 0xFF, 0x00, 0x00, 0x00,
  0xFF, 0xF8, 0x00, 0x00, 0x07, 0xFF, 0xFF, 0xFF, 0xFC, 0x3F, 0xFF, 0xFF,
  0xFF, 0xE1, 0xFF, 0xFF, 0xFF, 0xFF, 0x0F, 0xFF, 0xFF, 0xFF, 0xF8, 0x7F,
  0xFF, 0xFF, 0xFF, 0xC3, 0xFF, 0xFF, 0xFF, 0xFE, 0x1F, 0xFF, 0xFF, 0xFF,
  0xF0, 0xFF, 0xFF, 0xFF, 0xFF, 0x87, 0xFF, 0xFF, 0xFF, 0xFC, 0x3F, 0xFE,
  0x00, 0x00, 0x01, 0xFF, 0xF0, 0x00, 0x00, 0x0F, 0xFF, 0x80, 0x00, 0x00,
  0x7F, 0xFC, 0x00, 0x00, 0x03, 0xFF, 0xE0, 0x00, 0x00, 0x1F, 0xFF, 0x00,
  0x00, 0x00, 0xFF, 0xF8, 0x00, 0x00, 0x07, 0xFF, 0xC0, 0x00, 0x00, 0x3F,
  0xFE, 0x00, 0x00, 0x01, 0xFF, 0xF0, 0x00, 0x00, 0x0F, 0xFF, 0x80, 0x00,
  0x00, 0x7F, 0xFC, 0x00, 0x00, 0x03, 0xFF, 0xE0, 0x00, 0x00, 0x1F, 0xFF,
  0x00, 0x00, 0x00, 0xFF, 0xF8, 0x00, 0x00, 0x07, 0xFF, 0xC0, 0x00, 0x00,
  0x3F, 0xFE, 0x00, 0x00, 0x01, 0xFF, 0xF0, 0x00, 0x00, 0x0F, 0xFF, 0x80,
  0x00, 0x00, 0x7F, 0xFC, 0x00, 0x00, 0x03, 0xFF, 0xE0, 0x00, 0x00, 0x1F,
  0xFF, 0x00, 0x00, 0x00, 0xFF, 0xF8, 0x00, 0x00, 0x07, 0xFF, 0xC0, 0x00,
  0x00, 0x3F, 0xFE, 0x00, 0x00, 0x01, 0xFF, 0xF0, 0x00, 0x00, 0x0F, 0xFF,
  0x80, 0x00, 0x00, 0x7F, 0xFC, 0x00, 0x00, 0x03, 0xFF, 0xE0, 0x00, 0x00,
  0x1F, 0xFF, 0x00, 0x00, 0x00, 0xFF, 0xF8, 0x00, 0x00, 0x07, 0xFF, 0xC0,
  0x00, 0x00, 0x3F, 0xFE, 0x00, 0x00, 0x01, 0xFF, 0xF0, 0x00, 0x00, 0x0F,
  0xFF, 0x80, 0x00, 0x00, 0x7F, 0xFC, 0x00, 0x00, 0x03, 0xFF, 0xFF, 0xFF,
  0xFF, 0xFF, 0xFF, 0xFF, 0xFF, 0xFF, 0xFF, 0xFF, 0xFF, 0xFF, 0xFF, 0xFF,
  0xFF, 0xFF, 0xFF, 0xFF, 0xFF, 0xFF, 0xFF, 0xFF, 0xFF, 0xFF, 0xFF, 0xFF,
  0xFF, 0xFF, 0xFF, 0xFF, 0xFF, 0xFF, 0xFF, 0xFF, 0xFF, 0xFF, 0xFF, 0xFF,
  0xFF, 0xFF, 0xE0, 0xFF, 0xFF, 0xFF, 0xFF, 0xFF, 0xFF, 0xFF, 0xFF, 0xFF,
  0xFF, 0xFF, 0xFF, 0xFF, 0xFF, 0xFF, 0xFF, 0xFF, 0xFF, 0xFF, 0xFF, 0xFF,
  0xFF, 0xFF, 0xFF, 0xFF, 0xFF, 0xFF, 0xFF, 0xFF, 0xFF, 0xFF, 0xFF, 0xFF,
  0xFF, 0xFF, 0xFF, 0xFF, 0xFF, 0xFF, 0xFF, 0xFF, 0xFF, 0xFF, 0xC0, 0x00,
  0x00, 0x3F, 0xFE, 0x00, 0x00, 0x01, 0xFF, 0xF0, 0x00, 0x00, 0x0F, 0xFF,
  0x80, 0x00, 0x00, 0x7F, 0xFC, 0x00, 0x00, 0x03, 0xFF, 0xE0, 0x00, 0x00,
  0x1F, 0xFF, 0x00, 0x00, 0x00, 0xFF, 0xF8, 0x00, 0x00, 0x07, 0xFF, 0xC0,
  0x00, 0x00, 0x3F, 0xFE, 0x00, 0x00, 0x01, 0xFF, 0xF0, 0x00, 0x00, 0x0F,
  0xFF, 0x80, 0x00, 0x00, 0x7F, 0xFC, 0x00, 0x00, 0x03, 0xFF, 0xE0, 0x00,
  0x00, 0x1F, 0xFF, 0x00, 0x00, 0x00, 0xFF, 0xF8, 0x00, 0x00, 0x07, 0xFF,
  0xC0, 0x00, 0x00, 0x3F, 0xFE, 0x00, 0x00, 0x01, 0xFF, 0xF0, 0x00, 0x00,
  0x0F, 0xFF, 0x80, 0x00, 0x00, 0x7F, 0xFC, 0x00, 0x00, 0x03, 0xFF, 0xE0,
  0x00, 0x00, 0x1F, 0xFF, 0x00, 0x00, 0x00, 0xFF, 0xF8, 0x00, 0x00, 0x07,
  0xFF, 0xC0, 0x00, 0x00, 0x3F, 0xFE, 0x00, 0x00, 0x01, 0xFF, 0xF0, 0x00,
  0x00, 0x0F, 0xFF, 0x80, 0x00, 0x00, 0x7F, 0xFC, 0x00, 0x00, 0x03, 0xFF,
  0xE0, 0x00, 0x00, 0x1F, 0xFF, 0x00, 0x00, 0x00, 0xFF, 0xF8, 0x00, 0x00,
  0x07, 0xFF, 0xFF, 0xFF, 0xF8, 0x3F, 0xFF, 0xFF, 0xFF, 0xC1, 0xFF, 0xFF,
  0xFF, 0xFE, 0x0F, 0xFF, 0xFF, 0xFF, 0xF0, 0x7F, 0xFF, 0xFF, 0xFF, 0x83,
  0xFF, 0xFF, 0xFF, 0xFC, 0x1F, 0xFF, 0xFF, 0xFF, 0xE0, 0xFF, 0xFF, 0xFF,
  0xFF, 0x07, 0xFF, 0xFF, 0xFF, 0xF8, 0x3F, 0xFE, 0x00, 0x00, 0x01, 0xFF,
  0xF0, 0x00, 0x00, 0x0F, 0xFF, 0x80, 0x00, 0x00, 0x7F, 0xFC, 0x00, 0x00,
  0x03, 0xFF, 0xE0, 0x00, 0x00, 0x1F, 0xFF, 0x00, 0x00, 0x00, 0xFF, 0xF8,
  0x00, 0x00, 0x07, 0xFF, 0xC0, 0x00, 0x00, 0x3F, 0xFE, 0x00, 0x00, 0x01,
  0xFF, 0xF0, 0x00, 0x00, 0x0F, 0xFF, 0x80, 0x00, 0x00, 0x7F, 0xFC, 0x00,
  0x00, 0x03, 0xFF, 0xE0, 0x00, 0x00, 0x1F, 0xFF, 0x00, 0x00, 0x00, 0xFF,
  0xF8, 0x00, 0x00, 0x07, 0xFF, 0xC0, 0x00, 0x00, 0x3F, 0xFE, 0x00, 0x00,
  0x01, 0xFF, 0xF0, 0x00, 0x00, 0x0F, 0xFF, 0x80, 0x00, 0x00, 0x7F, 0xFC,
  0x00, 0x00, 0x03, 0xFF, 0xE0, 0x00, 0x00, 0x1F, 0xFF, 0x00, 0x00, 0x00,
  0xFF, 0xF8, 0x00, 0x00, 0x07, 0xFF, 0xC0, 0x00, 0x00, 0x3F, 0xFE, 0x00,
  0x00, 0x01, 0xFF, 0xF0, 0x00, 0x00, 0x0F, 0xFF, 0x80, 0x00, 0x00, 0x7F,
  0xFC, 0x00, 0x00, 0x03, 0xFF, 0xE0, 0x00, 0x00, 0x1F, 0xFF, 0x00, 0x00,
  0x00, 0xFF, 0xF8, 0x00, 0x00, 0x07, 0xFF, 0xC0, 0x00, 0x00, 0x3F, 0xFE,
  0x00, 0x00, 0x01, 0xFF, 0xF0, 0x00, 0x00, 0x0F, 0xFF, 0x80, 0x00, 0x00,
  0x7F, 0xFC, 0x00, 0x00, 0x03, 0xFF, 0xE0, 0x00, 0x00, 0x1F, 0xFF, 0x00,
  0x00, 0x00, 0xFF, 0xF8, 0x00, 0x00, 0x07, 0xFF, 0xC0, 0x00, 0x00, 0x3F,
  0xFE, 0x00, 0x00, 0x01, 0xFF, 0xF0, 0x00, 0x00, 0x0F, 0xFF, 0x80, 0x00,
  0x00, 0x7F, 0xFC, 0x00, 0x00, 0x03, 0xFF, 0xE0, 0x00, 0x00, 0x00, 0x00,
  0x00, 0x1F, 0xFF, 0x80, 0x00, 0x00, 0x00, 0x3F, 0xFF, 0xFF, 0x00, 0x00,
  0x00, 0x3F, 0xFF, 0xFF, 0xFC, 0x00, 0x00, 0x0F, 0xFF, 0xFF, 0xFF, 0xC0,
  0x00, 0x07, 0xFF, 0xFF, 0xFF, 0xFE, 0x00, 0x01, 0xFF, 0xFF, 0xFF, 0xFF,
  0xE0, 0x00, 0x7F, 0xFF, 0xFF, 0xFF, 0xFE, 0x00, 0x1F, 0xFF, 0xFF, 0xFF,
  0xFF, 0xE0, 0x07, 0xFF, 0xFF, 0xFF, 0xFF, 0xFE, 0x00, 0xFF, 0xFF, 0xFF,
  0xFF, 0xFF, 0xC0, 0x3F, 0xFF, 0xE0, 0x0F, 0xFF, 0xFC, 0x07, 0xFF, 0xF0,
  0x00, 0x3F, 0xFF, 0x81, 0xFF, 0xF8, 0x00, 0x03, 0xFF, 0xF8, 0x3F, 0xFE,
  0x00, 0x00, 0x3F, 0xFF, 0x0F, 0xFF, 0xC0, 0x00, 0x03, 0xFF, 0xE1, 0xFF,
  0xF0, 0x00, 0x00, 0x7F, 0xFE, 0x3F, 0xFE, 0x00, 0x00, 0x07, 0xFF, 0xC7,
  0xFF, 0x80, 0x00, 0x00, 0xFF, 0xF9, 0xFF, 0xF0, 0x00, 0x00, 0x1F, 0xFF,
  0x3F, 0xFE, 0x00, 0x00, 0x03, 0xFF, 0xE7, 0xFF, 0xC0, 0x00, 0x00, 0x3F,
  0xFE, 0xFF, 0xF8, 0x00, 0x00, 0x07, 0xFF, 0xDF, 0xFE, 0x00, 0x00, 0x00,
  0xFF, 0xFF, 0xFF, 0xC0, 0x00, 0x00, 0x1F, 0xFF, 0xFF, 0xF8, 0x00, 0x00,
  0x03, 0xFF, 0xFF, 0xFF, 0x00, 0x00, 0x00, 0x7F, 0xFF, 0xFF, 0xE0, 0x00,
  0x00, 0x0F, 0xFF, 0xFF, 0xFC, 0x00, 0x00, 0x01, 0xFF, 0xFF, 0xFF, 0x80,
  0x00, 0x00, 0x3F, 0xFF, 0xFF, 0xF0, 0x00, 0x00, 0x07, 0xFF, 0xFF, 0xFE,
  0x00, 0x00, 0x00, 0xFF, 0xFF, 0xFF, 0xC0, 0x00, 0x00, 0x00, 0x00, 0xFF,
  0xF8, 0x00, 0x00, 0x00, 0x00, 0x1F, 0xFF, 0x00, 0x00, 0x00, 0x00, 0x03,
  0xFF, 0xE0, 0x00, 0x00, 0x00, 0x00, 0x7F, 0xFC, 0x00, 0x00, 0x00, 0x00,
  0x0F, 0xFF, 0x80, 0x00, 0x00, 0x00, 0x01, 0xFF, 0xF0, 0x00, 0x00, 0x00,
  0x00, 0x3F, 0xFE, 0x00, 0x00, 0x00, 0x00, 0x07, 0xFF, 0xC0, 0x00, 0x00,
  0x00, 0x00, 0xFF, 0xF8, 0x00, 0x00, 0x00, 0x00, 0x1F, 0xFF, 0x00, 0x00,
  0x00, 0x00, 0x03, 0xFF, 0xE0, 0x00, 0x00, 0x00, 0x00, 0x7F, 0xFC, 0x00,
  0x00, 0x00, 0x00, 0x0F, 0xFF, 0x80, 0x00, 0x00, 0x00, 0x01, 0xFF, 0xF0,
  0x00, 0x00, 0x00, 0x00, 0x3F, 0xFE, 0x00, 0x00, 0x00, 0x00, 0x07, 0xFF,
  0xC0, 0x00, 0x00, 0x00, 0x00, 0xFF, 0xF8, 0x00, 0x00, 0x00, 0x00, 0x1F,
  0xFF, 0x00, 0x03, 0xFF, 0xFF, 0xFF, 0xFF, 0xE0, 0x00, 0x7F, 0xFF, 0xFF,
  0xFF, 0xFC, 0x00, 0x0F, 0xFF, 0xFF, 0xFF, 0xFF, 0x80, 0x01, 0xFF, 0xFF,
  0xFF, 0xFF, 0xF0, 0x00, 0x3F, 0xFF, 0xFF, 0xFF, 0xFE, 0x00, 0x07, 0xFF,
  0xFF, 0xFF, 0xFF, 0xC0, 0x00, 0xFF, 0xFF, 0xFF, 0xFF, 0xF8, 0x00, 0x1F,
  0xFF, 0xFF, 0xFF, 0xFF, 0x00, 0x03, 0xFF, 0xFF, 0xFF, 0xFF, 0xE0, 0x00,
  0x00, 0x07, 0xFF, 0xFF, 0xFC, 0x00, 0x00, 0x00, 0xFF, 0xFF, 0xFF, 0x80,
  0x00, 0x00, 0x1F, 0xFF, 0xFF, 0xF0, 0x00, 0x00, 0x03, 0xFF, 0xFF, 0xFE,
  0x00, 0x00, 0x00, 0x7F, 0xFF, 0xFF, 0xC0, 0x00, 0x00, 0x0F, 0xFF, 0xFF,
  0xF8, 0x00, 0x00, 0x01, 0xFF, 0xFF, 0xFF, 0x00, 0x00, 0x00, 0x3F, 0xFF,
  0xFF, 0xE0, 0x00, 0x00, 0x07, 0xFF, 0xFF, 0xFC, 0x00, 0x00, 0x00, 0xFF,
  0xFF, 0xFF, 0x80, 0x00, 0x00, 0x1F, 0xFF, 0xFF, 0xF0, 0x00, 0x00, 0x03,
  0xFF, 0xFF, 0xFE, 0x00, 0x00, 0x00, 0x7F, 0xFF, 0xFF, 0xC0, 0x00, 0x00,
  0x0F, 0xFF, 0xFF, 0xF8, 0x00, 0x00, 0x01, 0xFF, 0xFF, 0xFF, 0x00, 0x00,
  0x00, 0x7F, 0xFD, 0xFF, 0xE0, 0x00, 0x00, 0x0F, 0xFF, 0xBF, 0xFE, 0x00,
  0x00, 0x01, 0xFF, 0xF7, 0xFF, 0xC0, 0x00, 0x00, 0x3F, 0xFE, 0xFF, 0xF8,
  0x00, 0x00, 0x07, 0xFF, 0xDF, 0xFF, 0x00, 0x00, 0x00, 0xFF, 0xF9, 0xFF,
  0xE0, 0x00, 0x00, 0x3F, 0xFF, 0x3F, 0xFE, 0x00, 0x00, 0x07, 0xFF, 0xE7,
  0xFF, 0xC0, 0x00, 0x01, 0xFF, 0xFC, 0x7F, 0xFC, 0x00, 0x00, 0x3F, 0xFF,
  0x8F, 0xFF, 0xC0, 0x00, 0x0F, 0xFF, 0xF1, 0xFF, 0xFC, 0x00, 0x03, 0xFF,
  0xFE, 0x1F, 0xFF, 0xC0, 0x00, 0xFF, 0x7F, 0xC3, 0xFF, 0xFF, 0x00, 0xFF,
  0xEF, 0xF8, 0x3F, 0xFF, 0xFF, 0xFF, 0xFD, 0xFF, 0x03, 0xFF, 0xFF, 0xFF,
  0xFF, 0x3F, 0xE0, 0x7F, 0xFF, 0xFF, 0xFF, 0xC7, 0xFC, 0x07, 0xFF, 0xFF,
  0xFF, 0xF8, 0xFF, 0x80, 0x7F, 0xFF, 0xFF, 0xFE, 0x1F, 0xF0, 0x07, 0xFF,
  0xFF, 0xFF, 0x83, 0xFE, 0x00, 0x3F, 0xFF, 0xFF, 0xE0, 0x3F, 0xC0, 0x03,
  0xFF, 0xFF, 0xF8, 0x07, 0xF8, 0x00, 0x0F, 0xFF, 0xFC, 0x00, 0xFF, 0x00,
  0x00, 0x3F, 0xFC, 0x00, 0x00, 0x00, 0xFF, 0xF8, 0x00, 0x00, 0x03, 0xFF,
  0xFF, 0xFF, 0x00, 0x00, 0x00, 0x7F, 0xFF, 0xFF, 0xE0, 0x00, 0x00, 0x0F,
  0xFF, 0xFF, 0xFC, 0x00, 0x00, 0x01, 0xFF, 0xFF, 0xFF, 0x80, 0x00, 0x00,
  0x3F, 0xFF, 0xFF, 0xF0, 0x00, 0x00, 0x07, 0xFF, 0xFF, 0xFE, 0x00, 0x00,
  0x00, 0xFF, 0xFF, 0xFF, 0xC0, 0x00, 0x00, 0x1F, 0xFF, 0xFF, 0xF8, 0x00,
  0x00, 0x03, 0xFF, 0xFF, 0xFF, 0x00, 0x00, 0x00, 0x7F, 0xFF, 0xFF, 0xE0,
  0x00, 0x00, 0x0F, 0xFF, 0xFF, 0xFC, 0x00, 0x00, 0x01, 0xFF, 0xFF, 0xFF,
  0x80, 0x00, 0x00, 0x3F, 0xFF, 0xFF, 0xF0, 0x00, 0x00, 0x07, 0xFF, 0xFF,
  0xFE, 0x00, 0x00, 0x00, 0xFF, 0xFF, 0xFF, 0xC0, 0x00, 0x00, 0x1F, 0xFF,
  0xFF, 0xF8, 0x00, 0x00, 0x03, 0xFF, 0xFF, 0xFF, 0x00, 0x00, 0x00, 0x7F,
  0xFF, 0xFF, 0xE0, 0x00, 0x00, 0x0F, 0xFF, 0xFF, 0xFC, 0x00, 0x00, 0x01,
  0xFF, 0xFF, 0xFF, 0x80, 0x00, 0x00, 0x3F, 0xFF, 0xFF, 0xF0, 0x00, 0x00,
  0x07, 0xFF, 0xFF, 0xFE, 0x00, 0x00, 0x00, 0xFF, 0xFF, 0xFF, 0xC0, 0x00,
  0x00, 0x1F, 0xFF, 0xFF, 0xF8, 0x00, 0x00, 0x03, 0xFF, 0xFF, 0xFF, 0x00,
  0x00, 0x00, 0x7F, 0xFF, 0xFF, 0xE0, 0x00, 0x00, 0x0F, 0xFF, 0xFF, 0xFC,
  0x00, 0x00, 0x01, 0xFF, 0xFF, 0xFF, 0x80, 0x00, 0x00, 0x3F, 0xFF, 0xFF,
  0xF0, 0x00, 0x00, 0x07, 0xFF, 0xFF, 0xFE, 0x00, 0x00, 0x00, 0xFF, 0xFF,
  0xFF, 0xC0, 0x00, 0x00, 0x1F, 0xFF, 0xFF, 0xF8, 0x00, 0x00, 0x03, 0xFF,
  0xFF, 0xFF, 0x00, 0x00, 0x00, 0x7F, 0xFF, 0xFF, 0xE0, 0x00, 0x00, 0x0F,
  0xFF, 0xFF, 0xFC, 0x00, 0x00, 0x01, 0xFF, 0xFF, 0xFF, 0x80, 0x00, 0x00,
  0x3F, 0xFF, 0xFF, 0xF0, 0x00, 0x00, 0x07, 0xFF, 0xFF, 0xFE, 0x00, 0x00,
  0x00, 0xFF, 0xFF, 0xFF, 0xC0, 0x00, 0x00, 0x1F, 0xFF, 0xFF, 0xF8, 0x00,
  0x00, 0x03, 0xFF, 0xFF, 0xFF, 0xFF, 0xFF, 0xFF, 0xFF, 0xFF, 0xFF, 0xFF,
  0xFF, 0xFF, 0xFF, 0xFF, 0xFF, 0xFF, 0xFF, 0xFF, 0xFF, 0xFF, 0xFF, 0xFF,
  0xFF, 0xFF, 0xFF, 0xFF, 0xFF, 0xFF, 0xFF, 0xFF, 0xFF, 0xFF, 0xFF, 0xFF,
  0xFF, 0xFF, 0xFF, 0xFF, 0xFF, 0xFF, 0xFF, 0xFF, 0xFF, 0xFF, 0xFF, 0xFF,
  0xFF, 0xFF, 0xFF, 0xFF, 0xFF, 0xFF, 0xFF, 0xFF, 0xFF, 0xFF, 0xFF, 0xFF,
  0xFF, 0xFF, 0xE0, 0x00, 0x00, 0x0F, 0xFF, 0xFF, 0xFC, 0x00, 0x00, 0x01,
  0xFF, 0xFF, 0xFF, 0x80, 0x00, 0x00, 0x3F, 0xFF, 0xFF, 0xF0, 0x00, 0x00,
  0x07, 0xFF, 0xFF, 0xFE, 0x00, 0x00, 0x00, 0xFF, 0xFF, 0xFF, 0xC0, 0x00,
  0x00, 0x1F, 0xFF, 0xFF, 0xF8, 0x00, 0x00, 0x03, 0xFF, 0xFF, 0xFF, 0x00,
  0x00, 0x00, 0x7F, 0xFF, 0xFF, 0xE0, 0x00, 0x00, 0x0F, 0xFF, 0xFF, 0xFC,
  0x00, 0x00, 0x01, 0xFF, 0xFF, 0xFF, 0x80, 0x00, 0x00, 0x3F, 0xFF, 0xFF,
  0xF0, 0x00, 0x00, 0x07, 0xFF, 0xFF, 0xFE, 0x00, 0x00, 0x00, 0xFF, 0xFF,
  0xFF, 0xC0, 0x00, 0x00, 0x1F, 0xFF, 0xFF, 0xF8, 0x00, 0x00, 0x03, 0xFF,
  0xFF, 0xFF, 0x00, 0x00, 0x00, 0x7F, 0xFF, 0xFF, 0xE0, 0x00, 0x00, 0x0F,
  0xFF, 0xFF, 0xFC, 0x00, 0x00, 0x01, 0xFF, 0xFF, 0xFF, 0x80, 0x00, 0x00,
  0x3F, 0xFF, 0xFF, 0xF0, 0x00, 0x00, 0x07, 0xFF, 0xFF, 0xFE, 0x00, 0x00,
  0x00, 0xFF, 0xFF, 0xFF, 0xC0, 0x00, 0x00, 0x1F, 0xFF, 0xFF, 0xF8, 0x00,
  0x00, 0x03, 0xFF, 0xFF, 0xFF, 0x00, 0x00, 0x00, 0x7F, 0xFF, 0xFF, 0xE0,
  0x00, 0x00, 0x0F, 0xFF, 0xFF, 0xFC, 0x00, 0x00, 0x01, 0xFF, 0xFF, 0xFF,
  0x80, 0x00, 0x00, 0x3F, 0xFF, 0xFF, 0xF0, 0x00, 0x00, 0x07, 0xFF, 0xFF,
  0xFE, 0x00, 0x00, 0x00, 0xFF, 0xFF, 0xFF, 0xC0, 0x00, 0x00, 0x1F, 0xFF,
  0xFF, 0xF8, 0x00, 0x00, 0x03, 0xFF, 0xFF, 0xFF, 0x00, 0x00, 0x00, 0x7F,
  0xFF, 0xFF, 0xE0, 0x00, 0x00, 0x0F, 0xFF, 0xFF, 0xFC, 0x00, 0x00, 0x01,
  0xFF, 0xFF, 0xFF, 0x80, 0x00, 0x00, 0x3F, 0xFF, 0xFF, 0xF0, 0x00, 0x00,
  0x07, 0xFF, 0xFF, 0xFE, 0x00, 0x00, 0x00, 0xFF, 0xFF, 0xFF, 0xC0, 0x00,
  0x00, 0x1F, 0xFF, 0xFF, 0xF8, 0x00, 0x00, 0x03, 0xFF, 0xFF, 0xFF, 0x00,
  0x00, 0x00, 0x7F, 0xFF, 0xFF, 0xE0, 0x00, 0x00, 0x0F, 0xFF, 0xFF, 0xFC,
  0x00, 0x00, 0x01, 0xFF, 0xFF, 0xFF, 0x80, 0x00, 0x00, 0x3F, 0xFF, 0xFF,
  0xF0, 0x00, 0x00, 0x07, 0xFF, 0xFF, 0xFE, 0x00, 0x00, 0x00, 0xFF, 0xF8,
  0xFF, 0xFF, 0xFF, 0xFF, 0xFF, 0xFF, 0xFF, 0xFF, 0xFF, 0xFF, 0xFF, 0xFF,
  0xFF, 0xFF, 0xFF, 0xFF, 0xFF, 0xFF, 0xFF, 0xFF, 0xFF, 0xFF, 0xFF, 0xFF,
  0xFF, 0xFF, 0xFF, 0xFF, 0xFF, 0xFF, 0xFF, 0xFF, 0xFF, 0xFF, 0xFF, 0xFF,
  0xFF, 0xFF, 0xFF, 0xFF, 0xFF, 0xFF, 0xFF, 0xFF, 0xFF, 0xFF, 0xFF, 0xFF,
  0xFF, 0xFF, 0xFF, 0xFF, 0xFF, 0xFF, 0xFF, 0xFF, 0xFF, 0xFF, 0xFF, 0xFF,
  0xFF, 0xFF, 0xFF, 0xFF, 0xFF, 0xFF, 0xFF, 0xFF, 0xFF, 0xFF, 0xFF, 0xFF,
  0xFF, 0xFF, 0xFF, 0xFF, 0xFF, 0xFF, 0xFF, 0xFF, 0xFF, 0xFF, 0xFF, 0xFF,
  0xFF, 0xFF, 0xFF, 0xFF, 0xFF, 0xFF, 0xFF, 0xFF, 0xFF, 0xFF, 0xFF, 0xFF,
  0xFF, 0xFF, 0xFF, 0xFF, 0xFF, 0xFF, 0xFF, 0xFF, 0xFF, 0xFF, 0xFF, 0xFF,
  0xFF, 0xFF, 0xFF, 0xFF, 0xFF, 0xFF, 0xFF, 0xFF, 0xFF, 0xFF, 0xFF, 0xFF,
  0xFF, 0xFF, 0xFF, 0xFF, 0xFF, 0xFF, 0xFF, 0xFF, 0xFF, 0xFF, 0xFF, 0xFF,
  0xFF, 0xFF, 0xFF, 0xFF, 0xFF, 0xFF, 0xFF, 0xFF, 0xFF, 0xFF, 0xFF, 0xFF,
  0xFF, 0xFF, 0xFF, 0xFF, 0xFF, 0xFF, 0xFF, 0xFF, 0xFF, 0xFF, 0xE0, 0x00,
  0x03, 0xFF, 0xE0, 0x00, 0x7F, 0xFC, 0x00, 0x0F, 0xFF, 0x80, 0x01, 0xFF,
  0xF0, 0x00, 0x3F, 0xFE, 0x00, 0x07, 0xFF, 0xC0, 0x00, 0xFF, 0xF8, 0x00,
  0x1F, 0xFF, 0x00, 0x03, 0xFF, 0xE0, 0x00, 0x7F, 0xFC, 0x00, 0x0F, 0xFF,
  0x80, 0x01, 0xFF, 0xF0, 0x00, 0x3F, 0xFE, 0x00, 0x07, 0xFF, 0xC0, 0x00,
  0xFF, 0xF8, 0x00, 0x1F, 0xFF, 0x00, 0x03, 0xFF, 0xE0, 0x00, 0x7F, 0xFC,
  0x00, 0x0F, 0xFF, 0x80, 0x01, 0xFF, 0xF0, 0x00, 0x3F, 0xFE, 0x00, 0x07,
  0xFF, 0xC0, 0x00, 0xFF, 0xF8, 0x00, 0x1F, 0xFF, 0x00, 0x03, 0xFF, 0xE0,
  0x00, 0x7F, 0xFC, 0x00, 0x0F, 0xFF, 0x80, 0x01, 0xFF, 0xF0, 0x00, 0x3F,
  0xFE, 0x00, 0x07, 0xFF, 0xC0, 0x00, 0xFF, 0xF8, 0x00, 0x1F, 0xFF, 0x00,
  0x03, 0xFF, 0xE0, 0x00, 0x7F, 0xFC, 0x00, 0x0F, 0xFF, 0x80, 0x01, 0xFF,
  0xF0, 0x00, 0x3F, 0xFE, 0x00, 0x07, 0xFF, 0xC0, 0x00, 0xFF, 0xF8, 0x00,
  0x1F, 0xFF, 0x00, 0x03, 0xFF, 0xE0, 0x00, 0x7F, 0xFC, 0x00, 0x0F, 0xFF,
  0x80, 0x01, 0xFF, 0xF0, 0x00, 0x3F, 0xFE, 0x00, 0x07, 0xFF, 0xC0, 0x00,
  0xFF, 0xF8, 0x00, 0x1F, 0xFF, 0x00, 0x03, 0xFF, 0xE0, 0x00, 0x7F, 0xFC,
  0x00, 0x0F, 0xFF, 0x80, 0x01, 0xFF, 0xF0, 0x00, 0x3F, 0xFE, 0x00, 0x07,
  0xFF, 0xC0, 0x00, 0xFF, 0xF8, 0x00, 0x1F, 0xFF, 0x00, 0x03, 0xFF, 0xE0,
  0x00, 0x7F, 0xFC, 0x00, 0x0F, 0xFF, 0x80, 0x01, 0xFF, 0xF0, 0x00, 0x3F,
  0xFE, 0x00, 0x07, 0xFF, 0xC0, 0x00, 0xFF, 0xF8, 0x00, 0x1F, 0xFF, 0x00,
  0x03, 0xFF, 0xE0, 0x00, 0x7F, 0xFC, 0x00, 0x0F, 0xFF, 0x80, 0x01, 0xFF,
  0xF0, 0x00, 0x3F, 0xFE, 0x00, 0x07, 0xFF, 0xC0, 0x00, 0xFF, 0xF8, 0x00,
  0x1F, 0xFF, 0x00, 0x03, 0xFF, 0xE0, 0x00, 0x7F, 0xFC, 0x00, 0x0F, 0xFF,
  0x80, 0x01, 0xFF, 0xF0, 0x00, 0x3F, 0xFE, 0x00, 0x07, 0xFF, 0xC0, 0x00,
  0xFF, 0xF8, 0x00, 0x1F, 0xFF, 0x00, 0x03, 0xFF, 0xE0, 0x00, 0xFF, 0xFC,
  0x00, 0x1F, 0xFF, 0x00, 0x03, 0xFF, 0xE0, 0x00, 0x7F, 0xFC, 0x00, 0x1F,
  0xFF, 0x80, 0x07, 0xFF, 0xF0, 0x01, 0xFF, 0xFC, 0x01, 0xFF, 0xFF, 0x9F,
  0xFF, 0xFF, 0xE3, 0xFF, 0xFF, 0xFC, 0x7F, 0xFF, 0xFF, 0x0F, 0xFF, 0xFF,
  0xE1, 0xFF, 0xFF, 0xF8, 0x3F, 0xFF, 0xFC, 0x07, 0xFF, 0xFF, 0x00, 0xFF,
  0xFF, 0x80, 0x1F, 0xFF, 0x00, 0x00, 0xFF, 0xF8, 0x00, 0x00, 0x1F, 0xFE,
  0x3F, 0xFE, 0x00, 0x00, 0x0F, 0xFF, 0x8F, 0xFF, 0x80, 0x00, 0x03, 0xFF,
  0xC3, 0xFF, 0xE0, 0x00, 0x01, 0xFF, 0xF0, 0xFF, 0xF8, 0x00, 0x00, 0x7F,
  0xF8, 0x3F, 0xFE, 0x00, 0x00, 0x3F, 0xFE, 0x0F, 0xFF, 0x80, 0x00, 0x0F,
  0xFF, 0x03, 0xFF, 0xE0, 0x00, 0x07, 0xFF, 0xC0, 0xFF, 0xF8, 0x00, 0x01,
  0xFF, 0xE0, 0x3F, 0xFE, 0x00, 0x00, 0xFF, 0xF8, 0x0F, 0xFF, 0x80, 0x00,
  0x3F, 0xFC, 0x03, 0xFF, 0xE0, 0x00, 0x1F, 0xFF, 0x00, 0xFF, 0xF8, 0x00,
  0x07, 0xFF, 0xC0, 0x3F, 0xFE, 0x00, 0x03, 0xFF, 0xE0, 0x0F, 0xFF, 0x80,
  0x00, 0xFF, 0xF8, 0x03, 0xFF, 0xE0, 0x00, 0x7F, 0xFC, 0x00, 0xFF, 0xF8,
  0x00, 0x1F, 0xFF, 0x00, 0x3F, 0xFE, 0x00, 0x0F, 0xFF, 0x80, 0x0F, 0xFF,
  0x80, 0x03, 0xFF, 0xE0, 0x03, 0xFF, 0xE0, 0x01, 0xFF, 0xF0, 0x00, 0xFF,
  0xF8, 0x00, 0x7F, 0xFC, 0x00, 0x3F, 0xFE, 0x00, 0x3F, 0xFF, 0x00, 0x0F,
  0xFF, 0x80, 0x0F, 0xFF, 0x80, 0x03, 0xFF, 0xE0, 0x07, 0xFF, 0xE0, 0x00,
  0xFF, 0xF8, 0x01, 0xFF, 0xF0, 0x00, 0x3F, 0xFE, 0x00, 0xFF, 0xFC, 0x00,
  0x0F, 0xFF, 0x80, 0x3F, 0xFE, 0x00, 0x03, 0xFF, 0xE0, 0x1F, 0xFF, 0x80,
  0x00, 0xFF, 0xF8, 0x07, 0xFF, 0xC0, 0x00, 0x3F, 0xFE, 0x03, 0xFF, 0xF0,
  0x00, 0x0F, 0xFF, 0x80, 0xFF, 0xFC, 0x00, 0x03, 0xFF, 0xE0, 0x7F, 0xFE,
  0x00, 0x00, 0xFF, 0xF8, 0x1F, 0xFF, 0x80, 0x00, 0x3F, 0xFE, 0x0F, 0xFF,
  0xC0, 0x00, 0x0F, 0xFF, 0x83, 0xFF, 0xF0, 0x00, 0x03, 0xFF, 0xE0, 0xFF,
  0xF8, 0x00, 0x00, 0xFF, 0xF8, 0x7F, 0xFE, 0x00, 0x00, 0x3F, 0xFE, 0x1F,
  0xFF, 0x00, 0x00, 0x0F, 0xFF, 0x8F, 0xFF, 0xC0, 0x00, 0x03, 0xFF, 0xE3,
  0xFF, 0xE0, 0x00, 0x00, 0xFF, 0xF9, 0xFF, 0xF8, 0x00, 0x00, 0x3F, 0xFE,
  0x7F, 0xFE, 0x00, 0x00, 0x0F, 0xFF, 0xBF, 0xFF, 0x80, 0x00, 0x03, 0xFF,
  0xEF, 0xFF, 0xE0, 0x00, 0x00, 0xFF, 0xFF, 0xFF, 0xF8, 0x00, 0x00, 0x3F,
  0xFF, 0xFF, 0xFF, 0x00, 0x00, 0x0F, 0xFF, 0xFF, 0xFF, 0xC0, 0x00, 0x03,
  0xFF, 0xFF, 0xFF, 0xF8, 0x00, 0x00, 0xFF, 0xFF, 0xFF, 0xFE, 0x00, 0x00,
  0x3F, 0xFF, 0xFF, 0xFF, 0xC0, 0x00, 0x0F, 0xFF, 0xFF, 0xFF, 0xF0, 0x00,
  0x03, 0xFF, 0xFF, 0xBF, 0xFC, 0x00, 0x00, 0xFF, 0xFF, 0xCF, 0xFF, 0x80,
  0x00, 0x3F, 0xFF, 0xE3, 0xFF, 0xE0, 0x00, 0x0F, 0xFF, 0xF8, 0x7F, 0xFC,
  0x00, 0x03, 0xFF, 0xFC, 0x1F, 0xFF, 0x00, 0x00, 0xFF, 0xFF, 0x03, 0xFF,
  0xC0, 0x00, 0x3F, 0xFF, 0x80, 0xFF, 0xF8, 0x00, 0x0F, 0xFF, 0xE0, 0x3F,
  0xFE, 0x00, 0x03, 0xFF, 0xF0, 0x07, 0xFF, 0xC0, 0x00, 0xFF, 0xFC, 0x01,
  0xFF, 0xF0, 0x00, 0x3F, 0xFE, 0x00, 0x3F, 0xFC, 0x00, 0x0F, 0xFF, 0x80,
  0x0F, 0xFF, 0x80, 0x03, 0xFF, 0xE0, 0x03, 0xFF, 0xE0, 0x00, 0xFF, 0xF8,
  0x00, 0x7F, 0xFC, 0x00, 0x3F, 0xFE, 0x00, 0x1F, 0xFF, 0x00, 0x0F, 0xFF,
  0x80, 0x03, 0xFF, 0xE0, 0x03, 0xFF, 0xE0, 0x00, 0xFF, 0xF8, 0x00, 0xFF,
  0xF8, 0x00, 0x3F, 0xFE, 0x00, 0x3F, 0xFE, 0x00, 0x07, 0xFF, 0xC0, 0x0F,
  0xFF, 0x80, 0x01, 0xFF, 0xF0, 0x03, 0xFF, 0xE0, 0x00, 0x3F, 0xFE, 0x00,
  0xFF, 0xF8, 0x00, 0x0F, 0xFF, 0x80, 0x3F, 0xFE, 0x00, 0x01, 0xFF, 0xE0,
  0x0F, 0xFF, 0x80, 0x00, 0x7F, 0xFC, 0x03, 0xFF, 0xE0, 0x00, 0x1F, 0xFF,
  0x00, 0xFF, 0xF8, 0x00, 0x03, 0xFF, 0xE0, 0x3F, 0xFE, 0x00, 0x00, 0xFF,
  0xF8, 0x0F, 0xFF, 0x80, 0x00, 0x1F, 0xFE, 0x03, 0xFF, 0xE0, 0x00, 0x07,
  0xFF, 0xC0, 0xFF, 0xF8, 0x00, 0x01, 0xFF, 0xF0, 0x3F, 0xFE, 0x00, 0x00,
  0x3F, 0xFE, 0x0F, 0xFF, 0x80, 0x00, 0x0F, 0xFF, 0x83, 0xFF, 0xE0, 0x00,
  0x01, 0xFF, 0xF0, 0xFF, 0xF8, 0x00, 0x00, 0x7F, 0xFC, 0x3F, 0xFE, 0x00,
  0x00, 0x1F, 0xFF, 0x0F, 0xFF, 0x80, 0x00, 0x03, 0xFF, 0xE3, 0xFF, 0xE0,
  0x00, 0x00, 0xFF, 0xF8, 0xFF, 0xF8, 0x00, 0x00, 0x1F, 0xFF, 0x3F, 0xFE,
  0x00, 0x00, 0x07, 0xFF, 0xCF, 0xFF, 0x80, 0x00, 0x01, 0xFF, 0xF3, 0xFF,
  0xE0, 0x00, 0x00, 0x3F, 0xFE, 0xFF, 0xF8, 0x00, 0x00, 0x0F, 0xFF, 0xBF,
  0xFE, 0x00, 0x00, 0x01, 0xFF, 0xFF, 0xFF, 0x80, 0x00, 0x00, 0x7F, 0xFC,
  0xFF, 0xF8, 0x00, 0x00, 0x03, 0xFF, 0xE0, 0x00, 0x00, 0x0F, 0xFF, 0x80,
  0x00, 0x00, 0x3F, 0xFE, 0x00, 0x00, 0x00, 0xFF, 0xF8, 0x00, 0x00, 0x03,
  0xFF, 0xE0, 0x00, 0x00, 0x0F, 0xFF, 0x80, 0x00, 0x00, 0x3F, 0xFE, 0x00,
  0x00, 0x00, 0xFF, 0xF8, 0x00, 0x00, 0x03, 0xFF, 0xE0, 0x00, 0x00, 0x0F,
  0xFF, 0x80, 0x00, 0x00, 0x3F, 0xFE, 0x00, 0x00, 0x00, 0xFF, 0xF8, 0x00,
  0x00, 0x03, 0xFF, 0xE0, 0x00, 0x00, 0x0F, 0xFF, 0x80, 0x00, 0x00, 0x3F,
  0xFE, 0x00, 0x00, 0x00, 0xFF, 0xF8, 0x00, 0x00, 0x03, 0xFF, 0xE0, 0x00,
  0x00, 0x0F, 0xFF, 0x80, 0x00, 0x00, 0x3F, 0xFE, 0x00, 0x00, 0x00, 0xFF,
  0xF8, 0x00, 0x00, 0x03, 0xFF, 0xE0, 0x00, 0x00, 0x0F, 0xFF, 0x80, 0x00,
  0x00, 0x3F, 0xFE, 0x00, 0x00, 0x00, 0xFF, 0xF8, 0x00, 0x00, 0x03, 0xFF,
  0xE0, 0x00, 0x00, 0x0F, 0xFF, 0x80, 0x00, 0x00, 0x3F, 0xFE, 0x00, 0x00,
  0x00, 0xFF, 0xF8, 0x00, 0x00, 0x03, 0xFF, 0xE0, 0x00, 0x00, 0x0F, 0xFF,
  0x80, 0x00, 0x00, 0x3F, 0xFE, 0x00, 0x00, 0x00, 0xFF, 0xF8, 0x00, 0x00,
  0x03, 0xFF, 0xE0, 0x00, 0x00, 0x0F, 0xFF, 0x80, 0x00, 0x00, 0x3F, 0xFE,
  0x00, 0x00, 0x00, 0xFF, 0xF8, 0x00, 0x00, 0x03, 0xFF, 0xE0, 0x00, 0x00,
  0x0F, 0xFF, 0x80, 0x00, 0x00, 0x3F, 0xFE, 0x00, 0x00, 0x00, 0xFF, 0xF8,
  0x00, 0x00, 0x03, 0xFF, 0xE0, 0x00, 0x00, 0x0F, 0xFF, 0x80, 0x00, 0x00,
  0x3F, 0xFE, 0x00, 0x00, 0x00, 0xFF, 0xF8, 0x00, 0x00, 0x03, 0xFF, 0xE0,
  0x00, 0x00, 0x0F, 0xFF, 0x80, 0x00, 0x00, 0x3F, 0xFE, 0x00, 0x00, 0x00,
  0xFF, 0xF8, 0x00, 0x00, 0x03, 0xFF, 0xE0, 0x00, 0x00, 0x0F, 0xFF, 0x80,
  0x00, 0x00, 0x3F, 0xFE, 0x00, 0x00, 0x00, 0xFF, 0xF8, 0x00, 0x00, 0x03,
  0xFF, 0xE0, 0x00, 0x00, 0x0F, 0xFF, 0x80, 0x00, 0x00, 0x3F, 0xFE, 0x00,
  0x00, 0x00, 0xFF, 0xF8, 0x00, 0x00, 0x03, 0xFF, 0xE0, 0x00, 0x00, 0x0F,
  0xFF, 0x80, 0x00, 0x00, 0x3F, 0xFE, 0x00, 0x00, 0x00, 0xFF, 0xF8, 0x00,
  0x00, 0x03, 0xFF, 0xE0, 0x00, 0x00, 0x0F, 0xFF, 0x80, 0x00, 0x00, 0x3F,
  0xFE, 0x00, 0x00, 0x00, 0xFF, 0xF8, 0x00, 0x00, 0x03, 0xFF, 0xE0, 0x00,
  0x00, 0x0F, 0xFF, 0x80, 0x00, 0x00, 0x3F, 0xFE, 0x00, 0x00, 0x00, 0xFF,
  0xF8, 0x00, 0x00, 0x03, 0xFF, 0xE0, 0x00, 0x00, 0x0F, 0xFF, 0x80, 0x00,
  0x00, 0x3F, 0xFE, 0x00, 0x00, 0x00, 0xFF, 0xF8, 0x00, 0x00, 0x03, 0xFF,
  0xE0, 0x00, 0x00, 0x0F, 0xFF, 0x80, 0x00, 0x00, 0x3F, 0xFE, 0x00, 0x00,
  0x00, 0xFF, 0xF8, 0x00, 0x00, 0x03, 0xFF, 0xE0, 0x00, 0x00, 0x0F, 0xFF,
  0x80, 0x00, 0x00, 0x3F, 0xFE, 0x00, 0x00, 0x00, 0xFF, 0xF8, 0x00, 0x00,
  0x03, 0xFF, 0xE0, 0x00, 0x00, 0x0F, 0xFF, 0x80, 0x00, 0x00, 0x3F, 0xFE,
  0x00, 0x00, 0x00, 0xFF, 0xF8, 0x00, 0x00, 0x03, 0xFF, 0xE0, 0x00, 0x00,
  0x0F, 0xFF, 0x80, 0x00, 0x00, 0x3F, 0xFF, 0xFF, 0xFF, 0xFF, 0xFF, 0xFF,
  0xFF, 0xFF, 0xFF, 0xFF, 0xFF, 0xFF, 0xFF, 0xFF, 0xFF, 0xFF, 0xFF, 0xFF,
  0xFF, 0xFF, 0xFF, 0xFF, 0xFF, 0xFF, 0xFF, 0xFF, 0xFF, 0xFF, 0xFF, 0xFF,
  0xFF, 0xFF, 0xFF, 0xFF, 0xFF, 0xFF, 0xFF, 0xFF, 0xFF, 0xFF, 0xFF, 0xFF,
  0x7F, 0xFE, 0x00, 0x00, 0x00, 0x00, 0xFF, 0xF8, 0xFF, 0xFC, 0x00, 0x00,
  0x00, 0x01, 0xFF, 0xF1, 0xFF, 0xF8, 0x00, 0x00, 0x00, 0x03, 0xFF, 0xE3,
  0xFF, 0xF0, 0x00, 0x00, 0x00, 0x0F, 0xFF, 0xC7, 0xFF, 0xE0, 0x00, 0x00,
  0x00, 0x1F, 0xFF, 0x8F, 0xFF, 0xE0, 0x00, 0x00, 0x00, 0x3F, 0xFF, 0x1F,
  0xFF, 0xC0, 0x00, 0x00, 0x00, 0x7F, 0xFE, 0x3F, 0xFF, 0x80, 0x00, 0x00,
  0x01, 0xFF, 0xFC, 0x7F, 0xFF, 0x00, 0x00, 0x00, 0x03, 0xFF, 0xF8, 0xFF,
  0xFF, 0x00, 0x00, 0x00, 0x07, 0xFF, 0xF1, 0xFF, 0xFE, 0x00, 0x00, 0x00,
  0x0F, 0xFF, 0xE3, 0xFF, 0xFC, 0x00, 0x00, 0x00, 0x1F, 0xFF, 0xC7, 0xFF,
  0xF8, 0x00, 0x00, 0x00, 0x7F, 0xFF, 0x8F, 0xFF, 0xF0, 0x00, 0x00, 0x00,
  0xFF, 0xFF, 0x1F, 0xFF, 0xF0, 0x00, 0x00, 0x01, 0xFF, 0xFE, 0x3F, 0xFF,
  0xE0, 0x00, 0x00, 0x03, 0xFF, 0xFC, 0x7F, 0xFF, 0xC0, 0x00, 0x00, 0x0F,
  0xFF, 0xF8, 0xFF, 0xFF, 0x80, 0x00, 0x00, 0x1F, 0xFF, 0xF1, 0xFF, 0xFF,
  0x80, 0x00, 0x00, 0x3F, 0xFF, 0xE3, 0xFF, 0xFF, 0x00, 0x00, 0x00, 0x7F,
  0xFF, 0xC7, 0xFF, 0xFE, 0x00, 0x00, 0x00, 0xFF, 0xFF, 0x8F, 0xFF, 0xFC,
  0x00, 0x00, 0x03, 0xFF, 0xFF, 0x1F, 0xFF, 0xF8, 0x00, 0x00, 0x07, 0xFF,
  0xFE, 0x3F, 0xFF, 0xF8, 0x00, 0x00, 0x0F, 0xFF, 0xFC, 0x7F, 0xFF, 0xF0,
  0x00, 0x00, 0x1F, 0xFF, 0xF8, 0xFF, 0xFF, 0xE0, 0x00, 0x00, 0x3F, 0xFF,
  0xF1, 0xFF, 0xFF, 0xC0, 0x00, 0x00, 0xFF, 0xFF, 0xF3, 0xFF, 0xFF, 0x80,
  0x00, 0x01, 0xFF, 0xFF, 0xE7, 0xFE, 0xFF, 0x80, 0x00, 0x03, 0xFF, 0xFF,
  0xCF, 0xFD, 0xFF, 0x00, 0x00, 0x07, 0xFF, 0xFF, 0x9F, 0xFB, 0xFE, 0x00,
  0x00, 0x1F, 0xF7, 0xFF, 0x3F, 0xF7, 0xFC, 0x00, 0x00, 0x3F, 0xEF, 0xFE,
  0x7F, 0xE7, 0xFC, 0x00, 0x00, 0x7F, 0xDF, 0xFC, 0xFF, 0xCF, 0xF8, 0x00,
  0x00, 0xFF, 0xBF, 0xF9, 0xFF, 0x9F, 0xF0, 0x00, 0x01, 0xFE, 0x7F, 0xF3,
  0xFF, 0x3F, 0xE0, 0x00, 0x07, 0xFC, 0xFF, 0xE7, 0xFE, 0x3F, 0xC0, 0x00,
  0x0F, 0xF9, 0xFF, 0xCF, 0xFC, 0x7F, 0xC0, 0x00, 0x1F, 0xF3, 0xFF, 0x9F,
  0xF8, 0xFF, 0x80, 0x00, 0x3F, 0xE7, 0xFF, 0x3F, 0xF1, 0xFF, 0x00, 0x00,
  0xFF, 0x8F, 0xFE, 0x7F, 0xE3, 0xFE, 0x00, 0x01, 0xFF, 0x1F, 0xFC, 0xFF,
  0xC3, 0xFE, 0x00, 0x03, 0xFE, 0x3F, 0xF9, 0xFF, 0x87, 0xFC, 0x00, 0x07,
  0xFC, 0x7F, 0xF3, 0xFF, 0x0F, 0xF8, 0x00, 0x0F, 0xF0, 0xFF, 0xE7, 0xFE,
  0x1F, 0xF0, 0x00, 0x3F, 0xE1, 0xFF, 0xCF, 0xFC, 0x1F, 0xE0, 0x00, 0x7F,
  0xC3, 0xFF, 0x9F, 0xF8, 0x3F, 0xE0, 0x00, 0xFF, 0x87, 0xFF, 0x3F, 0xF0,
  0x7F, 0xC0, 0x01, 0xFE, 0x0F, 0xFE, 0x7F, 0xE0, 0xFF, 0x80, 0x07, 0xFC,
  0x1F, 0xFC, 0xFF, 0xC0, 0xFF, 0x00, 0x0F, 0xF8, 0x3F, 0xF9, 0xFF, 0x81,
  0xFE, 0x00, 0x1F, 0xF0, 0x7F, 0xF3, 0xFF, 0x03, 0xFE, 0x00, 0x3F, 0xC0,
  0xFF, 0xEF, 0xFE, 0x07, 0xFC, 0x00, 0x7F, 0x81, 0xFF, 0xDF, 0xFC, 0x07,
  0xF8, 0x01, 0xFF, 0x03, 0xFF, 0xBF, 0xF8, 0x0F, 0xF0, 0x03, 0xFE, 0x07,
  0xFF, 0x7F, 0xF0, 0x1F, 0xF0, 0x07, 0xF8, 0x0F, 0xFE, 0xFF, 0xE0, 0x3F,
  0xE0, 0x0F, 0xF0, 0x1F, 0xFD, 0xFF, 0xC0, 0x3F, 0xC0, 0x1F, 0xE0, 0x3F,
  0xFB, 0xFF, 0x80, 0x7F, 0x80, 0x7F, 0xC0, 0x7F, 0xF7, 0xFF, 0x00, 0xFF,
  0x00, 0xFF, 0x80, 0xFF, 0xEF, 0xFE, 0x01, 0xFF, 0x01, 0xFE, 0x01, 0xFF,
  0xDF, 0xFC, 0x03, 0xFE, 0x03, 0xFC, 0x03, 0xFF, 0xBF, 0xF8, 0x03, 0xFC,
  0x0F, 0xF8, 0x07, 0xFF, 0x7F, 0xF0, 0x07, 0xF8, 0x1F, 0xF0, 0x0F, 0xFE,
  0xFF, 0xE0, 0x0F, 0xF8, 0x3F, 0xC0, 0x1F, 0xFD, 0xFF, 0xC0, 0x1F, 0xF0,
  0x7F, 0x80, 0x3F, 0xFB, 0xFF, 0x80, 0x1F, 0xE0, 0xFF, 0x00, 0x7F, 0xF7,
  0xFF, 0x00, 0x3F, 0xC3, 0xFE, 0x00, 0xFF, 0xEF, 0xFE, 0x00, 0x7F, 0x87,
  0xF8, 0x01, 0xFF, 0xDF, 0xFC, 0x00, 0xFF, 0x8F, 0xF0, 0x03, 0xFF, 0xBF,
  0xF8, 0x00, 0xFF, 0x1F, 0xE0, 0x07, 0xFF, 0x7F, 0xF0, 0x01, 0xFE, 0x7F,
  0xC0, 0x0F, 0xFE, 0xFF, 0xE0, 0x03, 0xFC, 0xFF, 0x00, 0x1F, 0xFD, 0xFF,
  0xC0, 0x07, 0xF9, 0xFE, 0x00, 0x3F, 0xFB, 0xFF, 0x80, 0x07, 0xFB, 0xFC,
  0x00, 0x7F, 0xF7, 0xFF, 0x00, 0x0F, 0xF7, 0xF8, 0x00, 0xFF, 0xEF, 0xFE,
  0x00, 0x1F, 0xFF, 0xE0, 0x01, 0xFF, 0xDF, 0xFC, 0x00, 0x3F, 0xFF, 0xC0,
  0x03, 0xFF, 0xBF, 0xF8, 0x00, 0x3F, 0xFF, 0x80, 0x07, 0xFF, 0x7F, 0xF0,
  0x00, 0x7F, 0xFF, 0x00, 0x0F, 0xFE, 0xFF, 0xE0, 0x00, 0xFF, 0xFC, 0x00,
  0x1F, 0xFD, 0xFF, 0xC0, 0x01, 0xFF, 0xF8, 0x00, 0x3F, 0xFF, 0xFF, 0x80,
  0x01, 0xFF, 0xF0, 0x00, 0x7F, 0xFF, 0xFF, 0x00, 0x03, 0xFF, 0xE0, 0x00,
  0xFF, 0xFF, 0xFE, 0x00, 0x07, 0xFF, 0xC0, 0x01, 0xFF, 0xFF, 0xFC, 0x00,
  0x0F, 0xFF, 0x00, 0x03, 0xFF, 0xFF, 0xF8, 0x00, 0x1F, 0xFE, 0x00, 0x07,
  0xFF, 0xFF, 0xF0, 0x00, 0x1F, 0xFC, 0x00, 0x0F, 0xFF, 0xFF, 0xE0, 0x00,
  0x3F, 0xF8, 0x00, 0x1F, 0xFF, 0xFF, 0xC0, 0x00, 0x7F, 0xE0, 0x00, 0x3F,
  0xFF, 0xFF, 0x80, 0x00, 0xFF, 0xC0, 0x00, 0x7F, 0xFF, 0xFF, 0x00, 0x00,
  0xFF, 0x80, 0x00, 0xFF, 0xFF, 0xFE, 0x00, 0x01, 0xFF, 0x00, 0x01, 0xFF,
  0xFF, 0xFC, 0x00, 0x03, 0xFC, 0x00, 0x03, 0xFF, 0xFF, 0xF8, 0x00, 0x07,
  0xF8, 0x00, 0x07, 0xFF, 0x80, 0xFF, 0x80, 0x00, 0x00, 0x0F, 0xFF, 0xFF,
  0x00, 0x00, 0x00, 0x1F, 0xFF, 0xFF, 0x00, 0x00, 0x00, 0x3F, 0xFF, 0xFE,
  0x00, 0x00, 0x00, 0x7F, 0xFF, 0xFE, 0x00, 0x00, 0x00, 0xFF, 0xFF, 0xFC,
  0x00, 0x00, 0x01, 0xFF, 0xFF, 0xFC, 0x00, 0x00, 0x03, 0xFF, 0xFF, 0xF8,
  0x00, 0x00, 0x07, 0xFF, 0xFF, 0xF0, 0x00, 0x00, 0x0F, 0xFF, 0xFF, 0xF0,
  0x00, 0x00, 0x1F, 0xFF, 0xFF, 0xE0, 0x00, 0x00, 0x3F, 0xFF, 0xFF, 0xE0,
  0x00, 0x00, 0x7F, 0xFF, 0xFF, 0xC0, 0x00, 0x00, 0xFF, 0xFF, 0xFF, 0xC0,
  0x00, 0x01, 0xFF, 0xFF, 0xFF, 0x80, 0x00, 0x03, 0xFF, 0xFF, 0xFF, 0x80,
  0x00, 0x07, 0xFF, 0xFF, 0xFF, 0x00, 0x00, 0x0F, 0xFF, 0xFF, 0xFE, 0x00,
  0x00, 0x1F, 0xFF, 0xFF, 0xFE, 0x00, 0x00, 0x3F, 0xFF, 0xFF, 0xFC, 0x00,
  0x00, 0x7F, 0xFF, 0xFF, 0xFC, 0x00, 0x00, 0xFF, 0xFF, 0xFF, 0xF8, 0x00,
  0x01, 0xFF, 0xFF, 0xFF, 0xF8, 0x00, 0x03, 0xFF, 0xFF, 0xFF, 0xF0, 0x00,
  0x07, 0xFF, 0xFF, 0xFF, 0xE0, 0x00, 0x0F, 0xFF, 0xFF, 0xFF, 0xE0, 0x00,
  0x1F, 0xFF, 0xFF, 0xFF, 0xC0, 0x00, 0x3F, 0xFF, 0xFF, 0xFF, 0xC0, 0x00,
  0x7F, 0xFF, 0xFF, 0xFF, 0x80, 0x00, 0xFF, 0xFF, 0xFF, 0xFF, 0x80, 0x01,
  0xFF, 0xFF, 0xFF, 0xFF, 0x00, 0x03, 0xFF, 0xFF, 0xF7, 0xFE, 0x00, 0x07,
  0xFF, 0xFF, 0xEF, 0xFE, 0x00, 0x0F, 0xFF, 0xFF, 0xDF, 0xFC, 0x00, 0x1F,
  0xFF, 0xFF, 0x9F, 0xFC, 0x00, 0x3F, 0xFF, 0xFF, 0x3F, 0xF8, 0x00, 0x7F,
  0xFF, 0xFE, 0x3F, 0xF8, 0x00, 0xFF, 0xFF, 0xFC, 0x7F, 0xF0, 0x01, 0xFF,
  0xFF, 0xF8, 0x7F, 0xE0, 0x03, 0xFF, 0xFF, 0xF0, 0xFF, 0xE0, 0x07, 0xFF,
  0xFF, 0xE1, 0xFF, 0xC0, 0x0F, 0xFF, 0xFF, 0xC1, 0xFF, 0xC0, 0x1F, 0xFF,
  0xFF, 0x83, 0xFF, 0x80, 0x3F, 0xFF, 0xFF, 0x03, 0xFF, 0x80, 0x7F, 0xFF,
  0xFE, 0x07, 0xFF, 0x00, 0xFF, 0xFF, 0xFC, 0x07, 0xFE, 0x01, 0xFF, 0xFF,
  0xF8, 0x0F, 0xFE, 0x03, 0xFF, 0xFF, 0xF0, 0x1F, 0xFC, 0x07, 0xFF, 0xFF,
  0xE0, 0x1F, 0xFC, 0x0F, 0xFF, 0xFF, 0xC0, 0x3F, 0xF8, 0x1F, 0xFF, 0xFF,
  0x80, 0x3F, 0xF8, 0x3F, 0xFF, 0xFF, 0x00, 0x7F, 0xF0, 0x7F, 0xFF, 0xFE,
  0x00, 0x7F, 0xE0, 0xFF, 0xFF, 0xFC, 0x00, 0xFF, 0xE1, 0xFF, 0xFF, 0xF8,
  0x01, 0xFF, 0xC3, 0xFF, 0xFF, 0xF0, 0x01, 0xFF, 0xC7, 0xFF, 0xFF, 0xE0,
  0x03, 0xFF, 0x8F, 0xFF, 0xFF, 0xC0, 0x03, 0xFF, 0x9F, 0xFF, 0xFF, 0x80,
  0x07, 0xFF, 0x3F, 0xFF, 0xFF, 0x00, 0x0F, 0xFE, 0x7F, 0xFF, 0xFE, 0x00,
  0x0F, 0xFE, 0xFF, 0xFF, 0xFC, 0x00, 0x1F, 0xFD, 0xFF, 0xFF, 0xF8, 0x00,
  0x1F, 0xFF, 0xFF, 0xFF, 0xF0, 0x00, 0x3F, 0xFF, 0xFF, 0xFF, 0xE0, 0x00,
  0x3F, 0xFF, 0xFF, 0xFF, 0xC0, 0x00, 0x7F, 0xFF, 0xFF, 0xFF, 0x80, 0x00,
  0xFF, 0xFF, 0xFF, 0xFF, 0x00, 0x00, 0xFF, 0xFF, 0xFF, 0xFE, 0x00, 0x01,
  0xFF, 0xFF, 0xFF, 0xFC, 0x00, 0x01, 0xFF, 0xFF, 0xFF, 0xF8, 0x00, 0x03,
  0xFF, 0xFF, 0xFF, 0xF0, 0x00, 0x03, 0xFF, 0xFF, 0xFF, 0xE0, 0x00, 0x07,
  0xFF, 0xFF, 0xFF, 0xC0, 0x00, 0x0F, 0xFF, 0xFF, 0xFF, 0x80, 0x00, 0x0F,
  0xFF, 0xFF, 0xFF, 0x00, 0x00, 0x1F, 0xFF, 0xFF, 0xFE, 0x00, 0x00, 0x1F,
  0xFF, 0xFF, 0xFC, 0x00, 0x00, 0x3F, 0xFF, 0xFF, 0xF8, 0x00, 0x00, 0x3F,
  0xFF, 0xFF, 0xF0, 0x00, 0x00, 0x7F, 0xFF, 0xFF, 0xE0, 0x00, 0x00, 0xFF,
  0xFF, 0xFF, 0xC0, 0x00, 0x00, 0xFF, 0xFF, 0xFF, 0x80, 0x00, 0x01, 0xFF,
  0xFF, 0xFF, 0x00, 0x00, 0x01, 0xFF, 0xFF, 0xFE, 0x00, 0x00, 0x03, 0xFF,
  0xFF, 0xFC, 0x00, 0x00, 0x03, 0xFF, 0xFF, 0xF8, 0x00, 0x00, 0x07, 0xFF,
  0xFF, 0xF0, 0x00, 0x00, 0x0F, 0xFF, 0xFF, 0xE0, 0x00, 0x00, 0x0F, 0xFF,
  0xFF, 0xC0, 0x00, 0x00, 0x1F, 0xFF, 0xFF, 0x80, 0x00, 0x00, 0x1F, 0xFF,
  0xFF, 0x00, 0x00, 0x00, 0x3F, 0xFF, 0xFE, 0x00, 0x00, 0x00, 0x3F, 0xFF,
  0xFC, 0x00, 0x00, 0x00, 0x7F, 0xFF, 0xF8, 0x00, 0x00, 0x00, 0xFF, 0x80,
  0x00, 0x00, 0x1F, 0xFF, 0x80, 0x00, 0x00, 0x00, 0x1F, 0xFF, 0xFF, 0x80,
  0x00, 0x00, 0x07, 0xFF, 0xFF, 0xFE, 0x00, 0x00, 0x01, 0xFF, 0xFF, 0xFF,
  0xF8, 0x00, 0x00, 0x7F, 0xFF, 0xFF, 0xFF, 0xE0, 0x00, 0x0F, 0xFF, 0xFF,
  0xFF, 0xFF, 0x00, 0x01, 0xFF, 0xFF, 0xFF, 0xFF, 0xF8, 0x00, 0x3F, 0xFF,
  0xFF, 0xFF, 0xFF, 0xC0, 0x07, 0xFF, 0xFF, 0xFF, 0xFF, 0xFE, 0x00, 0x7F,
  0xFF, 0xFF, 0xFF, 0xFF, 0xE0, 0x0F, 0xFF, 0xFC, 0x01, 0xFF, 0xFF, 0x00,
  0xFF, 0xFE, 0x00, 0x07, 0xFF, 0xF0, 0x1F, 0xFF, 0x80, 0x00, 0x1F, 0xFF,
  0x81, 0xFF, 0xF0, 0x00, 0x00, 0xFF, 0xF8, 0x3F, 0xFF, 0x00, 0x00, 0x07,
  0xFF, 0xC3, 0xFF, 0xE0, 0x00, 0x00, 0x7F, 0xFC, 0x3F, 0xFC, 0x00, 0x00,
  0x03, 0xFF, 0xC7, 0xFF, 0xC0, 0x00, 0x00, 0x3F, 0xFE, 0x7F, 0xFC, 0x00,
  0x00, 0x03, 0xFF, 0xE7, 0xFF, 0xC0, 0x00, 0x00, 0x3F, 0xFE, 0x7F, 0xF8,
  0x00, 0x00, 0x01, 0xFF, 0xE7, 0xFF, 0x80, 0x00, 0x00, 0x1F, 0xFE, 0xFF,
  0xF8, 0x00, 0x00, 0x01, 0xFF, 0xFF, 0xFF, 0x80, 0x00, 0x00, 0x1F, 0xFF,
  0xFF, 0xF8, 0x00, 0x00, 0x01, 0xFF, 0xFF, 0xFF, 0x80, 0x00, 0x00, 0x1F,
  0xFF, 0xFF, 0xF8, 0x00, 0x00, 0x01, 0xFF, 0xFF, 0xFF, 0x80, 0x00, 0x00,
  0x1F, 0xFF, 0xFF, 0xF8, 0x00, 0x00, 0x01, 0xFF, 0xFF, 0xFF, 0x80, 0x00,
  0x00, 0x1F, 0xFF, 0xFF, 0xF8, 0x00, 0x00, 0x01, 0xFF, 0xFF, 0xFF, 0x80,
  0x00, 0x00, 0x1F, 0xFF, 0xFF, 0xF8, 0x00, 0x00, 0x01, 0xFF, 0xFF, 0xFF,
  0x80, 0x00, 0x00, 0x1F, 0xFF, 0xFF, 0xF8, 0x00, 0x00, 0x01, 0xFF, 0xFF,
  0xFF, 0x80, 0x00, 0x00, 0x1F, 0xFF, 0xFF, 0xF8, 0x00, 0x00, 0x01, 0xFF,
  0xFF, 0xFF, 0x80, 0x00, 0x00, 0x1F, 0xFF, 0xFF, 0xF8, 0x00, 0x00, 0x01,
  0xFF, 0xFF, 0xFF, 0x80, 0x00, 0x00, 0x1F, 0xFF, 0xFF, 0xF8, 0x00, 0x00,
  0x01, 0xFF, 0xFF, 0xFF, 0x80, 0x00, 0x00, 0x1F, 0xFF, 0xFF, 0xF8, 0x00,
  0x00, 0x01, 0xFF, 0xFF, 0xFF, 0x80, 0x00, 0x00, 0x1F, 0xFF, 0xFF, 0xF8,
  0x00, 0x00, 0x01, 0xFF, 0xFF, 0xFF, 0x80, 0x00, 0x00, 0x1F, 0xFF, 0xFF,
  0xF8, 0x00, 0x00, 0x01, 0xFF, 0xFF, 0xFF, 0x80, 0x00, 0x00, 0x1F, 0xFF,
  0xFF, 0xF8, 0x00, 0x00, 0x01, 0xFF, 0xFF, 0xFF, 0x80, 0x00, 0x00, 0x1F,
  0xFF, 0xFF, 0xF8, 0x00, 0x00, 0x01, 0xFF, 0xFF, 0xFF, 0x80, 0x00, 0x00,
  0x1F, 0xFF, 0xFF, 0xF8, 0x00, 0x00, 0x01, 0xFF, 0xFF, 0xFF, 0x80, 0x00,
  0x00, 0x1F, 0xFF, 0xFF, 0xF8, 0x00, 0x00, 0x01, 0xFF, 0xFF, 0xFF, 0x80,
  0x00, 0x00, 0x1F, 0xFF, 0xFF, 0xF8, 0x00, 0x00, 0x01, 0xFF, 0xFF, 0xFF,
  0x80, 0x00, 0x00, 0x1F, 0xFF, 0xFF, 0xF8, 0x00, 0x00, 0x01, 0xFF, 0xFF,
  0xFF, 0x80, 0x00, 0x00, 0x1F, 0xFF, 0xFF, 0xF8, 0x00, 0x00, 0x01, 0xFF,
  0xFF, 0xFF, 0x80, 0x00, 0x00, 0x1F, 0xFF, 0xFF, 0xF8, 0x00, 0x00, 0x01,
  0xFF, 0xFF, 0xFF, 0x80, 0x00, 0x00, 0x1F, 0xFF, 0xFF, 0xF8, 0x00, 0x00,
  0x01, 0xFF, 0xFF, 0xFF, 0x80, 0x00, 0x00, 0x1F, 0xFF, 0xFF, 0xF8, 0x00,
  0x00, 0x01, 0xFF, 0xFF, 0xFF, 0x80, 0x00, 0x00, 0x1F, 0xFF, 0xFF, 0xF8,
  0x00, 0x00, 0x01, 0xFF, 0xFF, 0xFF, 0x80, 0x00, 0x00, 0x1F, 0xFF, 0xFF,
  0xF8, 0x00, 0x00, 0x01, 0xFF, 0xFF, 0xFF, 0x80, 0x00, 0x00, 0x1F, 0xFF,
  0xFF, 0xF8, 0x00, 0x00, 0x01, 0xFF, 0xFF, 0xFF, 0x80, 0x00, 0x00, 0x1F,
  0xFF, 0x7F, 0xF8, 0x00, 0x00, 0x01, 0xFF, 0xE7, 0xFF, 0x80, 0x00, 0x00,
  0x1F, 0xFE, 0x7F, 0xFC, 0x00, 0x00, 0x03, 0xFF, 0xE7, 0xFF, 0xC0, 0x00,
  0x00, 0x3F, 0xFE, 0x7F, 0xFC, 0x00, 0x00, 0x03, 0xFF, 0xE3, 0xFF, 0xC0,
  0x00, 0x00, 0x3F, 0xFC, 0x3F, 0xFE, 0x00, 0x00, 0x07, 0xFF, 0xC3, 0xFF,
  0xE0, 0x00, 0x00, 0x7F, 0xFC, 0x3F, 0xFF, 0x00, 0x00, 0x0F, 0xFF, 0x81,
  0xFF, 0xF0, 0x00, 0x00, 0xFF, 0xF8, 0x1F, 0xFF, 0x80, 0x00, 0x1F, 0xFF,
  0x80, 0xFF, 0xFE, 0x00, 0x07, 0xFF, 0xF0, 0x0F, 0xFF, 0xFC, 0x01, 0xFF,
  0xFF, 0x00, 0x7F, 0xFF, 0xFF, 0xFF, 0xFF, 0xE0, 0x03, 0xFF, 0xFF, 0xFF,
  0xFF, 0xFC, 0x00, 0x3F, 0xFF, 0xFF, 0xFF, 0xFF, 0x80, 0x01, 0xFF, 0xFF,
  0xFF, 0xFF, 0xF0, 0x00, 0x0F, 0xFF, 0xFF, 0xFF, 0xFE, 0x00, 0x00, 0x3F,
  0xFF, 0xFF, 0xFF, 0xC0, 0x00, 0x01, 0xFF, 0xFF, 0xFF, 0xF8, 0x00, 0x00,
  0x07, 0xFF, 0xFF, 0xFE, 0x00, 0x00, 0x00, 0x1F, 0xFF, 0xFF, 0x80, 0x00,
  0x00, 0x00, 0x1F, 0xFF, 0x00, 0x00, 0x00, 0xFF, 0xFF, 0xFF, 0xFC, 0x00,
  0x01, 0xFF, 0xFF, 0xFF, 0xFF, 0x80, 0x03, 0xFF, 0xFF, 0xFF, 0xFF, 0xC0,
  0x07, 0xFF, 0xFF, 0xFF, 0xFF, 0xE0, 0x0F, 0xFF, 0xFF, 0xFF, 0xFF, 0xE0,
  0x1F, 0xFF, 0xFF, 0xFF, 0xFF, 0xE0, 0x3F, 0xFF, 0xFF, 0xFF, 0xFF, 0xE0,
  0x7F, 0xFF, 0xFF, 0xFF, 0xFF, 0xE0, 0xFF, 0xFF, 0xFF, 0xFF, 0xFF, 0xE1,
  0xFF, 0xF0, 0x00, 0x7F, 0xFF, 0xC3, 0xFF, 0xE0, 0x00, 0x1F, 0xFF, 0xC7,
  0xFF, 0xC0, 0x00, 0x1F, 0xFF, 0x8F, 0xFF, 0x80, 0x00, 0x1F, 0xFF, 0x9F,
  0xFF, 0x00, 0x00, 0x1F, 0xFF, 0x3F, 0xFE, 0x00, 0x00, 0x1F, 0xFE, 0x7F,
  0xFC, 0x00, 0x00, 0x3F, 0xFE, 0xFF, 0xF8, 0x00, 0x00, 0x7F, 0xFD, 0xFF,
  0xF0, 0x00, 0x00, 0xFF, 0xFB, 0xFF, 0xE0, 0x00, 0x00, 0xFF, 0xF7, 0xFF,
  0xC0, 0x00, 0x01, 0xFF, 0xFF, 0xFF, 0x80, 0x00, 0x03, 0xFF, 0xFF, 0xFF,
  0x00, 0x00, 0x07, 0xFF, 0xFF, 0xFE, 0x00, 0x00, 0x0F, 0xFF, 0xFF, 0xFC,
  0x00, 0x00, 0x1F, 0xFF, 0xFF, 0xF8, 0x00, 0x00, 0x3F, 0xFF, 0xFF, 0xF0,
  0x00, 0x00, 0x7F, 0xFF, 0xFF, 0xE0, 0x00, 0x00, 0xFF, 0xFF, 0xFF, 0xC0,
  0x00, 0x01, 0xFF, 0xFF, 0xFF, 0x80, 0x00, 0x03, 0xFF, 0xFF, 0xFF, 0x00,
  0x00, 0x07, 0xFF, 0xFF, 0xFE, 0x00, 0x00, 0x0F, 0xFF, 0xFF, 0xFC, 0x00,
  0x00, 0x1F, 0xFF, 0xFF, 0xF8, 0x00, 0x00, 0x3F, 0xFD, 0xFF, 0xF0, 0x00,
  0x00, 0xFF, 0xFB, 0xFF, 0xE0, 0x00, 0x01, 0xFF, 0xF7, 0xFF, 0xC0, 0x00,
  0x03, 0xFF, 0xEF, 0xFF, 0x80, 0x00, 0x0F, 0xFF, 0xDF, 0xFF, 0x00, 0x00,
  0x1F, 0xFF, 0x3F, 0xFE, 0x00, 0x00, 0x7F, 0xFE, 0x7F, 0xFC, 0x00, 0x01,
  0xFF, 0xF8, 0xFF, 0xF8, 0x00, 0x0F, 0xFF, 0xF1, 0xFF, 0xF0, 0x00, 0xFF,
  0xFF, 0xC3, 0xFF, 0xFF, 0xFF, 0xFF, 0xFF, 0x87, 0xFF, 0xFF, 0xFF, 0xFF,
  0xFE, 0x0F, 0xFF, 0xFF, 0xFF, 0xFF, 0xF8, 0x1F, 0xFF, 0xFF, 0xFF, 0xFF,
  0xE0, 0x3F, 0xFF, 0xFF, 0xFF, 0xFF, 0x80, 0x7F, 0xFF, 0xFF, 0xFF, 0xFC,
  0x00, 0xFF, 0xFF, 0xFF, 0xFF, 0xF0, 0x01, 0xFF, 0xFF, 0xFF, 0xFF, 0x00,
  0x03, 0xFF, 0xFF, 0xFF, 0xE0, 0x00, 0x07, 0xFF, 0xC0, 0x00, 0x00, 0x00,
  0x0F, 0xFF, 0x80, 0x00, 0x00, 0x00, 0x1F, 0xFF, 0x00, 0x00, 0x00, 0x00,
  0x3F, 0xFE, 0x00, 0x00, 0x00, 0x00, 0x7F, 0xFC, 0x00, 0x00, 0x00, 0x00,
  0xFF, 0xF8, 0x00, 0x00, 0x00, 0x01, 0xFF, 0xF0, 0x00, 0x00, 0x00, 0x03,
  0xFF, 0xE0, 0x00, 0x00, 0x00, 0x07, 0xFF, 0xC0, 0x00, 0x00, 0x00, 0x0F,
  0xFF, 0x80, 0x00, 0x00, 0x00, 0x1F, 0xFF, 0x00, 0x00, 0x00, 0x00, 0x3F,
  0xFE, 0x00, 0x00, 0x00, 0x00, 0x7F, 0xFC, 0x00, 0x00, 0x00, 0x00, 0xFF,
  0xF8, 0x00, 0x00, 0x00, 0x01, 0xFF, 0xF0, 0x00, 0x00, 0x00, 0x03, 0xFF,
  0xE0, 0x00, 0x00, 0x00, 0x07, 0xFF, 0xC0, 0x00, 0x00, 0x00, 0x0F, 0xFF,
  0x80, 0x00, 0x00, 0x00, 0x1F, 0xFF, 0x00, 0x00, 0x00, 0x00, 0x3F, 0xFE,
  0x00, 0x00, 0x00, 0x00, 0x7F, 0xFC, 0x00, 0x00, 0x00, 0x00, 0xFF, 0xF8,
  0x00, 0x00, 0x00, 0x01, 0xFF, 0xF0, 0x00, 0x00, 0x00, 0x03, 0xFF, 0xE0,
  0x00, 0x00, 0x00, 0x07, 0xFF, 0xC0, 0x00, 0x00, 0x00, 0x0F, 0xFF, 0x80,
  0x00, 0x00, 0x00, 0x1F, 0xFF, 0x00, 0x00, 0x00, 0x00, 0x3F, 0xFE, 0x00,
  0x00, 0x00, 0x00, 0x7F, 0xFC, 0x00, 0x00, 0x00, 0x00, 0xFF, 0xF8, 0x00,
  0x00, 0x00, 0x01, 0xFF, 0xF0, 0x00, 0x00, 0x00, 0x03, 0xFF, 0xE0, 0x00,
  0x00, 0x00, 0x07, 0xFF, 0xC0, 0x00, 0x00, 0x00, 0x0F, 0xFF, 0x80, 0x00,
  0x00, 0x00, 0x1F, 0xFF, 0x00, 0x00, 0x00, 0x00, 0x3F, 0xFE, 0x00, 0x00,
  0x00, 0x00, 0x7F, 0xFC, 0x00, 0x00, 0x00, 0x00, 0xFF, 0xF8, 0x00, 0x00,
  0x00, 0x01, 0xFF, 0xF0, 0x00, 0x00, 0x00, 0x03, 0xFF, 0xE0, 0x00, 0x00,
  0x00, 0x07, 0xFF, 0xC0, 0x00, 0x00, 0x00, 0x0F, 0xFF, 0x80, 0x00, 0x00,
  0x00, 0x1F, 0xFF, 0x00, 0x00, 0x00, 0x00, 0x3F, 0xFE, 0x00, 0x00, 0x00,
  0x00, 0x7F, 0xFC, 0x00, 0x00, 0x00, 0x00, 0x00, 0x00, 0x1F, 0xFF, 0x80,
  0x00, 0x00, 0x00, 0x1F, 0xFF, 0xFF, 0x80, 0x00, 0x00, 0x07, 0xFF, 0xFF,
  0xFE, 0x00, 0x00, 0x01, 0xFF, 0xFF, 0xFF, 0xF8, 0x00, 0x00, 0x7F, 0xFF,
  0xFF, 0xFF, 0xE0, 0x00, 0x0F, 0xFF, 0xFF, 0xFF, 0xFF, 0x00, 0x01, 0xFF,
  0xFF, 0xFF, 0xFF, 0xF8, 0x00, 0x3F, 0xFF, 0xFF, 0xFF, 0xFF, 0xC0, 0x07,
  0xFF, 0xFF, 0xFF, 0xFF, 0xFE, 0x00, 0x7F, 0xFF, 0xFF, 0xFF, 0xFF, 0xE0,
  0x0F, 0xFF, 0xF8, 0x01, 0xFF, 0xFF, 0x00, 0xFF, 0xFE, 0x00, 0x07, 0xFF,
  0xF0, 0x1F, 0xFF, 0x80, 0x00, 0x1F, 0xFF, 0x81, 0xFF, 0xF0, 0x00, 0x00,
  0xFF, 0xF8, 0x3F, 0xFE, 0x00, 0x00, 0x07, 0xFF, 0xC3, 0xFF, 0xE0, 0x00,
  0x00, 0x7F, 0xFC, 0x3F, 0xFC, 0x00, 0x00, 0x03, 0xFF, 0xC7, 0xFF, 0xC0,
  0x00, 0x00, 0x3F, 0xFE, 0x7F, 0xFC, 0x00, 0x00, 0x03, 0xFF, 0xE7, 0xFF,
  0xC0, 0x00, 0x00, 0x3F, 0xFE, 0x7F, 0xF8, 0x00, 0x00, 0x01, 0xFF, 0xE7,
  0xFF, 0x80, 0x00, 0x00, 0x1F, 0xFE, 0xFF, 0xF8, 0x00, 0x00, 0x01, 0xFF,
  0xFF, 0xFF, 0x80, 0x00, 0x00, 0x1F, 0xFF, 0xFF, 0xF8, 0x00, 0x00, 0x01,
  0xFF, 0xFF, 0xFF, 0x80, 0x00, 0x00, 0x1F, 0xFF, 0xFF, 0xF8, 0x00, 0x00,
  0x01, 0xFF, 0xFF, 0xFF, 0x80, 0x00, 0x00, 0x1F, 0xFF, 0xFF, 0xF8, 0x00,
  0x00, 0x01, 0xFF, 0xFF, 0xFF, 0x80, 0x00, 0x00, 0x1F, 0xFF, 0xFF, 0xF8,
  0x00, 0x00, 0x01, 0xFF, 0xFF, 0xFF, 0x80, 0x00, 0x00, 0x1F, 0xFF, 0xFF,
  0xF8, 0x00, 0x00, 0x01, 0xFF, 0xFF, 0xFF, 0x80, 0x00, 0x00, 0x1F, 0xFF,
  0xFF, 0xF8, 0x00, 0x00, 0x01, 0xFF, 0xFF, 0xFF, 0x80, 0x00, 0x00, 0x1F,
  0xFF, 0xFF, 0xF8, 0x00, 0x00, 0x01, 0xFF, 0xFF, 0xFF, 0x80, 0x00, 0x00,
  0x1F, 0xFF, 0xFF, 0xF8, 0x00, 0x00, 0x01, 0xFF, 0xFF, 0xFF, 0x80, 0x00,
  0x00, 0x1F, 0xFF, 0xFF, 0xF8, 0x00, 0x00, 0x01, 0xFF, 0xFF, 0xFF, 0x80,
  0x00, 0x00, 0x1F, 0xFF, 0xFF, 0xF8, 0x00, 0x00, 0x01, 0xFF, 0xFF, 0xFF,
  0x80, 0x00, 0x00, 0x1F, 0xFF, 0xFF, 0xF8, 0x00, 0x00, 0x01, 0xFF, 0xFF,
  0xFF, 0x80, 0x00, 0x00, 0x1F, 0xFF, 0xFF, 0xF8, 0x00, 0x00, 0x01, 0xFF,
  0xFF, 0xFF, 0x80, 0x00, 0x00, 0x1F, 0xFF, 0xFF, 0xF8, 0x00, 0x00, 0x01,
  0xFF, 0xFF, 0xFF, 0x80, 0x00, 0x00, 0x1F, 0xFF, 0xFF, 0xF8, 0x00, 0x00,
  0x01, 0xFF, 0xFF, 0xFF, 0x80, 0x00, 0x00, 0x1F, 0xFF, 0xFF, 0xF8, 0x00,
  0x00, 0x01, 0xFF, 0xFF, 0xFF, 0x80, 0x00, 0x00, 0x1F, 0xFF, 0xFF, 0xF8,
  0x00, 0x00, 0x01, 0xFF, 0xFF, 0xFF, 0x80, 0x00, 0x00, 0x1F, 0xFF, 0xFF,
  0xF8, 0x00, 0x00, 0x01, 0xFF, 0xFF, 0xFF, 0x80, 0x00, 0x00, 0x1F, 0xFF,
  0xFF, 0xF8, 0x00, 0x00, 0x01, 0xFF, 0xFF, 0xFF, 0x80, 0x00, 0x00, 0x1F,
  0xFF, 0xFF, 0xF8, 0x00, 0x00, 0x01, 0xFF, 0xFF, 0xFF, 0x80, 0x00, 0x00,
  0x1F, 0xFF, 0xFF, 0xF8, 0x00, 0x00, 0x01, 0xFF, 0xFF, 0xFF, 0x80, 0x00,
  0x00, 0x1F, 0xFF, 0xFF, 0xF8, 0x00, 0x00, 0x01, 0xFF, 0xFF, 0xFF, 0x80,
  0x00, 0x00, 0x1F, 0xFF, 0xFF, 0xF8, 0x00, 0x00, 0x01, 0xFF, 0xFF, 0xFF,
  0x80, 0x00, 0x00, 0x1F, 0xFF, 0xFF, 0xF8, 0x00, 0x00, 0x01, 0xFF, 0xFF,
  0xFF, 0x80, 0x00, 0x00, 0x1F, 0xFF, 0xFF, 0xF8, 0x00, 0x00, 0x01, 0xFF,
  0xFF, 0xFF, 0x80, 0x00, 0x00, 0x1F, 0xFF, 0xFF, 0xF8, 0x00, 0x00, 0x01,
  0xFF, 0xFF, 0xFF, 0x80, 0x00, 0x00, 0x1F, 0xFF, 0x7F, 0xF8, 0x00, 0x00,
  0x01, 0xFF, 0xE7, 0xFF, 0x80, 0x00, 0x00, 0x1F, 0xFE, 0x7F, 0xFC, 0x00,
  0x00, 0x03, 0xFF, 0xE7, 0xFF, 0xC0, 0x00, 0x00, 0x3F, 0xFE, 0x7F, 0xFC,
  0x00, 0x00, 0x03, 0xFF, 0xE3, 0xFF, 0xC0, 0x00, 0x00, 0x3F, 0xFC, 0x3F,
  0xFE, 0x00, 0x00, 0x07, 0xFF, 0xC3, 0xFF, 0xE0, 0x00, 0x00, 0x7F, 0xFC,
  0x3F, 0xFF, 0x00, 0x00, 0x0F, 0xFF, 0xC1, 0xFF, 0xF0, 0x00, 0x00, 0xFF,
  0xF8, 0x1F, 0xFF, 0x80, 0x00, 0x1F, 0xFF, 0x80, 0xFF, 0xFE, 0x00, 0x07,
  0xFF, 0xF0, 0x0F, 0xFF, 0xF8, 0x01, 0xFF, 0xFF, 0x00, 0x7F, 0xFF, 0xFF,
  0xFF, 0xFF, 0xE0, 0x03, 0xFF, 0xFF, 0xFF, 0xFF, 0xFC, 0x00, 0x3F, 0xFF,
  0xFF, 0xFF, 0xFF, 0xC0, 0x01, 0xFF, 0xFF, 0xFF, 0xFF, 0xF8, 0x00, 0x0F,
  0xFF, 0xFF, 0xFF, 0xFF, 0x00, 0x00, 0x3F, 0xFF, 0xFF, 0xFF, 0xC0, 0x00,
  0x01, 0xFF, 0xFF, 0xFF, 0xF8, 0x00, 0x00, 0x07, 0xFF, 0xFF, 0xFE, 0x00,
  0x00, 0x00, 0x1F, 0xFF, 0xFF, 0xE0, 0x00, 0x00, 0x00, 0x1F, 0xFF, 0xFF,
  0x00, 0x00, 0x00, 0x00, 0x00, 0x7F, 0xF8, 0x00, 0x00, 0x00, 0x00, 0x07,
  0xFF, 0x80, 0x00, 0x00, 0x00, 0x00, 0x3F, 0xFC, 0x00, 0x00, 0x00, 0x00,
  0x01, 0xFF, 0xE0, 0x00, 0x00, 0x00, 0x00, 0x0F, 0xFF, 0x00, 0x00, 0x00,
  0x00, 0x00, 0xFF, 0xF8, 0x00, 0x00, 0x00, 0x00, 0x07, 0xFF, 0xC0, 0x00,
  0x00, 0x00, 0x00, 0x3F, 0xFE, 0x00, 0x00, 0x00, 0x00, 0x01, 0xFF, 0xE0,
  0x00, 0x00, 0x00, 0x00, 0x1F, 0xFE, 0x00, 0x00, 0x00, 0x00, 0x00, 0xFF,
  0xE0, 0x00, 0x00, 0x00, 0x00, 0x07, 0xFE, 0x00, 0x00, 0x00, 0x00, 0x00,
  0x3F, 0xE0, 0x00, 0x00, 0x00, 0x00, 0x01, 0xFC, 0x00, 0x00, 0x00, 0x00,
  0x00, 0x0F, 0xC0, 0x00, 0x00, 0x00, 0x00, 0x00, 0x7C, 0x00, 0x00, 0x00,
  0x00, 0x00, 0x01, 0xC0, 0x00, 0x00, 0x00, 0x00, 0x00, 0x0C, 0x00, 0xFF,
  0xFF, 0xFF, 0xE0, 0x00, 0x00, 0x7F, 0xFF, 0xFF, 0xFF, 0x80, 0x00, 0x3F,
  0xFF, 0xFF, 0xFF, 0xF8, 0x00, 0x1F, 0xFF, 0xFF, 0xFF, 0xFF, 0x00, 0x0F,
  0xFF, 0xFF, 0xFF, 0xFF, 0xE0, 0x07, 0xFF, 0xFF, 0xFF, 0xFF, 0xF8, 0x03,
  0xFF, 0xFF, 0xFF, 0xFF, 0xFE, 0x01, 0xFF, 0xFF, 0xFF, 0xFF, 0xFF, 0x80,
  0xFF, 0xFF, 0xFF, 0xFF, 0xFF, 0xE0, 0x7F, 0xFC, 0x00, 0x3F, 0xFF, 0xF0,
  0x3F, 0xFE, 0x00, 0x03, 0xFF, 0xFC, 0x1F, 0xFF, 0x00, 0x00, 0x7F, 0xFE,
  0x0F, 0xFF, 0x80, 0x00, 0x1F, 0xFF, 0x87, 0xFF, 0xC0, 0x00, 0x0F, 0xFF,
  0xC3, 0xFF, 0xE0, 0x00, 0x03, 0xFF, 0xF1, 0xFF, 0xF0, 0x00, 0x01, 0xFF,
  0xF8, 0xFF, 0xF8, 0x00, 0x00, 0x7F, 0xFC, 0x7F, 0xFC, 0x00, 0x00, 0x3F,
  0xFE, 0x3F, 0xFE, 0x00, 0x00, 0x1F, 0xFF, 0x9F, 0xFF, 0x00, 0x00, 0x07,
  0xFF, 0xCF, 0xFF, 0x80, 0x00, 0x03, 0xFF, 0xE7, 0xFF, 0xC0, 0x00, 0x01,
  0xFF, 0xF3, 0xFF, 0xE0, 0x00, 0x00, 0xFF, 0xF9, 0xFF, 0xF0, 0x00, 0x00,
  0x7F, 0xFC, 0xFF, 0xF8, 0x00, 0x00, 0x3F, 0xFE, 0x7F, 0xFC, 0x00, 0x00,
  0x1F, 0xFF, 0x3F, 0xFE, 0x00, 0x00, 0x0F, 0xFF, 0x9F, 0xFF, 0x00, 0x00,
  0x07, 0xFF, 0xCF, 0xFF, 0x80, 0x00, 0x03, 0xFF, 0xE7, 0xFF, 0xC0, 0x00,
  0x01, 0xFF, 0xF3, 0xFF, 0xE0, 0x00, 0x00, 0xFF, 0xF9, 0xFF, 0xF0, 0x00,
  0x00, 0xFF, 0xFC, 0xFF, 0xF8, 0x00, 0x00, 0x7F, 0xFC, 0x7F, 0xFC, 0x00,
  0x00, 0x3F, 0xFE, 0x3F, 0xFE, 0x00, 0x00, 0x3F, 0xFF, 0x1F, 0xFF, 0x00,
  0x00, 0x1F, 0xFF, 0x8F, 0xFF, 0x80, 0x00, 0x1F, 0xFF, 0x87, 0xFF, 0xC0,
  0x00, 0x1F, 0xFF, 0xC3, 0xFF, 0xE0, 0x00, 0x1F, 0xFF, 0xE1, 0xFF, 0xF0,
  0x00, 0x3F, 0xFF, 0xE0, 0xFF, 0xF8, 0x00, 0xFF, 0xFF, 0xF0, 0x7F, 0xFF,
  0xFF, 0xFF, 0xFF, 0xF0, 0x3F, 0xFF, 0xFF, 0xFF, 0xFF, 0xF0, 0x1F, 0xFF,
  0xFF, 0xFF, 0xFF, 0xF0, 0x0F, 0xFF, 0xFF, 0xFF, 0xFF, 0xF0, 0x07, 0xFF,
  0xFF, 0xFF, 0xFF, 0xF0, 0x03, 0xFF, 0xFF, 0xFF, 0xFF, 0xE0, 0x01, 0xFF,
  0xFF, 0xFF, 0xFF, 0xC0, 0x00, 0xFF, 0xFF, 0xFF, 0xFF, 0xE0, 0x00, 0x7F,
  0xFF, 0xFF, 0xFF, 0xF8, 0x00, 0x3F, 0xFE, 0x00, 0x7F, 0xFC, 0x00, 0x1F,
  0xFF, 0x00, 0x1F, 0xFE, 0x00, 0x0F, 0xFF, 0x80, 0x0F, 0xFF, 0x80, 0x07,
  0xFF, 0xC0, 0x07, 0xFF, 0xC0, 0x03, 0xFF, 0xE0, 0x01, 0xFF, 0xE0, 0x01,
  0xFF, 0xF0, 0x00, 0xFF, 0xF8, 0x00, 0xFF, 0xF8, 0x00, 0x7F, 0xFC, 0x00,
  0x7F, 0xFC, 0x00, 0x3F, 0xFE, 0x00, 0x3F, 0xFE, 0x00, 0x0F, 0xFF, 0x00,
  0x1F, 0xFF, 0x00, 0x07, 0xFF, 0xC0, 0x0F, 0xFF, 0x80, 0x03, 0xFF, 0xE0,
  0x07, 0xFF, 0xC0, 0x00, 0xFF, 0xF0, 0x03, 0xFF, 0xE0, 0x00, 0x7F, 0xFC,
  0x01, 0xFF, 0xF0, 0x00, 0x3F, 0xFE, 0x00, 0xFF, 0xF8, 0x00, 0x1F, 0xFF,
  0x00, 0x7F, 0xFC, 0x00, 0x07, 0xFF, 0x80, 0x3F, 0xFE, 0x00, 0x03, 0xFF,
  0xE0, 0x1F, 0xFF, 0x00, 0x01, 0xFF, 0xF0, 0x0F, 0xFF, 0x80, 0x00, 0x7F,
  0xF8, 0x07, 0xFF, 0xC0, 0x00, 0x3F, 0xFE, 0x03, 0xFF, 0xE0, 0x00, 0x1F,
  0xFF, 0x01, 0xFF, 0xF0, 0x00, 0x0F, 0xFF, 0x80, 0xFF, 0xF8, 0x00, 0x03,
  0xFF, 0xC0, 0x7F, 0xFC, 0x00, 0x01, 0xFF, 0xF0, 0x3F, 0xFE, 0x00, 0x00,
  0xFF, 0xF8, 0x1F, 0xFF, 0x00, 0x00, 0x7F, 0xFC, 0x0F, 0xFF, 0x80, 0x00,
  0x1F, 0xFF, 0x07, 0xFF, 0xC0, 0x00, 0x0F, 0xFF, 0x83, 0xFF, 0xE0, 0x00,
  0x07, 0xFF, 0xC1, 0xFF, 0xF0, 0x00, 0x01, 0xFF, 0xE0, 0xFF, 0xF8, 0x00,
  0x00, 0xFF, 0xF8, 0x7F, 0xFC, 0x00, 0x00, 0x7F, 0xFC, 0x3F, 0xFE, 0x00,
  0x00, 0x3F, 0xFE, 0x1F, 0xFF, 0x00, 0x00, 0x0F, 0xFF, 0x8F, 0xFF, 0x80,
  0x00, 0x07, 0xFF, 0xC7, 0xFF, 0xC0, 0x00, 0x03, 0xFF, 0xE3, 0xFF, 0xE0,
  0x00, 0x00, 0xFF, 0xF1, 0xFF, 0xF0, 0x00, 0x00, 0x7F, 0xFC, 0xFF, 0xF8,
  0x00, 0x00, 0x3F, 0xFE, 0x7F, 0xFC, 0x00, 0x00, 0x1F, 0xFF, 0x3F, 0xFE,
  0x00, 0x00, 0x07, 0xFF, 0xDF, 0xFF, 0x00, 0x00, 0x03, 0xFF, 0xEF, 0xFF,
  0x80, 0x00, 0x01, 0xFF, 0xF7, 0xFF, 0xC0, 0x00, 0x00, 0xFF, 0xFB, 0xFF,
  0xE0, 0x00, 0x00, 0x3F, 0xFE, 0x00, 0x00, 0x7F, 0xF8, 0x00, 0x00, 0x00,
  0x07, 0xFF, 0xFF, 0x00, 0x00, 0x00, 0x1F, 0xFF, 0xFF, 0xE0, 0x00, 0x00,
  0x7F, 0xFF, 0xFF, 0xF8, 0x00, 0x01, 0xFF, 0xFF, 0xFF, 0xFC, 0x00, 0x03,
  0xFF, 0xFF, 0xFF, 0xFE, 0x00, 0x07, 0xFF, 0xFF, 0xFF, 0xFF, 0x00, 0x0F,
  0xFF, 0xFF, 0xFF, 0xFF, 0x80, 0x0F, 0xFF, 0xFF, 0xFF, 0xFF, 0xC0, 0x1F,
  0xFF, 0xFF, 0xFF, 0xFF, 0xC0, 0x3F, 0xFF, 0xC0, 0x3F, 0xFF, 0xE0, 0x3F,
  0xFF, 0x00, 0x0F, 0xFF, 0xE0, 0x3F, 0xFE, 0x00, 0x03, 0xFF, 0xF0, 0x7F,
  0xFC, 0x00, 0x01, 0xFF, 0xF0, 0x7F, 0xF8, 0x00, 0x01, 0xFF, 0xF0, 0x7F,
  0xF8, 0x00, 0x00, 0xFF, 0xF8, 0xFF, 0xF0, 0x00, 0x00, 0xFF, 0xF8, 0xFF,
  0xF0, 0x00, 0x00, 0x7F, 0xF8, 0xFF, 0xF0, 0x00, 0x00, 0x7F, 0xF8, 0xFF,
  0xF0, 0x00, 0x00, 0x7F, 0xFC, 0xFF, 0xF0, 0x00, 0x00, 0x3F, 0xFC, 0xFF,
  0xF0, 0x00, 0x00, 0x3F, 0xFC, 0xFF, 0xF0, 0x00, 0x00, 0x3F, 0xFC, 0xFF,
  0xF0, 0x00, 0x00, 0x3F, 0xFC, 0xFF, 0xF0, 0x00, 0x00, 0x3F, 0xFC, 0xFF,
  0xF8, 0x00, 0x00, 0x3F, 0xC0, 0xFF, 0xF8, 0x00, 0x00, 0x3E, 0x00, 0xFF,
  0xF8, 0x00, 0x00, 0x00, 0x00, 0xFF, 0xFC, 0x00, 0x00, 0x00, 0x00, 0x7F,
  0xFE, 0x00, 0x00, 0x00, 0x00, 0x7F, 0xFE, 0x00, 0x00, 0x00, 0x00, 0x7F,
  0xFF, 0x00, 0x00, 0x00, 0x00, 0x3F, 0xFF, 0x80, 0x00, 0x00, 0x00, 0x3F,
  0xFF, 0xC0, 0x00, 0x00, 0x00, 0x3F, 0xFF, 0xE0, 0x00, 0x00, 0x00, 0x1F,
  0xFF, 0xF8, 0x00, 0x00, 0x00, 0x1F, 0xFF, 0xFC, 0x00, 0x00, 0x00, 0x0F,
  0xFF, 0xFE, 0x00, 0x00, 0x00, 0x07, 0xFF, 0xFF, 0x00, 0x00, 0x00, 0x07,
  0xFF, 0xFF, 0x80, 0x00, 0x00, 0x03, 0xFF, 0xFF, 0xC0, 0x00, 0x00, 0x01,
  0xFF, 0xFF, 0xE0, 0x00, 0x00, 0x00, 0xFF, 0xFF, 0xF8, 0x00, 0x00, 0x00,
  0x7F, 0xFF, 0xFC, 0x00, 0x00, 0x00, 0x3F, 0xFF, 0xFE, 0x00, 0x00, 0x00,
  0x0F, 0xFF, 0xFF, 0x00, 0x00, 0x00, 0x07, 0xFF, 0xFF, 0x80, 0x00, 0x00,
  0x03, 0xFF, 0xFF, 0xC0, 0x00, 0x00, 0x01, 0xFF, 0xFF, 0xE0, 0x00, 0x00,
  0x00, 0xFF, 0xFF, 0xF0, 0x00, 0x00, 0x00, 0x7F, 0xFF, 0xF8, 0x00, 0x00,
  0x00, 0x3F, 0xFF, 0xFC, 0x00, 0x00, 0x00, 0x1F, 0xFF, 0xFE, 0x00, 0x00,
  0x00, 0x0F, 0xFF, 0xFF, 0x00, 0x00, 0x00, 0x03, 0xFF, 0xFF, 0x80, 0x00,
  0x00, 0x01, 0xFF, 0xFF, 0xC0, 0x00, 0x00, 0x00, 0xFF, 0xFF, 0xC0, 0x00,
  0x00, 0x00, 0x7F, 0xFF, 0xE0, 0x00, 0x00, 0x00, 0x3F, 0xFF, 0xF0, 0x00,
  0x00, 0x00, 0x1F, 0xFF, 0xF0, 0x00, 0x00, 0x00, 0x0F, 0xFF, 0xF8, 0x00,
  0x00, 0x00, 0x07, 0xFF, 0xF8, 0x00, 0x00, 0x00, 0x03, 0xFF, 0xFC, 0x00,
  0x00, 0x00, 0x01, 0xFF, 0xFC, 0x00, 0x00, 0x00, 0x01, 0xFF, 0xFE, 0x00,
  0x00, 0x00, 0x00, 0xFF, 0xFE, 0x00, 0x00, 0x00, 0x00, 0x7F, 0xFE, 0x00,
  0xF0, 0x00, 0x00, 0x7F, 0xFE, 0x0F, 0xF0, 0x00, 0x00, 0x3F, 0xFF, 0xFF,
  0xF0, 0x00, 0x00, 0x3F, 0xFF, 0xFF, 0xF0, 0x00, 0x00, 0x3F, 0xFF, 0xFF,
  0xF0, 0x00, 0x00, 0x1F, 0xFF, 0xFF, 0xF0, 0x00, 0x00, 0x1F, 0xFF, 0xFF,
  0xF8, 0x00, 0x00, 0x1F, 0xFF, 0xFF, 0xF8, 0x00, 0x00, 0x1F, 0xFF, 0xFF,
  0xF8, 0x00, 0x00, 0x1F, 0xFF, 0x7F, 0xF8, 0x00, 0x00, 0x1F, 0xFF, 0x7F,
  0xFC, 0x00, 0x00, 0x1F, 0xFF, 0x7F, 0xFC, 0x00, 0x00, 0x1F, 0xFF, 0x7F,
  0xFC, 0x00, 0x00, 0x1F, 0xFF, 0x3F, 0xFE, 0x00, 0x00, 0x3F, 0xFE, 0x3F,
  0xFE, 0x00, 0x00, 0x3F, 0xFE, 0x3F, 0xFF, 0x00, 0x00, 0x3F, 0xFE, 0x1F,
  0xFF, 0x80, 0x00, 0x7F, 0xFC, 0x1F, 0xFF, 0xC0, 0x00, 0xFF, 0xFC, 0x0F,
  0xFF, 0xE0, 0x01, 0xFF, 0xFC, 0x0F, 0xFF, 0xF8, 0x07, 0xFF, 0xF8, 0x07,
  0xFF, 0xFF, 0xFF, 0xFF, 0xF0, 0x03, 0xFF, 0xFF, 0xFF, 0xFF, 0xF0, 0x03,
  0xFF, 0xFF, 0xFF, 0xFF, 0xE0, 0x01, 0xFF, 0xFF, 0xFF, 0xFF, 0xC0, 0x00,
  0xFF, 0xFF, 0xFF, 0xFF, 0x80, 0x00, 0x3F, 0xFF, 0xFF, 0xFF, 0x00, 0x00,
  0x1F, 0xFF, 0xFF, 0xFC, 0x00, 0x00, 0x07, 0xFF, 0xFF, 0xF0, 0x00, 0x00,
  0x01, 0xFF, 0xFF, 0xC0, 0x00, 0x00, 0x00, 0x1F, 0xFC, 0x00, 0x00, 0xFF,
  0xFF, 0xFF, 0xFF, 0xFF, 0xFF, 0xFF, 0xFF, 0xFF, 0xFF, 0xFF, 0xFF, 0xFF,
  0xFF, 0xFF, 0xFF, 0xFF, 0xFF, 0xFF, 0xFF, 0xFF, 0xFF, 0xFF, 0xFF, 0xFF,
  0xFF, 0xFF, 0xFF, 0xFF, 0xFF, 0xFF, 0xFF, 0xFF, 0xFF, 0xFF, 0xFF, 0xFF,
  0xFF, 0xFF, 0xFF, 0xFF, 0xFF, 0xFF, 0xFF, 0xFF, 0xFF, 0xFF, 0xFF, 0xFF,
  0xFF, 0xFF, 0xFF, 0xFF, 0xFF, 0xFF, 0xFF, 0xC0, 0x00, 0x3F, 0xFE, 0x00,
  0x00, 0x00, 0x01, 0xFF, 0xF0, 0x00, 0x00, 0x00, 0x0F, 0xFF, 0x80, 0x00,
  0x00, 0x00, 0x7F, 0xFC, 0x00, 0x00, 0x00, 0x03, 0xFF, 0xE0, 0x00, 0x00,
  0x00, 0x1F, 0xFF, 0x00, 0x00, 0x00, 0x00, 0xFF, 0xF8, 0x00, 0x00, 0x00,
  0x07, 0xFF, 0xC0, 0x00, 0x00, 0x00, 0x3F, 0xFE, 0x00, 0x00, 0x00, 0x01,
  0xFF, 0xF0, 0x00, 0x00, 0x00, 0x0F, 0xFF, 0x80, 0x00, 0x00, 0x00, 0x7F,
  0xFC, 0x00, 0x00, 0x00, 0x03, 0xFF, 0xE0, 0x00, 0x00, 0x00, 0x1F, 0xFF,
  0x00, 0x00, 0x00, 0x00, 0xFF, 0xF8, 0x00, 0x00, 0x00, 0x07, 0xFF, 0xC0,
  0x00, 0x00, 0x00, 0x3F, 0xFE, 0x00, 0x00, 0x00, 0x01, 0xFF, 0xF0, 0x00,
  0x00, 0x00, 0x0F, 0xFF, 0x80, 0x00, 0x00, 0x00, 0x7F, 0xFC, 0x00, 0x00,
  0x00, 0x03, 0xFF, 0xE0, 0x00, 0x00, 0x00, 0x1F, 0xFF, 0x00, 0x00, 0x00,
  0x00, 0xFF, 0xF8, 0x00, 0x00, 0x00, 0x07, 0xFF, 0xC0, 0x00, 0x00, 0x00,
  0x3F, 0xFE, 0x00, 0x00, 0x00, 0x01, 0xFF, 0xF0, 0x00, 0x00, 0x00, 0x0F,
  0xFF, 0x80, 0x00, 0x00, 0x00, 0x7F, 0xFC, 0x00, 0x00, 0x00, 0x03, 0xFF,
  0xE0, 0x00, 0x00, 0x00, 0x1F, 0xFF, 0x00, 0x00, 0x00, 0x00, 0xFF, 0xF8,
  0x00, 0x00, 0x00, 0x07, 0xFF, 0xC0, 0x00, 0x00, 0x00, 0x3F, 0xFE, 0x00,
  0x00, 0x00, 0x01, 0xFF, 0xF0, 0x00, 0x00, 0x00, 0x0F, 0xFF, 0x80, 0x00,
  0x00, 0x00, 0x7F, 0xFC, 0x00, 0x00, 0x00, 0x03, 0xFF, 0xE0, 0x00, 0x00,
  0x00, 0x1F, 0xFF, 0x00, 0x00, 0x00, 0x00, 0xFF, 0xF8, 0x00, 0x00, 0x00,
  0x07, 0xFF, 0xC0, 0x00, 0x00, 0x00, 0x3F, 0xFE, 0x00, 0x00, 0x00, 0x01,
  0xFF, 0xF0, 0x00, 0x00, 0x00, 0x0F, 0xFF, 0x80, 0x00, 0x00, 0x00, 0x7F,
  0xFC, 0x00, 0x00, 0x00, 0x03, 0xFF, 0xE0, 0x00, 0x00, 0x00, 0x1F, 0xFF,
  0x00, 0x00, 0x00, 0x00, 0xFF, 0xF8, 0x00, 0x00, 0x00, 0x07, 0xFF, 0xC0,
  0x00, 0x00, 0x00, 0x3F, 0xFE, 0x00, 0x00, 0x00, 0x01, 0xFF, 0xF0, 0x00,
  0x00, 0x00, 0x0F, 0xFF, 0x80, 0x00, 0x00, 0x00, 0x7F, 0xFC, 0x00, 0x00,
  0x00, 0x03, 0xFF, 0xE0, 0x00, 0x00, 0x00, 0x1F, 0xFF, 0x00, 0x00, 0x00,
  0x00, 0xFF, 0xF8, 0x00, 0x00, 0x00, 0x07, 0xFF, 0xC0, 0x00, 0x00, 0x00,
  0x3F, 0xFE, 0x00, 0x00, 0x00, 0x01, 0xFF, 0xF0, 0x00, 0x00, 0x00, 0x0F,
  0xFF, 0x80, 0x00, 0x00, 0x00, 0x7F, 0xFC, 0x00, 0x00, 0x00, 0x03, 0xFF,
  0xE0, 0x00, 0x00, 0x00, 0x1F, 0xFF, 0x00, 0x00, 0x00, 0x00, 0xFF, 0xF8,
  0x00, 0x00, 0x00, 0x07, 0xFF, 0xC0, 0x00, 0x00, 0x00, 0x3F, 0xFE, 0x00,
  0x00, 0x00, 0x01, 0xFF, 0xF0, 0x00, 0x00, 0x00, 0x0F, 0xFF, 0x80, 0x00,
  0x00, 0x00, 0x7F, 0xFC, 0x00, 0x00, 0x00, 0x03, 0xFF, 0xE0, 0x00, 0x00,
  0x00, 0x1F, 0xFF, 0x00, 0x00, 0x00, 0x00, 0xFF, 0xF8, 0x00, 0x00, 0x00,
  0x07, 0xFF, 0xC0, 0x00, 0x00, 0x00, 0x3F, 0xFE, 0x00, 0x00, 0x00, 0x01,
  0xFF, 0xF0, 0x00, 0x00, 0x00, 0x0F, 0xFF, 0x80, 0x00, 0x00, 0x00, 0x7F,
  0xFC, 0x00, 0x00, 0x00, 0x03, 0xFF, 0xE0, 0x00, 0x00, 0x00, 0x1F, 0xFF,
  0x00, 0x00, 0x00, 0x00, 0xFF, 0xF8, 0x00, 0x00, 0x00, 0x07, 0xFF, 0xC0,
  0x00, 0x00, 0x00, 0x3F, 0xFE, 0x00, 0x00, 0x00, 0x01, 0xFF, 0xF0, 0x00,
  0x00, 0x00, 0x0F, 0xFF, 0x80, 0x00, 0x00, 0x00, 0x7F, 0xFC, 0x00, 0x00,
  0x00, 0x03, 0xFF, 0xE0, 0x00, 0x00, 0x00, 0x1F, 0xFF, 0x00, 0x00, 0xFF,
  0xF8, 0x00, 0x00, 0x03, 0xFF, 0xFF, 0xFF, 0x00, 0x00, 0x00, 0x7F, 0xFF,
  0xFF, 0xE0, 0x00, 0x00, 0x0F, 0xFF, 0xFF, 0xFC, 0x00, 0x00, 0x01, 0xFF,
  0xFF, 0xFF, 0x80, 0x00, 0x00, 0x3F, 0xFF, 0xFF, 0xF0, 0x00, 0x00, 0x07,
  0xFF, 0xFF, 0xFE, 0x00, 0x00, 0x00, 0xFF, 0xFF, 0xFF, 0xC0, 0x00, 0x00,
  0x1F, 0xFF, 0xFF, 0xF8, 0x00, 0x00, 0x03, 0xFF, 0xFF, 0xFF, 0x00, 0x00,
  0x00, 0x7F, 0xFF, 0xFF, 0xE0, 0x00, 0x00, 0x0F, 0xFF, 0xFF, 0xFC, 0x00,
  0x00, 0x01, 0xFF, 0xFF, 0xFF, 0x80, 0x00, 0x00, 0x3F, 0xFF, 0xFF, 0xF0,
  0x00, 0x00, 0x07, 0xFF, 0xFF, 0xFE, 0x00, 0x00, 0x00, 0xFF, 0xFF, 0xFF,
  0xC0, 0x00, 0x00, 0x1F, 0xFF, 0xFF, 0xF8, 0x00, 0x00, 0x03, 0xFF, 0xFF,
  0xFF, 0x00, 0x00, 0x00, 0x7F, 0xFF, 0xFF, 0xE0, 0x00, 0x00, 0x0F, 0xFF,
  0xFF, 0xFC, 0x00, 0x00, 0x01, 0xFF, 0xFF, 0xFF, 0x80, 0x00, 0x00, 0x3F,
  0xFF, 0xFF, 0xF0, 0x00, 0x00, 0x07, 0xFF, 0xFF, 0xFE, 0x00, 0x00, 0x00,
  0xFF, 0xFF, 0xFF, 0xC0, 0x00, 0x00, 0x1F, 0xFF, 0xFF, 0xF8, 0x00, 0x00,
  0x03, 0xFF, 0xFF, 0xFF, 0x00, 0x00, 0x00, 0x7F, 0xFF, 0xFF, 0xE0, 0x00,
  0x00, 0x0F, 0xFF, 0xFF, 0xFC, 0x00, 0x00, 0x01, 0xFF, 0xFF, 0xFF, 0x80,
  0x00, 0x00, 0x3F, 0xFF, 0xFF, 0xF0, 0x00, 0x00, 0x07, 0xFF, 0xFF, 0xFE,
  0x00, 0x00, 0x00, 0xFF, 0xFF, 0xFF, 0xC0, 0x00, 0x00, 0x1F, 0xFF, 0xFF,
  0xF8, 0x00, 0x00, 0x03, 0xFF, 0xFF, 0xFF, 0x00, 0x00, 0x00, 0x7F, 0xFF,
  0xFF, 0xE0, 0x00, 0x00, 0x0F, 0xFF, 0xFF, 0xFC, 0x00, 0x00, 0x01, 0xFF,
  0xFF, 0xFF, 0x80, 0x00, 0x00, 0x3F, 0xFF, 0xFF, 0xF0, 0x00, 0x00, 0x07,
  0xFF, 0xFF, 0xFE, 0x00, 0x00, 0x00, 0xFF, 0xFF, 0xFF, 0xC0, 0x00, 0x00,
  0x1F, 0xFF, 0xFF, 0xF8, 0x00, 0x00, 0x03, 0xFF, 0xFF, 0xFF, 0x00, 0x00,
  0x00, 0x7F, 0xFF, 0xFF, 0xE0, 0x00, 0x00, 0x0F, 0xFF, 0xFF, 0xFC, 0x00,
  0x00, 0x01, 0xFF, 0xFF, 0xFF, 0x80, 0x00, 0x00, 0x3F, 0xFF, 0xFF, 0xF0,
  0x00, 0x00, 0x07, 0xFF, 0xFF, 0xFE, 0x00, 0x00, 0x00, 0xFF, 0xFF, 0xFF,
  0xC0, 0x00, 0x00, 0x1F, 0xFF, 0xFF, 0xF8, 0x00, 0x00, 0x03, 0xFF, 0xFF,
  0xFF, 0x00, 0x00, 0x00, 0x7F, 0xFF, 0xFF, 0xE0, 0x00, 0x00, 0x0F, 0xFF,
  0xFF, 0xFC, 0x00, 0x00, 0x01, 0xFF, 0xFF, 0xFF, 0x80, 0x00, 0x00, 0x3F,
  0xFF, 0xFF, 0xF0, 0x00, 0x00, 0x07, 0xFF, 0xFF, 0xFE, 0x00, 0x00, 0x00,
  0xFF, 0xFF, 0xFF, 0xC0, 0x00, 0x00, 0x1F, 0xFF, 0xFF, 0xF8, 0x00, 0x00,
  0x03, 0xFF, 0xFF, 0xFF, 0x00, 0x00, 0x00, 0x7F, 0xFF, 0xFF, 0xE0, 0x00,
  0x00, 0x0F, 0xFF, 0xFF, 0xFC, 0x00, 0x00, 0x01, 0xFF, 0xFF, 0xFF, 0x80,
  0x00, 0x00, 0x3F, 0xFF, 0xFF, 0xF0, 0x00, 0x00, 0x07, 0xFF, 0xFF, 0xFE,
  0x00, 0x00, 0x00, 0xFF, 0xFF, 0xFF, 0xC0, 0x00, 0x00, 0x1F, 0xFF, 0xFF,
  0xF8, 0x00, 0x00, 0x03, 0xFF, 0xFF, 0xFF, 0x00, 0x00, 0x00, 0x7F, 0xFF,
  0xFF, 0xE0, 0x00, 0x00, 0x0F, 0xFF, 0xFF, 0xFC, 0x00, 0x00, 0x01, 0xFF,
  0xFF, 0xFF, 0x80, 0x00, 0x00, 0x3F, 0xFF, 0xFF, 0xF0, 0x00, 0x00, 0x07,
  0xFF, 0xFF, 0xFE, 0x00, 0x00, 0x00, 0xFF, 0xFF, 0xFF, 0xC0, 0x00, 0x00,
  0x1F, 0xFF, 0xFF, 0xF8, 0x00, 0x00, 0x03, 0xFF, 0xEF, 0xFF, 0x00, 0x00,
  0x00, 0x7F, 0xF9, 0xFF, 0xF0, 0x00, 0x00, 0x1F, 0xFF, 0x3F, 0xFE, 0x00,
  0x00, 0x03, 0xFF, 0xE7, 0xFF, 0xC0, 0x00, 0x00, 0x7F, 0xFC, 0xFF, 0xF8,
  0x00, 0x00, 0x0F, 0xFF, 0x9F, 0xFF, 0x00, 0x00, 0x01, 0xFF, 0xF1, 0xFF,
  0xF0, 0x00, 0x00, 0x7F, 0xFC, 0x3F, 0xFE, 0x00, 0x00, 0x0F, 0xFF, 0x87,
  0xFF, 0xE0, 0x00, 0x03, 0xFF, 0xF0, 0xFF, 0xFC, 0x00, 0x00, 0x7F, 0xFE,
  0x0F, 0xFF, 0xC0, 0x00, 0x1F, 0xFF, 0x81, 0xFF, 0xFC, 0x00, 0x07, 0xFF,
  0xF0, 0x1F, 0xFF, 0xC0, 0x01, 0xFF, 0xFC, 0x03, 0xFF, 0xFF, 0x00, 0xFF,
  0xFF, 0x80, 0x3F, 0xFF, 0xFF, 0xFF, 0xFF, 0xE0, 0x07, 0xFF, 0xFF, 0xFF,
  0xFF, 0xFC, 0x00, 0x7F, 0xFF, 0xFF, 0xFF, 0xFF, 0x00, 0x07, 0xFF, 0xFF,
  0xFF, 0xFF, 0xC0, 0x00, 0x7F, 0xFF, 0xFF, 0xFF, 0xF0, 0x00, 0x07, 0xFF,
  0xFF, 0xFF, 0xFC, 0x00, 0x00, 0x7F, 0xFF, 0xFF, 0xFF, 0x00, 0x00, 0x03,
  0xFF, 0xFF, 0xFF, 0x80, 0x00, 0x00, 0x0F, 0xFF, 0xFF, 0x80, 0x00, 0x00,
  0x00, 0x1F, 0xFF, 0x00, 0x00, 0x00, 0xFF, 0xF0, 0x00, 0x00, 0x00, 0x3F,
  0xFF, 0xFF, 0xC0, 0x00, 0x00, 0x01, 0xFF, 0xEF, 0xFF, 0x80, 0x00, 0x00,
  0x07, 0xFF, 0xBF, 0xFE, 0x00, 0x00, 0x00, 0x1F, 0xFE, 0x7F, 0xF8, 0x00,
  0x00, 0x00, 0x7F, 0xF9, 0xFF, 0xE0, 0x00, 0x00, 0x03, 0xFF, 0xE7, 0xFF,
  0x80, 0x00, 0x00, 0x0F, 0xFF, 0x1F, 0xFF, 0x00, 0x00, 0x00, 0x3F, 0xFC,
  0x7F, 0xFC, 0x00, 0x00, 0x00, 0xFF, 0xF0, 0xFF, 0xF0, 0x00, 0x00, 0x03,
  0xFF, 0xC3, 0xFF, 0xC0, 0x00, 0x00, 0x1F, 0xFE, 0x0F, 0xFF, 0x80, 0x00,
  0x00, 0x7F, 0xF8, 0x3F, 0xFE, 0x00, 0x00, 0x01, 0xFF, 0xE0, 0x7F, 0xF8,
  0x00, 0x00, 0x07, 0xFF, 0x81, 0xFF, 0xE0, 0x00, 0x00, 0x1F, 0xFE, 0x07,
  0xFF, 0x80, 0x00, 0x00, 0xFF, 0xF0, 0x1F, 0xFF, 0x00, 0x00, 0x03, 0xFF,
  0xC0, 0x7F, 0xFC, 0x00, 0x00, 0x0F, 0xFF, 0x00, 0xFF, 0xF0, 0x00, 0x00,
  0x3F, 0xFC, 0x03, 0xFF, 0xC0, 0x00, 0x00, 0xFF, 0xE0, 0x0F, 0xFF, 0x00,
  0x00, 0x07, 0xFF, 0x80, 0x3F, 0xFE, 0x00, 0x00, 0x1F, 0xFE, 0x00, 0x7F,
  0xF8, 0x00, 0x00, 0x7F, 0xF8, 0x01, 0xFF, 0xE0, 0x00, 0x01, 0xFF, 0xE0,
  0x07, 0xFF, 0x80, 0x00, 0x07, 0xFF, 0x00, 0x1F, 0xFF, 0x00, 0x00, 0x3F,
  0xFC, 0x00, 0x7F, 0xFC, 0x00, 0x00, 0xFF, 0xF0, 0x00, 0xFF, 0xF0, 0x00,
  0x03, 0xFF, 0xC0, 0x03, 0xFF, 0xC0, 0x00, 0x0F, 0xFE, 0x00, 0x0F, 0xFF,
  0x00, 0x00, 0x3F, 0xF8, 0x00, 0x3F, 0xFE, 0x00, 0x01, 0xFF, 0xE0, 0x00,
  0x7F, 0xF8, 0x00, 0x07, 0xFF, 0x80, 0x01, 0xFF, 0xE0, 0x00, 0x1F, 0xFE,
  0x00, 0x07, 0xFF, 0x80, 0x00, 0x7F, 0xF0, 0x00, 0x1F, 0xFE, 0x00, 0x01,
  0xFF, 0xC0, 0x00, 0x7F, 0xFC, 0x00, 0x0F, 0xFF, 0x00, 0x00, 0xFF, 0xF0,
  0x00, 0x3F, 0xFC, 0x00, 0x03, 0xFF, 0xC0, 0x00, 0xFF, 0xF0, 0x00, 0x0F,
  0xFF, 0x00, 0x03, 0xFF, 0x80, 0x00, 0x3F, 0xFC, 0x00, 0x0F, 0xFE, 0x00,
  0x00, 0x7F, 0xF8, 0x00, 0x7F, 0xF8, 0x00, 0x01, 0xFF, 0xE0, 0x01, 0xFF,
  0xE0, 0x00, 0x07, 0xFF, 0x80, 0x07, 0xFF, 0x00, 0x00, 0x1F, 0xFE, 0x00,
  0x1F, 0xFC, 0x00, 0x00, 0x7F, 0xFC, 0x00, 0x7F, 0xF0, 0x00, 0x00, 0xFF,
  0xF0, 0x03, 0xFF, 0xC0, 0x00, 0x03, 0xFF, 0xC0, 0x0F, 0xFF, 0x00, 0x00,
  0x0F, 0xFF, 0x00, 0x3F, 0xF8, 0x00, 0x00, 0x3F, 0xFC, 0x00, 0xFF, 0xE0,
  0x00, 0x00, 0x7F, 0xF8, 0x03, 0xFF, 0x80, 0x00, 0x01, 0xFF, 0xE0, 0x1F,
  0xFE, 0x00, 0x00, 0x07, 0xFF, 0x80, 0x7F, 0xF0, 0x00, 0x00, 0x1F, 0xFE,
  0x01, 0xFF, 0xC0, 0x00, 0x00, 0x3F, 0xF8, 0x07, 0xFF, 0x00, 0x00, 0x00,
  0xFF, 0xF0, 0x1F, 0xFC, 0x00, 0x00, 0x03, 0xFF, 0xC0, 0xFF, 0xF0, 0x00,
  0x00, 0x0F, 0xFF, 0x03, 0xFF, 0x80, 0x00, 0x00, 0x3F, 0xFC, 0x0F, 0xFE,
  0x00, 0x00, 0x00, 0x7F, 0xF8, 0x3F, 0xF8, 0x00, 0x00, 0x01, 0xFF, 0xE0,
  0xFF, 0xE0, 0x00, 0x00, 0x07, 0xFF, 0x87, 0xFF, 0x00, 0x00, 0x00, 0x1F,
  0xFE, 0x1F, 0xFC, 0x00, 0x00, 0x00, 0x3F, 0xF8, 0x7F, 0xF0, 0x00, 0x00,
  0x00, 0xFF, 0xF1, 0xFF, 0xC0, 0x00, 0x00, 0x03, 0xFF, 0xCF, 0xFF, 0x00,
  0x00, 0x00, 0x0F, 0xFF, 0x3F, 0xF8, 0x00, 0x00, 0x00, 0x3F, 0xFC, 0xFF,
  0xE0, 0x00, 0x00, 0x00, 0x7F, 0xF3, 0xFF, 0x80, 0x00, 0x00, 0x01, 0xFF,
  0xEF, 0xFE, 0x00, 0x00, 0x00, 0x07, 0xFF, 0xFF, 0xF0, 0x00, 0x00, 0x00,
  0x1F, 0xFF, 0xFF, 0xC0, 0x00, 0x00, 0x00, 0x3F, 0xFF, 0xFF, 0x00, 0x00,
  0x00, 0x00, 0xFF, 0xFF, 0xFC, 0x00, 0x00, 0x00, 0x03, 0xFF, 0xFF, 0xF0,
  0x00, 0x00, 0x00, 0x0F, 0xFF, 0xFF, 0x80, 0x00, 0x00, 0x00, 0x3F, 0xFF,
  0xFE, 0x00, 0x00, 0x00, 0x00, 0x7F, 0xFF, 0xF8, 0x00, 0x00, 0x00, 0x01,
  0xFF, 0xFF, 0xE0, 0x00, 0x00, 0x00, 0x07, 0xFF, 0xFF, 0x00, 0x00, 0x00,
  0x00, 0x1F, 0xFF, 0xFC, 0x00, 0x00, 0x00, 0x00, 0x3F, 0xFF, 0xF0, 0x00,
  0x00, 0x00, 0x00, 0xFF, 0xFF, 0xC0, 0x00, 0x00, 0x00, 0x03, 0xFF, 0xFF,
  0x00, 0x00, 0x00, 0x00, 0x0F, 0xFF, 0xF8, 0x00, 0x00, 0x00, 0x00, 0x3F,
  0xFF, 0xE0, 0x00, 0x00, 0x00, 0x00, 0x7F, 0xFF, 0x80, 0x00, 0x00, 0x00,
  0x01, 0xFF, 0xFE, 0x00, 0x00, 0x00, 0x00, 0x07, 0xFF, 0xF0, 0x00, 0x00,
  0x00, 0x00, 0x1F, 0xFF, 0xC0, 0x00, 0x00, 0x00, 0x00, 0x3F, 0xFF, 0x00,
  0x00, 0x00, 0x00, 0x00, 0xFF, 0xFC, 0x00, 0x00, 0x00, 0x00, 0x03, 0xFF,
  0xF0, 0x00, 0x00, 0x00, 0x00, 0x0F, 0xFF, 0x80, 0x00, 0x00, 0x00, 0x00,
  0x3F, 0xFE, 0x00, 0x00, 0x00, 0x00, 0x00, 0x7F, 0xF8, 0x00, 0x00, 0x00,
  0x00, 0x01, 0xFF, 0xE0, 0x00, 0x00, 0xFF, 0xE0, 0x00, 0x00, 0x00, 0x00,
  0x00, 0x00, 0x1F, 0xFF, 0xFF, 0x00, 0x00, 0x01, 0xFF, 0x80, 0x00, 0x01,
  0xFF, 0xDF, 0xFC, 0x00, 0x00, 0x0F, 0xFC, 0x00, 0x00, 0x0F, 0xFE, 0xFF,
  0xE0, 0x00, 0x00, 0x7F, 0xE0, 0x00, 0x00, 0x7F, 0xF7, 0xFF, 0x00, 0x00,
  0x03, 0xFF, 0x00, 0x00, 0x03, 0xFF, 0xBF, 0xF8, 0x00, 0x00, 0x3F, 0xFC,
  0x00, 0x00, 0x1F, 0xFD, 0xFF, 0xC0, 0x00, 0x01, 0xFF, 0xE0, 0x00, 0x00,
  0xFF, 0xCF, 0xFE, 0x00, 0x00, 0x0F, 0xFF, 0x00, 0x00, 0x07, 0xFE, 0x3F,
  0xF0, 0x00, 0x00, 0x7F, 0xF8, 0x00, 0x00, 0x7F, 0xF1, 0xFF, 0xC0, 0x00,
  0x03, 0xFF, 0xC0, 0x00, 0x03, 0xFF, 0x8F, 0xFE, 0x00, 0x00, 0x1F, 0xFE,
  0x00, 0x00, 0x1F, 0xFC, 0x7F, 0xF0, 0x00, 0x01, 0xFF, 0xF8, 0x00, 0x00,
  0xFF, 0xE3, 0xFF, 0x80, 0x00, 0x0F, 0xFF, 0xC0, 0x00, 0x07, 0xFF, 0x1F,
  0xFC, 0x00, 0x00, 0x7F, 0xFE, 0x00, 0x00, 0x3F, 0xF0, 0x7F, 0xE0, 0x00,
  0x03, 0xFF, 0xF0, 0x00, 0x01, 0xFF, 0x83, 0xFF, 0x80, 0x00, 0x1F, 0xFF,
  0x80, 0x00, 0x1F, 0xFC, 0x1F, 0xFC, 0x00, 0x01, 0xFF, 0xFE, 0x00, 0x00,
  0xFF, 0xE0, 0xFF, 0xE0, 0x00, 0x0F, 0xFF, 0xF0, 0x00, 0x07, 0xFF, 0x07,
  0xFF, 0x00, 0x00, 0x7F, 0xFF, 0x80, 0x00, 0x3F, 0xF8, 0x3F, 0xF8, 0x00,
  0x03, 0xFF, 0xFC, 0x00, 0x01, 0xFF, 0x81, 0xFF, 0xC0, 0x00, 0x1F, 0xFF,
  0xE0, 0x00, 0x0F, 0xFC, 0x07, 0xFE, 0x00, 0x01, 0xFF, 0xFF, 0x80, 0x00,
  0x7F, 0xE0, 0x3F, 0xF8, 0x00, 0x0F, 0xFF, 0xFC, 0x00, 0x07, 0xFF, 0x01,
  0xFF, 0xC0, 0x00, 0x7F, 0xFF, 0xE0, 0x00, 0x3F, 0xF8, 0x0F, 0xFE, 0x00,
  0x03, 0xFF, 0xFF, 0x00, 0x01, 0xFF, 0xC0, 0x7F, 0xF0, 0x00, 0x1F, 0xFF,
  0xF8, 0x00, 0x0F, 0xFC, 0x03, 0xFF, 0x80, 0x00, 0xFF, 0xFF, 0xE0, 0x00,
  0x7F, 0xE0, 0x0F, 0xFC, 0x00, 0x0F, 0xFD, 0xFF, 0x00, 0x03, 0xFF, 0x00,
  0x7F, 0xE0, 0x00, 0x7F, 0xEF, 0xF8, 0x00, 0x1F, 0xF8, 0x03, 0xFF, 0x80,
  0x03, 0xFE, 0x7F, 0xC0, 0x01, 0xFF, 0xC0, 0x1F, 0xFC, 0x00, 0x1F, 0xF3,
  0xFE, 0x00, 0x0F, 0xFE, 0x00, 0xFF, 0xE0, 0x00, 0xFF, 0x9F, 0xF0, 0x00,
  0x7F, 0xE0, 0x07, 0xFF, 0x00, 0x0F, 0xFC, 0x7F, 0xC0, 0x03, 0xFF, 0x00,
  0x1F, 0xF8, 0x00, 0x7F, 0xE3, 0xFE, 0x00, 0x1F, 0xF8, 0x00, 0xFF, 0xC0,
  0x03, 0xFF, 0x1F, 0xF0, 0x00, 0xFF, 0xC0, 0x07, 0xFE, 0x00, 0x1F, 0xF0,
  0xFF, 0x80, 0x07, 0xFE, 0x00, 0x3F, 0xF8, 0x00, 0xFF, 0x87, 0xFC, 0x00,
  0x7F, 0xF0, 0x01, 0xFF, 0xC0, 0x0F, 0xFC, 0x1F, 0xF0, 0x03, 0xFF, 0x80,
  0x0F, 0xFE, 0x00, 0x7F, 0xE0, 0xFF, 0x80, 0x1F, 0xF8, 0x00, 0x3F, 0xF0,
  0x03, 0xFF, 0x07, 0xFC, 0x00, 0xFF, 0xC0, 0x01, 0xFF, 0x80, 0x1F, 0xF0,
  0x3F, 0xE0, 0x07, 0xFE, 0x00, 0x0F, 0xFC, 0x00, 0xFF, 0x81, 0xFF, 0x00,
  0x3F, 0xF0, 0x00, 0x7F, 0xF0, 0x0F, 0xFC, 0x0F, 0xFC, 0x01, 0xFF, 0x80,
  0x03, 0xFF, 0x80, 0x7F, 0xE0, 0x3F, 0xE0, 0x1F, 0xFC, 0x00, 0x1F, 0xFC,
  0x03, 0xFF, 0x01, 0xFF, 0x00, 0xFF, 0xC0, 0x00, 0x7F, 0xE0, 0x1F, 0xF0,
  0x0F, 0xF8, 0x07, 0xFE, 0x00, 0x03, 0xFF, 0x00, 0xFF, 0x80, 0x7F, 0xC0,
  0x3F, 0xF0, 0x00, 0x1F, 0xF8, 0x07, 0xFC, 0x03, 0xFE, 0x01, 0xFF, 0x80,
  0x00, 0xFF, 0xC0, 0x7F, 0xE0, 0x0F, 0xF8, 0x0F, 0xFC, 0x00, 0x07, 0xFF,
  0x03, 0xFF, 0x00, 0x7F, 0xC0, 0x7F, 0xE0, 0x00, 0x3F, 0xF8, 0x1F, 0xF0,
  0x03, 0xFE, 0x07, 0xFE, 0x00, 0x00, 0xFF, 0xC0, 0xFF, 0x80, 0x1F, 0xF0,
  0x3F, 0xF0, 0x00, 0x07, 0xFE, 0x07, 0xFC, 0x00, 0xFF, 0x81, 0xFF, 0x80,
  0x00, 0x3F, 0xF0, 0x7F, 0xE0, 0x03, 0xFE, 0x0F, 0xFC, 0x00, 0x01, 0xFF,
  0x83, 0xFF, 0x00, 0x1F, 0xF0, 0x7F, 0xE0, 0x00, 0x0F, 0xFC, 0x1F, 0xF8,
  0x00, 0xFF, 0x83, 0xFF, 0x00, 0x00, 0x7F, 0xF0, 0xFF, 0x80, 0x07, 0xFC,
  0x3F, 0xF0, 0x00, 0x03, 0xFF, 0x87, 0xFC, 0x00, 0x3F, 0xE1, 0xFF, 0x80,
  0x00, 0x0F, 0xFC, 0x7F, 0xE0, 0x01, 0xFF, 0x8F, 0xFC, 0x00, 0x00, 0x7F,
  0xE3, 0xFF, 0x00, 0x07, 0xFC, 0x7F, 0xE0, 0x00, 0x03, 0xFF, 0x1F, 0xF8,
  0x00, 0x3F, 0xE3, 0xFF, 0x00, 0x00, 0x1F, 0xF8, 0xFF, 0x80, 0x01, 0xFF,
  0x1F, 0xF8, 0x00, 0x00, 0xFF, 0xE7, 0xFC, 0x00, 0x0F, 0xF8, 0xFF, 0xC0,
  0x00, 0x07, 0xFF, 0x3F, 0xE0, 0x00, 0x7F, 0xCF, 0xFC, 0x00, 0x00, 0x1F,
  0xFB, 0xFF, 0x00, 0x01, 0xFF, 0x7F, 0xE0, 0x00, 0x00, 0xFF, 0xDF, 0xF8,
  0x00, 0x0F, 0xFB, 0xFF, 0x00, 0x00, 0x07, 0xFE, 0xFF, 0x80, 0x00, 0x7F,
  0xDF, 0xF8, 0x00, 0x00, 0x3F, 0xF7, 0xFC, 0x00, 0x03, 0xFE, 0xFF, 0xC0,
  0x00, 0x01, 0xFF, 0xBF, 0xE0, 0x00, 0x1F, 0xF7, 0xFE, 0x00, 0x00, 0x0F,
  0xFF, 0xFF, 0x00, 0x00, 0x7F, 0xFF, 0xE0, 0x00, 0x00, 0x3F, 0xFF, 0xF8,
  0x00, 0x03, 0xFF, 0xFF, 0x00, 0x00, 0x01, 0xFF, 0xFF, 0xC0, 0x00, 0x1F,
  0xFF, 0xF8, 0x00, 0x00, 0x0F, 0xFF, 0xFC, 0x00, 0x00, 0xFF, 0xFF, 0xC0,
  0x00, 0x00, 0x7F, 0xFF, 0xE0, 0x00, 0x07, 0xFF, 0xFE, 0x00, 0x00, 0x03,
  0xFF, 0xFF, 0x00, 0x00, 0x3F, 0xFF, 0xF0, 0x00, 0x00, 0x1F, 0xFF, 0xF8,
  0x00, 0x00, 0xFF, 0xFF, 0x00, 0x00, 0x00, 0x7F, 0xFF, 0xC0, 0x00, 0x07,
  0xFF, 0xF8, 0x00, 0x00, 0x03, 0xFF, 0xFC, 0x00, 0x00, 0x3F, 0xFF, 0xC0,
  0x00, 0x00, 0x1F, 0xFF, 0xE0, 0x00, 0x01, 0xFF, 0xFE, 0x00, 0x00, 0x00,
  0xFF, 0xFF, 0x00, 0x00, 0x0F, 0xFF, 0xF0, 0x00, 0x00, 0x07, 0xFF, 0xF8,
  0x00, 0x00, 0x3F, 0xFF, 0x80, 0x00, 0x00, 0x3F, 0xFF, 0xC0, 0x00, 0x01,
  0xFF, 0xF8, 0x00, 0x00, 0x00, 0xFF, 0xFC, 0x00, 0x00, 0x0F, 0xFF, 0xC0,
  0x00, 0x00, 0x07, 0xFF, 0xE0, 0x00, 0x00, 0x7F, 0xFE, 0x00, 0x00, 0x00,
  0x3F, 0xFF, 0x00, 0x00, 0x03, 0xFF, 0xF0, 0x00, 0x00, 0x01, 0xFF, 0xF8,
  0x00, 0x00, 0x0F, 0xFF, 0x80, 0x00, 0x00, 0x0F, 0xFF, 0xC0, 0x00, 0x00,
  0x7F, 0xFC, 0x00, 0x00, 0x00, 0x7F, 0xFC, 0x00, 0x00, 0x03, 0xFF, 0xE0,
  0x00, 0x00, 0x01, 0xFF, 0xE0, 0x00, 0x00, 0x1F, 0xFE, 0x00, 0x00, 0x00,
  0x0F, 0xFF, 0x00, 0x00, 0x00, 0xFF, 0xF0, 0x00, 0x00, 0x00, 0x7F, 0xF8,
  0x00, 0x00, 0x07, 0xFF, 0x80, 0x00, 0x00, 0x03, 0xFF, 0xC0, 0x00, 0x00,
  0x1F, 0xFC, 0x00, 0x00, 0x00, 0x1F, 0xFE, 0x00, 0x00, 0x00, 0xFF, 0xE0,
  0x00, 0x00, 0x00, 0xFF, 0xE0, 0x00, 0x00, 0x07, 0xFF, 0x00, 0x00, 0x00,
  0x07, 0xFF, 0x00, 0x00, 0x00, 0x3F, 0xF0, 0x00, 0x00, 0x00, 0x1F, 0xF8,
  0x00, 0x00, 0x01, 0xFF, 0x80, 0x00, 0xFF, 0xF0, 0x00, 0x00, 0x00, 0xFF,
  0xF3, 0xFF, 0xC0, 0x00, 0x00, 0x0F, 0xFF, 0x9F, 0xFE, 0x00, 0x00, 0x00,
  0x7F, 0xF8, 0xFF, 0xF8, 0x00, 0x00, 0x07, 0xFF, 0xC3, 0xFF, 0xC0, 0x00,
  0x00, 0x3F, 0xFC, 0x1F, 0xFF, 0x00, 0x00, 0x01, 0xFF, 0xE0, 0x7F, 0xF8,
  0x00, 0x00, 0x1F, 0xFE, 0x03, 0xFF, 0xC0, 0x00, 0x00, 0xFF, 0xF0, 0x0F,
  0xFF, 0x00, 0x00, 0x0F, 0xFF, 0x80, 0x7F, 0xF8, 0x00, 0x00, 0x7F, 0xF8,
  0x03, 0xFF, 0xE0, 0x00, 0x03, 0xFF, 0xC0, 0x0F, 0xFF, 0x00, 0x00, 0x3F,
  0xFC, 0x00, 0x7F, 0xFC, 0x00, 0x01, 0xFF, 0xE0, 0x01, 0xFF, 0xE0, 0x00,
  0x0F, 0xFE, 0x00, 0x0F, 0xFF, 0x00, 0x00, 0xFF, 0xF0, 0x00, 0x3F, 0xFC,
  0x00, 0x07, 0xFF, 0x80, 0x01, 0xFF, 0xE0, 0x00, 0x7F, 0xF8, 0x00, 0x0F,
  0xFF, 0x80, 0x03, 0xFF, 0xC0, 0x00, 0x3F, 0xFC, 0x00, 0x1F, 0xFC, 0x00,
  0x01, 0xFF, 0xF0, 0x01, 0xFF, 0xE0, 0x00, 0x07, 0xFF, 0x80, 0x0F, 0xFE,
  0x00, 0x00, 0x3F, 0xFC, 0x00, 0xFF, 0xF0, 0x00, 0x00, 0xFF, 0xF0, 0x07,
  0xFF, 0x00, 0x00, 0x07, 0xFF, 0x80, 0x3F, 0xF8, 0x00, 0x00, 0x3F, 0xFE,
  0x03, 0xFF, 0xC0, 0x00, 0x00, 0xFF, 0xF0, 0x1F, 0xFC, 0x00, 0x00, 0x07,
  0xFF, 0xC1, 0xFF, 0xE0, 0x00, 0x00, 0x1F, 0xFE, 0x0F, 0xFE, 0x00, 0x00,
  0x00, 0xFF, 0xF8, 0x7F, 0xF0, 0x00, 0x00, 0x03, 0xFF, 0xC7, 0xFF, 0x00,
  0x00, 0x00, 0x1F, 0xFE, 0x3F, 0xF8, 0x00, 0x00, 0x00, 0xFF, 0xFB, 0xFF,
  0xC0, 0x00, 0x00, 0x03, 0xFF, 0xDF, 0xFC, 0x00, 0x00, 0x00, 0x1F, 0xFF,
  0xFF, 0xE0, 0x00, 0x00, 0x00, 0x7F, 0xFF, 0xFE, 0x00, 0x00, 0x00, 0x03,
  0xFF, 0xFF, 0xF0, 0x00, 0x00, 0x00, 0x0F, 0xFF, 0xFF, 0x00, 0x00, 0x00,
  0x00, 0x7F, 0xFF, 0xF8, 0x00, 0x00, 0x00, 0x03, 0xFF, 0xFF, 0xC0, 0x00,
  0x00, 0x00, 0x0F, 0xFF, 0xFC, 0x00, 0x00, 0x00, 0x00, 0x7F, 0xFF, 0xE0,
  0x00, 0x00, 0x00, 0x01, 0xFF, 0xFE, 0x00, 0x00, 0x00, 0x00, 0x0F, 0xFF,
  0xF0, 0x00, 0x00, 0x00, 0x00, 0x3F, 0xFF, 0x00, 0x00, 0x00, 0x00, 0x01,
  0xFF, 0xF8, 0x00, 0x00, 0x00, 0x00, 0x0F, 0xFF, 0xC0, 0x00, 0x00, 0x00,
  0x00, 0x7F, 0xFC, 0x00, 0x00, 0x00, 0x00, 0x07, 0xFF, 0xF0, 0x00, 0x00,
  0x00, 0x00, 0x3F, 0xFF, 0x80, 0x00, 0x00, 0x00, 0x01, 0xFF, 0xFE, 0x00,
  0x00, 0x00, 0x00, 0x1F, 0xFF, 0xF0, 0x00, 0x00, 0x00, 0x00, 0xFF, 0xFF,
  0x80, 0x00, 0x00, 0x00, 0x0F, 0xFF, 0xFE, 0x00, 0x00, 0x00, 0x00, 0x7F,
  0xFF, 0xF0, 0x00, 0x00, 0x00, 0x03, 0xFF, 0xFF, 0xC0, 0x00, 0x00, 0x00,
  0x3F, 0xFF, 0xFE, 0x00, 0x00, 0x00, 0x01, 0xFF, 0xFF, 0xF8, 0x00, 0x00,
  0x00, 0x1F, 0xFF, 0xFF, 0xC0, 0x00, 0x00, 0x00, 0xFF, 0xFF, 0xFE, 0x00,
  0x00, 0x00, 0x07, 0xFF, 0xFF, 0xF8, 0x00, 0x00, 0x00, 0x7F, 0xFB, 0xFF,
  0xC0, 0x00, 0x00, 0x03, 0xFF, 0x9F, 0xFF, 0x00, 0x00, 0x00, 0x3F, 0xFC,
  0x7F, 0xF8, 0x00, 0x00, 0x01, 0xFF, 0xE3, 0xFF, 0xE0, 0x00, 0x00, 0x0F,
  0xFE, 0x0F, 0xFF, 0x00, 0x00, 0x00, 0xFF, 0xF0, 0x7F, 0xF8, 0x00, 0x00,
  0x07, 0xFF, 0x83, 0xFF, 0xE0, 0x00, 0x00, 0x7F, 0xF8, 0x0F, 0xFF, 0x00,
  0x00, 0x03, 0xFF, 0xC0, 0x7F, 0xFC, 0x00, 0x00, 0x1F, 0xFC, 0x01, 0xFF,
  0xE0, 0x00, 0x01, 0xFF, 0xE0, 0x0F, 0xFF, 0x80, 0x00, 0x0F, 0xFF, 0x00,
  0x3F, 0xFC, 0x00, 0x00, 0x7F, 0xF0, 0x01, 0xFF, 0xE0, 0x00, 0x07, 0xFF,
  0x80, 0x0F, 0xFF, 0x80, 0x00, 0x3F, 0xFC, 0x00, 0x3F, 0xFC, 0x00, 0x03,
  0xFF, 0xC0, 0x01, 0xFF, 0xF0, 0x00, 0x1F, 0xFE, 0x00, 0x07, 0xFF, 0x80,
  0x00, 0xFF, 0xE0, 0x00, 0x3F, 0xFE, 0x00, 0x0F, 0xFF, 0x00, 0x00, 0xFF,
  0xF0, 0x00, 0x7F, 0xF8, 0x00, 0x07, 0xFF, 0x80, 0x07, 0xFF, 0x80, 0x00,
  0x3F, 0xFE, 0x00, 0x3F, 0xFC, 0x00, 0x00, 0xFF, 0xF0, 0x01, 0xFF, 0xE0,
  0x00, 0x07, 0xFF, 0xC0, 0x1F, 0xFE, 0x00, 0x00, 0x1F, 0xFE, 0x00, 0xFF,
  0xF0, 0x00, 0x00, 0xFF, 0xF8, 0x0F, 0xFF, 0x00, 0x00, 0x03, 0xFF, 0xC0,
  0x7F, 0xF8, 0x00, 0x00, 0x1F, 0xFE, 0x03, 0xFF, 0xC0, 0x00, 0x00, 0x7F,
  0xF8, 0x3F, 0xFC, 0x00, 0x00, 0x03, 0xFF, 0xC1, 0xFF, 0xE0, 0x00, 0x00,
  0x1F, 0xFF, 0x1F, 0xFF, 0x00, 0x00, 0x00, 0x7F, 0xF8, 0xFF, 0xF0, 0x00,
  0x00, 0x03, 0xFF, 0xE7, 0xFF, 0x80, 0x00, 0x00, 0x0F, 0xFF, 0x7F, 0xF8,
  0x00, 0x00, 0x00, 0x7F, 0xFB, 0xFF, 0xC0, 0x00, 0x00, 0x01, 0xFF, 0xE0,
  0xFF, 0xF8, 0x00, 0x00, 0x00, 0x3F, 0xFD, 0xFF, 0xE0, 0x00, 0x00, 0x00,
  0xFF, 0xF7, 0xFF, 0x80, 0x00, 0x00, 0x07, 0xFF, 0xDF, 0xFF, 0x00, 0x00,
  0x00, 0x1F, 0xFE, 0x3F, 0xFC, 0x00, 0x00, 0x00, 0x7F, 0xF8, 0xFF, 0xF0,
  0x00, 0x00, 0x03, 0xFF, 0xE3, 0xFF, 0xE0, 0x00, 0x00, 0x0F, 0xFF, 0x07,
  0xFF, 0x80, 0x00, 0x00, 0x3F, 0xFC, 0x1F, 0xFE, 0x00, 0x00, 0x01, 0xFF,
  0xF0, 0x7F, 0xFC, 0x00, 0x00, 0x07, 0xFF, 0x80, 0xFF, 0xF0, 0x00, 0x00,
  0x1F, 0xFE, 0x03, 0xFF, 0xC0, 0x00, 0x00, 0x7F, 0xF8, 0x0F, 0xFF, 0x80,
  0x00, 0x03, 0xFF, 0xC0, 0x1F, 0xFE, 0x00, 0x00, 0x0F, 0xFF, 0x00, 0x7F,
  0xF8, 0x00, 0x00, 0x3F, 0xFC, 0x01, 0xFF, 0xF0, 0x00, 0x01, 0xFF, 0xF0,
  0x03, 0xFF, 0xC0, 0x00, 0x07, 0xFF, 0x80, 0x0F, 0xFF, 0x00, 0x00, 0x1F,
  0xFE, 0x00, 0x3F, 0xFE, 0x00, 0x00, 0xFF, 0xF8, 0x00, 0x7F, 0xF8, 0x00,
  0x03, 0xFF, 0xC0, 0x01, 0xFF, 0xE0, 0x00, 0x0F, 0xFF, 0x00, 0x07, 0xFF,
  0x80, 0x00, 0x7F, 0xFC, 0x00, 0x0F, 0xFF, 0x00, 0x01, 0xFF, 0xE0, 0x00,
  0x3F, 0xFC, 0x00, 0x07, 0xFF, 0x80, 0x00, 0xFF, 0xF0, 0x00, 0x3F, 0xFE,
  0x00, 0x01, 0xFF, 0xE0, 0x00, 0xFF, 0xF0, 0x00, 0x07, 0xFF, 0x80, 0x03,
  0xFF, 0xC0, 0x00, 0x1F, 0xFE, 0x00, 0x1F, 0xFF, 0x00, 0x00, 0x3F, 0xFC,
  0x00, 0x7F, 0xF8, 0x00, 0x00, 0xFF, 0xF0, 0x01, 0xFF, 0xE0, 0x00, 0x03,
  0xFF, 0xC0, 0x07, 0xFF, 0x80, 0x00, 0x07, 0xFF, 0x80, 0x3F, 0xFC, 0x00,
  0x00, 0x1F, 0xFE, 0x00, 0xFF, 0xF0, 0x00, 0x00, 0x7F, 0xF8, 0x03, 0xFF,
  0xC0, 0x00, 0x00, 0xFF, 0xF0, 0x1F, 0xFE, 0x00, 0x00, 0x03, 0xFF, 0xC0,
  0x7F, 0xF8, 0x00, 0x00, 0x0F, 0xFF, 0x01, 0xFF, 0xE0, 0x00, 0x00, 0x1F,
  0xFE, 0x0F, 0xFF, 0x00, 0x00, 0x00, 0x7F, 0xF8, 0x3F, 0xFC, 0x00, 0x00,
  0x01, 0xFF, 0xE0, 0xFF, 0xF0, 0x00, 0x00, 0x03, 0xFF, 0xC7, 0xFF, 0x80,
  0x00, 0x00, 0x0F, 0xFF, 0x1F, 0xFE, 0x00, 0x00, 0x00, 0x3F, 0xFC, 0x7F,
  0xF8, 0x00, 0x00, 0x00, 0x7F, 0xFB, 0xFF, 0xC0, 0x00, 0x00, 0x01, 0xFF,
  0xEF, 0xFF, 0x00, 0x00, 0x00, 0x07, 0xFF, 0xBF, 0xFC, 0x00, 0x00, 0x00,
  0x0F, 0xFE, 0xFF, 0xE0, 0x00, 0x00, 0x00, 0x3F, 0xFF, 0xFF, 0x80, 0x00,
  0x00, 0x00, 0xFF, 0xFF, 0xFE, 0x00, 0x00, 0x00, 0x01, 0xFF, 0xFF, 0xF0,
  0x00, 0x00, 0x00, 0x07, 0xFF, 0xFF, 0xC0, 0x00, 0x00, 0x00, 0x1F, 0xFF,
  0xFF, 0x00, 0x00, 0x00, 0x00, 0x3F, 0xFF, 0xF8, 0x00, 0x00, 0x00, 0x00,
  0xFF, 0xFF, 0xE0, 0x00, 0x00, 0x00, 0x03, 0xFF, 0xFF, 0x80, 0x00, 0x00,
  0x00, 0x07, 0xFF, 0xFC, 0x00, 0x00, 0x00, 0x00, 0x1F, 0xFF, 0xF0, 0x00,
  0x00, 0x00, 0x00, 0x7F, 0xFF, 0xC0, 0x00, 0x00, 0x00, 0x00, 0xFF, 0xFE,
  0x00, 0x00, 0x00, 0x00, 0x03, 0xFF, 0xF8, 0x00, 0x00, 0x00, 0x00, 0x0F,
  0xFF, 0xE0, 0x00, 0x00, 0x00, 0x00, 0x1F, 0xFF, 0x00, 0x00, 0x00, 0x00,
  0x00, 0x7F, 0xFC, 0x00, 0x00, 0x00, 0x00, 0x01, 0xFF, 0xF0, 0x00, 0x00,
  0x00, 0x00, 0x07, 0xFF, 0xC0, 0x00, 0x00, 0x00, 0x00, 0x1F, 0xFF, 0x00,
  0x00, 0x00, 0x00, 0x00, 0x7F, 0xFC, 0x00, 0x00, 0x00, 0x00, 0x01, 0xFF,
  0xF0, 0x00, 0x00, 0x00, 0x00, 0x07, 0xFF, 0xC0, 0x00, 0x00, 0x00, 0x00,
  0x1F, 0xFF, 0x00, 0x00, 0x00, 0x00, 0x00, 0x7F, 0xFC, 0x00, 0x00, 0x00,
  0x00, 0x01, 0xFF, 0xF0, 0x00, 0x00, 0x00, 0x00, 0x07, 0xFF, 0xC0, 0x00,
  0x00, 0x00, 0x00, 0x1F, 0xFF, 0x00, 0x00, 0x00, 0x00, 0x00, 0x7F, 0xFC,
  0x00, 0x00, 0x00, 0x00, 0x01, 0xFF, 0xF0, 0x00, 0x00, 0x00, 0x00, 0x07,
  0xFF, 0xC0, 0x00, 0x00, 0x00, 0x00, 0x1F, 0xFF, 0x00, 0x00, 0x00, 0x00,
  0x00, 0x7F, 0xFC, 0x00, 0x00, 0x00, 0x00, 0x01, 0xFF, 0xF0, 0x00, 0x00,
  0x00, 0x00, 0x07, 0xFF, 0xC0, 0x00, 0x00, 0x00, 0x00, 0x1F, 0xFF, 0x00,
  0x00, 0x00, 0x00, 0x00, 0x7F, 0xFC, 0x00, 0x00, 0x00, 0x00, 0x01, 0xFF,
  0xF0, 0x00, 0x00, 0x00, 0x00, 0x07, 0xFF, 0xC0, 0x00, 0x00, 0x00, 0x00,
  0x1F, 0xFF, 0x00, 0x00, 0x00, 0x00, 0x00, 0x7F, 0xFC, 0x00, 0x00, 0x00,
  0x00, 0x01, 0xFF, 0xF0, 0x00, 0x00, 0x00, 0x00, 0x07, 0xFF, 0xC0, 0x00,
  0x00, 0x00, 0x00, 0x1F, 0xFF, 0x00, 0x00, 0x00, 0x00, 0x00, 0x7F, 0xFC,
  0x00, 0x00, 0x00, 0x00, 0x01, 0xFF, 0xF0, 0x00, 0x00, 0x00, 0x00, 0x07,
  0xFF, 0xC0, 0x00, 0x00, 0x00, 0x00, 0x1F, 0xFF, 0x00, 0x00, 0x00, 0x00,
  0x00, 0x7F, 0xFC, 0x00, 0x00, 0x00, 0x00, 0x01, 0xFF, 0xF0, 0x00, 0x00,
  0x3F, 0xFF, 0xFF, 0xFF, 0xFF, 0xCF, 0xFF, 0xFF, 0xFF, 0xFF, 0xF3, 0xFF,
  0xFF, 0xFF, 0xFF, 0xFC, 0xFF, 0xFF, 0xFF, 0xFF, 0xFF, 0x3F, 0xFF, 0xFF,
  0xFF, 0xFF, 0xCF, 0xFF, 0xFF, 0xFF, 0xFF, 0xF3, 0xFF, 0xFF, 0xFF, 0xFF,
  0xFC, 0xFF, 0xFF, 0xFF, 0xFF, 0xFE, 0x3F, 0xFF, 0xFF, 0xFF, 0xFF, 0x80,
  0x00, 0x00, 0x03, 0xFF, 0xE0, 0x00, 0x00, 0x01, 0xFF, 0xF0, 0x00, 0x00,
  0x00, 0x7F, 0xFC, 0x00, 0x00, 0x00, 0x1F, 0xFE, 0x00, 0x00, 0x00, 0x0F,
  0xFF, 0x80, 0x00, 0x00, 0x03, 0xFF, 0xE0, 0x00, 0x00, 0x00, 0xFF, 0xF0,
  0x00, 0x00, 0x00, 0x7F, 0xFC, 0x00, 0x00, 0x00, 0x1F, 0xFF, 0x00, 0x00,
  0x00, 0x07, 0xFF, 0x80, 0x00, 0x00, 0x03, 0xFF, 0xE0, 0x00, 0x00, 0x00,
  0xFF, 0xF8, 0x00, 0x00, 0x00, 0x7F, 0xFC, 0x00, 0x00, 0x00, 0x1F, 0xFF,
  0x00, 0x00, 0x00, 0x07, 0xFF, 0x80, 0x00, 0x00, 0x03, 0xFF, 0xE0, 0x00,
  0x00, 0x00, 0xFF, 0xF8, 0x00, 0x00, 0x00, 0x3F, 0xFC, 0x00, 0x00, 0x00,
  0x1F, 0xFF, 0x00, 0x00, 0x00, 0x07, 0xFF, 0xC0, 0x00, 0x00, 0x01, 0xFF,
  0xE0, 0x00, 0x00, 0x00, 0xFF, 0xF8, 0x00, 0x00, 0x00, 0x3F, 0xFE, 0x00,
  0x00, 0x00, 0x1F, 0xFF, 0x00, 0x00, 0x00, 0x07, 0xFF, 0xC0, 0x00, 0x00,
  0x01, 0xFF, 0xE0, 0x00, 0x00, 0x00, 0xFF, 0xF8, 0x00, 0x00, 0x00, 0x3F,
  0xFE, 0x00, 0x00, 0x00, 0x0F, 0xFF, 0x00, 0x00, 0x00, 0x07, 0xFF, 0xC0,
  0x00, 0x00, 0x01, 0xFF, 0xF0, 0x00, 0x00, 0x00, 0x7F, 0xF8, 0x00, 0x00,
  0x00, 0x3F, 0xFE, 0x00, 0x00, 0x00, 0x0F, 0xFF, 0x80, 0x00, 0x00, 0x07,
  0xFF, 0xC0, 0x00, 0x00, 0x01, 0xFF, 0xF0, 0x00, 0x00, 0x00, 0x7F, 0xF8,
  0x00, 0x00, 0x00, 0x3F, 0xFE, 0x00, 0x00, 0x00, 0x0F, 0xFF, 0x80, 0x00,
  0x00, 0x03, 0xFF, 0xC0, 0x00, 0x00, 0x01, 0xFF, 0xF0, 0x00, 0x00, 0x00,
  0x7F, 0xFC, 0x00, 0x00, 0x00, 0x1F, 0xFE, 0x00, 0x00, 0x00, 0x0F, 0xFF,
  0x80, 0x00, 0x00, 0x03, 0xFF, 0xE0, 0x00, 0x00, 0x01, 0xFF, 0xF0, 0x00,
  0x00, 0x00, 0x7F, 0xFC, 0x00, 0x00, 0x00, 0x1F, 0xFE, 0x00, 0x00, 0x00,
  0x0F, 0xFF, 0x80, 0x00, 0x00, 0x03, 0xFF, 0xE0, 0x00, 0x00, 0x00, 0xFF,
  0xF0, 0x00, 0x00, 0x00, 0x7F, 0xFC, 0x00, 0x00, 0x00, 0x1F, 0xFF, 0x00,
  0x00, 0x00, 0x07, 0xFF, 0x80, 0x00, 0x00, 0x03, 0xFF, 0xE0, 0x00, 0x00,
  0x00, 0xFF, 0xF8, 0x00, 0x00, 0x00, 0x7F, 0xFC, 0x00, 0x00, 0x00, 0x1F,
  0xFF, 0x00, 0x00, 0x00, 0x07, 0xFF, 0x80, 0x00, 0x00, 0x03, 0xFF, 0xE0,
  0x00, 0x00, 0x00, 0xFF, 0xF8, 0x00, 0x00, 0x00, 0x3F, 0xFC, 0x00, 0x00,
  0x00, 0x1F, 0xFF, 0x00, 0x00, 0x00, 0x07, 0xFF, 0xC0, 0x00, 0x00, 0x01,
  0xFF, 0xE0, 0x00, 0x00, 0x00, 0xFF, 0xF8, 0x00, 0x00, 0x00, 0x3F, 0xFE,
  0x00, 0x00, 0x00, 0x1F, 0xFF, 0x00, 0x00, 0x00, 0x07, 0xFF, 0xC0, 0x00,
  0x00, 0x01, 0xFF, 0xE0, 0x00, 0x00, 0x00, 0xFF, 0xF8, 0x00, 0x00, 0x00,
  0x3F, 0xFE, 0x00, 0x00, 0x00, 0x0F, 0xFF, 0x00, 0x00, 0x00, 0x07, 0xFF,
  0xC0, 0x00, 0x00, 0x01, 0xFF, 0xF0, 0x00, 0x00, 0x00, 0x7F, 0xF8, 0x00,
  0x00, 0x00, 0x3F, 0xFE, 0x00, 0x00, 0x00, 0x0F, 0xFF, 0xFF, 0xFF, 0xFF,
  0xFF, 0xFF, 0xFF, 0xFF, 0xFF, 0xFF, 0xFF, 0xFF, 0xFF, 0xFF, 0xFF, 0xFF,
  0xFF, 0xFF, 0xFF, 0xFF, 0xFF, 0xFF, 0xFF, 0xFF, 0xFF, 0xFF, 0xFF, 0xFF,
  0xFF, 0xFF, 0xFF, 0xFF, 0xFF, 0xFF, 0xFF, 0xFF, 0xFF, 0xFF, 0xFF, 0xFF,
  0xFF, 0xFF, 0xFF, 0xFF, 0xFF, 0xFF, 0xFC, 0xFF, 0xFF, 0xFF, 0xFF, 0xFF,
  0xFF, 0xFF, 0xFF, 0xFF, 0xFF, 0xFF, 0xFF, 0xFF, 0xFF, 0xFF, 0xFF, 0xFF,
  0xFF, 0xFF, 0xFF, 0xFF, 0x80, 0x03, 0xFF, 0xE0, 0x00, 0xFF, 0xF8, 0x00,
  0x3F, 0xFE, 0x00, 0x0F, 0xFF, 0x80, 0x03, 0xFF, 0xE0, 0x00, 0xFF, 0xF8,
  0x00, 0x3F, 0xFE, 0x00, 0x0F, 0xFF, 0x80, 0x03, 0xFF, 0xE0, 0x00, 0xFF,
  0xF8, 0x00, 0x3F, 0xFE, 0x00, 0x0F, 0xFF, 0x80, 0x03, 0xFF, 0xE0, 0x00,
  0xFF, 0xF8, 0x00, 0x3F, 0xFE, 0x00, 0x0F, 0xFF, 0x80, 0x03, 0xFF, 0xE0,
  0x00, 0xFF, 0xF8, 0x00, 0x3F, 0xFE, 0x00, 0x0F, 0xFF, 0x80, 0x03, 0xFF,
  0xE0, 0x00, 0xFF, 0xF8, 0x00, 0x3F, 0xFE, 0x00, 0x0F, 0xFF, 0x80, 0x03,
  0xFF, 0xE0, 0x00, 0xFF, 0xF8, 0x00, 0x3F, 0xFE, 0x00, 0x0F, 0xFF, 0x80,
  0x03, 0xFF, 0xE0, 0x00, 0xFF, 0xF8, 0x00, 0x3F, 0xFE, 0x00, 0x0F, 0xFF,
  0x80, 0x03, 0xFF, 0xE0, 0x00, 0xFF, 0xF8, 0x00, 0x3F, 0xFE, 0x00, 0x0F,
  0xFF, 0x80, 0x03, 0xFF, 0xE0, 0x00, 0xFF, 0xF8, 0x00, 0x3F, 0xFE, 0x00,
  0x0F, 0xFF, 0x80, 0x03, 0xFF, 0xE0, 0x00, 0xFF, 0xF8, 0x00, 0x3F, 0xFE,
  0x00, 0x0F, 0xFF, 0x80, 0x03, 0xFF, 0xE0, 0x00, 0xFF, 0xF8, 0x00, 0x3F,
  0xFE, 0x00, 0x0F, 0xFF, 0x80, 0x03, 0xFF, 0xE0, 0x00, 0xFF, 0xF8, 0x00,
  0x3F, 0xFE, 0x00, 0x0F, 0xFF, 0x80, 0x03, 0xFF, 0xE0, 0x00, 0xFF, 0xF8,
  0x00, 0x3F, 0xFE, 0x00, 0x0F, 0xFF, 0x80, 0x03, 0xFF, 0xE0, 0x00, 0xFF,
  0xF8, 0x00, 0x3F, 0xFE, 0x00, 0x0F, 0xFF, 0x80, 0x03, 0xFF, 0xE0, 0x00,
  0xFF, 0xF8, 0x00, 0x3F, 0xFE, 0x00, 0x0F, 0xFF, 0x80, 0x03, 0xFF, 0xE0,
  0x00, 0xFF, 0xF8, 0x00, 0x3F, 0xFE, 0x00, 0x0F, 0xFF, 0x80, 0x03, 0xFF,
  0xE0, 0x00, 0xFF, 0xF8, 0x00, 0x3F, 0xFE, 0x00, 0x0F, 0xFF, 0x80, 0x03,
  0xFF, 0xE0, 0x00, 0xFF, 0xF8, 0x00, 0x3F, 0xFE, 0x00, 0x0F, 0xFF, 0x80,
  0x03, 0xFF, 0xE0, 0x00, 0xFF, 0xF8, 0x00, 0x3F, 0xFE, 0x00, 0x0F, 0xFF,
  0x80, 0x03, 0xFF, 0xE0, 0x00, 0xFF, 0xF8, 0x00, 0x3F, 0xFE, 0x00, 0x0F,
  0xFF, 0x80, 0x03, 0xFF, 0xE0, 0x00, 0xFF, 0xF8, 0x00, 0x3F, 0xFE, 0x00,
  0x0F, 0xFF, 0x80, 0x03, 0xFF, 0xE0, 0x00, 0xFF, 0xF8, 0x00, 0x3F, 0xFE,
  0x00, 0x0F, 0xFF, 0x80, 0x03, 0xFF, 0xE0, 0x00, 0xFF, 0xF8, 0x00, 0x3F,
  0xFE, 0x00, 0x0F, 0xFF, 0x80, 0x03, 0xFF, 0xE0, 0x00, 0xFF, 0xF8, 0x00,
  0x3F, 0xFE, 0x00, 0x0F, 0xFF, 0x80, 0x03, 0xFF, 0xE0, 0x00, 0xFF, 0xF8,
  0x00, 0x3F, 0xFE, 0x00, 0x0F, 0xFF, 0x80, 0x03, 0xFF, 0xFF, 0xFF, 0xFF,
  0xFF, 0xFF, 0xFF, 0xFF, 0xFF, 0xFF, 0xFF, 0xFF, 0xFF, 0xFF, 0xFF, 0xFF,
  0xFF, 0xFF, 0xFF, 0xC0, 0xFF, 0xE0, 0x00, 0x00, 0x03, 0xFF, 0x00, 0x00,
  0x00, 0x1F, 0xFC, 0x00, 0x00, 0x00, 0xFF, 0xE0, 0x00, 0x00, 0x07, 0xFF,
  0x00, 0x00, 0x00, 0x1F, 0xFC, 0x00, 0x00, 0x00, 0xFF, 0xE0, 0x00, 0x00,
  0x07, 0xFF, 0x00, 0x00, 0x00, 0x1F, 0xF8, 0x00, 0x00, 0x00, 0xFF, 0xE0,
  0x00, 0x00, 0x07, 0xFF, 0x00, 0x00, 0x00, 0x3F, 0xF8, 0x00, 0x00, 0x00,
  0xFF, 0xC0, 0x00, 0x00, 0x07, 0xFF, 0x00, 0x00, 0x00, 0x3F, 0xF8, 0x00,
  0x00, 0x01, 0xFF, 0xC0, 0x00, 0x00, 0x07, 0xFF, 0x00, 0x00, 0x00, 0x3F,
  0xF8, 0x00, 0x00, 0x01, 0xFF, 0xC0, 0x00, 0x00, 0x0F, 0xFE, 0x00, 0x00,
  0x00, 0x3F, 0xF8, 0x00, 0x00, 0x01, 0xFF, 0xC0, 0x00, 0x00, 0x0F, 0xFE,
  0x00, 0x00, 0x00, 0x3F, 0xF0, 0x00, 0x00, 0x01, 0xFF, 0xC0, 0x00, 0x00,
  0x0F, 0xFE, 0x00, 0x00, 0x00, 0x7F, 0xF0, 0x00, 0x00, 0x01, 0xFF, 0x80,
  0x00, 0x00, 0x0F, 0xFE, 0x00, 0x00, 0x00, 0x7F, 0xF0, 0x00, 0x00, 0x03,
  0xFF, 0x80, 0x00, 0x00, 0x0F, 0xFE, 0x00, 0x00, 0x00, 0x7F, 0xF0, 0x00,
  0x00, 0x03, 0xFF, 0x80, 0x00, 0x00, 0x0F, 0xFC, 0x00, 0x00, 0x00, 0x7F,
  0xF0, 0x00, 0x00, 0x03, 0xFF, 0x80, 0x00, 0x00, 0x1F, 0xFC, 0x00, 0x00,
  0x00, 0x7F, 0xE0, 0x00, 0x00, 0x03, 0xFF, 0x80, 0x00, 0x00, 0x1F, 0xFC,
  0x00, 0x00, 0x00, 0xFF, 0xE0, 0x00, 0x00, 0x03, 0xFF, 0x80, 0x00, 0x00,
  0x1F, 0xFC, 0x00, 0x00, 0x00, 0xFF, 0xE0, 0x00, 0x00, 0x07, 0xFF, 0x00,
  0x00, 0x00, 0x1F, 0xFC, 0x00, 0x00, 0x00, 0xFF, 0xE0, 0x00, 0x00, 0x07,
  0xFF, 0x00, 0x00, 0x00, 0x1F, 0xF8, 0x00, 0x00, 0x00, 0xFF, 0xE0, 0x00,
  0x00, 0x07, 0xFF, 0x00, 0x00, 0x00, 0x3F, 0xF8, 0x00, 0x00, 0x00, 0xFF,
  0xE0, 0x00, 0x00, 0x07, 0xFF, 0x00, 0x00, 0x00, 0x3F, 0xF8, 0x00, 0x00,
  0x01, 0xFF, 0xC0, 0x00, 0x00, 0x07, 0xFF, 0x00, 0x00, 0x00, 0x3F, 0xF8,
  0x00, 0x00, 0x01, 0xFF, 0xC0, 0x00, 0x00, 0x0F, 0xFE, 0x00, 0x00, 0x00,
  0x3F, 0xF8, 0x00, 0x00, 0x01, 0xFF, 0xC0, 0x00, 0x00, 0x0F, 0xFE, 0x00,
  0x00, 0x00, 0x3F, 0xF0, 0x00, 0x00, 0x01, 0xFF, 0xC0, 0x00, 0x00, 0x0F,
  0xFE, 0x00, 0x00, 0x00, 0x7F, 0xF0, 0x00, 0x00, 0x01, 0xFF, 0xC0, 0x00,
  0x00, 0x0F, 0xFE, 0x00, 0x00, 0x00, 0x7F, 0xF0, 0x00, 0x00, 0x03, 0xFF,
  0x80, 0x00, 0x00, 0x0F, 0xFE, 0x00, 0x00, 0x00, 0x7F, 0xF0, 0x00, 0x00,
  0x03, 0xFF, 0x80, 0x00, 0x00, 0x0F, 0xFC, 0x00, 0x00, 0x00, 0x7F, 0xF0,
  0x00, 0x00, 0x03, 0xFF, 0x80, 0x00, 0x00, 0x1F, 0xFC, 0x00, 0x00, 0x00,
  0x7F, 0xF0, 0x00, 0x00, 0x03, 0xFF, 0x80, 0x00, 0x00, 0x1F, 0xFC, 0x00,
  0x00, 0x00, 0xFF, 0xE0, 0x00, 0x00, 0x03, 0xFF, 0x80, 0x00, 0x00, 0x1F,
  0xFC, 0x00, 0x00, 0x00, 0xFF, 0xE0, 0x00, 0x00, 0x07, 0xFF, 0x00, 0x00,
  0x00, 0x1F, 0xFC, 0x00, 0x00, 0x00, 0xFF, 0xE0, 0x00, 0x00, 0x07, 0xFF,
  0x00, 0x00, 0x00, 0x1F, 0xF8, 0x00, 0x00, 0x00, 0xFF, 0xE0, 0x00, 0x00,
  0x07, 0xFF, 0x00, 0x00, 0x00, 0x3F, 0xF8, 0x00, 0x00, 0x00, 0xFF, 0xE0,
  0x00, 0x00, 0x07, 0xFF, 0xFF, 0xFF, 0xFF, 0xFF, 0xFF, 0xFF, 0xFF, 0xFF,
  0xFF, 0xFF, 0xFF, 0xFF, 0xFF, 0xFF, 0xFF, 0xFF, 0xFF, 0xFF, 0xFF, 0xFF,
  0xC0, 0x00, 0xFF, 0xF8, 0x00, 0x1F, 0xFF, 0x00, 0x03, 0xFF, 0xE0, 0x00,
  0x7F, 0xFC, 0x00, 0x0F, 0xFF, 0x80, 0x01, 0xFF, 0xF0, 0x00, 0x3F, 0xFE,
  0x00, 0x07, 0xFF, 0xC0, 0x00, 0xFF, 0xF8, 0x00, 0x1F, 0xFF, 0x00, 0x03,
  0xFF, 0xE0, 0x00, 0x7F, 0xFC, 0x00, 0x0F, 0xFF, 0x80, 0x01, 0xFF, 0xF0,
  0x00, 0x3F, 0xFE, 0x00, 0x07, 0xFF, 0xC0, 0x00, 0xFF, 0xF8, 0x00, 0x1F,
  0xFF, 0x00, 0x03, 0xFF, 0xE0, 0x00, 0x7F, 0xFC, 0x00, 0x0F, 0xFF, 0x80,
  0x01, 0xFF, 0xF0, 0x00, 0x3F, 0xFE, 0x00, 0x07, 0xFF, 0xC0, 0x00, 0xFF,
  0xF8, 0x00, 0x1F, 0xFF, 0x00, 0x03, 0xFF, 0xE0, 0x00, 0x7F, 0xFC, 0x00,
  0x0F, 0xFF, 0x80, 0x01, 0xFF, 0xF0, 0x00, 0x3F, 0xFE, 0x00, 0x07, 0xFF,
  0xC0, 0x00, 0xFF, 0xF8, 0x00, 0x1F, 0xFF, 0x00, 0x03, 0xFF, 0xE0, 0x00,
  0x7F, 0xFC, 0x00, 0x0F, 0xFF, 0x80, 0x01, 0xFF, 0xF0, 0x00, 0x3F, 0xFE,
  0x00, 0x07, 0xFF, 0xC0, 0x00, 0xFF, 0xF8, 0x00, 0x1F, 0xFF, 0x00, 0x03,
  0xFF, 0xE0, 0x00, 0x7F, 0xFC, 0x00, 0x0F, 0xFF, 0x80, 0x01, 0xFF, 0xF0,
  0x00, 0x3F, 0xFE, 0x00, 0x07, 0xFF, 0xC0, 0x00, 0xFF, 0xF8, 0x00, 0x1F,
  0xFF, 0x00, 0x03, 0xFF, 0xE0, 0x00, 0x7F, 0xFC, 0x00, 0x0F, 0xFF, 0x80,
  0x01, 0xFF, 0xF0, 0x00, 0x3F, 0xFE, 0x00, 0x07, 0xFF, 0xC0, 0x00, 0xFF,
  0xF8, 0x00, 0x1F, 0xFF, 0x00, 0x03, 0xFF, 0xE0, 0x00, 0x7F, 0xFC, 0x00,
  0x0F, 0xFF, 0x80, 0x01, 0xFF, 0xF0, 0x00, 0x3F, 0xFE, 0x00, 0x07, 0xFF,
  0xC0, 0x00, 0xFF, 0xF8, 0x00, 0x1F, 0xFF, 0x00, 0x03, 0xFF, 0xE0, 0x00,
  0x7F, 0xFC, 0x00, 0x0F, 0xFF, 0x80, 0x01, 0xFF, 0xF0, 0x00, 0x3F, 0xFE,
  0x00, 0x07, 0xFF, 0xC0, 0x00, 0xFF, 0xF8, 0x00, 0x1F, 0xFF, 0x00, 0x03,
  0xFF, 0xE0, 0x00, 0x7F, 0xFC, 0x00, 0x0F, 0xFF, 0x80, 0x01, 0xFF, 0xF0,
  0x00, 0x3F, 0xFE, 0x00, 0x07, 0xFF, 0xC0, 0x00, 0xFF, 0xF8, 0x00, 0x1F,
  0xFF, 0x00, 0x03, 0xFF, 0xE0, 0x00, 0x7F, 0xFC, 0x00, 0x0F, 0xFF, 0x80,
  0x01, 0xFF, 0xF0, 0x00, 0x3F, 0xFE, 0x00, 0x07, 0xFF, 0xC0, 0x00, 0xFF,
  0xF8, 0x00, 0x1F, 0xFF, 0x00, 0x03, 0xFF, 0xE0, 0x00, 0x7F, 0xFC, 0x00,
  0x0F, 0xFF, 0x80, 0x01, 0xFF, 0xF0, 0x00, 0x3F, 0xFE, 0x00, 0x07, 0xFF,
  0xC0, 0x00, 0xFF, 0xF8, 0x00, 0x1F, 0xFF, 0x00, 0x03, 0xFF, 0xE0, 0x00,
  0x7F, 0xFC, 0x00, 0x0F, 0xFF, 0x80, 0x01, 0xFF, 0xF0, 0x00, 0x3F, 0xFE,
  0x00, 0x07, 0xFF, 0xC0, 0x00, 0xFF, 0xFF, 0xFF, 0xFF, 0xFF, 0xFF, 0xFF,
  0xFF, 0xFF, 0xFF, 0xFF, 0xFF, 0xFF, 0xFF, 0xFF, 0xFF, 0xFF, 0xFF, 0xFF,
  0xFF, 0xFF, 0xFE, 0x00, 0x00, 0xFF, 0xF8, 0x00, 0x00, 0x00, 0x1F, 0xFF,
  0x80, 0x00, 0x00, 0x01, 0xFF, 0xF8, 0x00, 0x00, 0x00, 0x3F, 0xFF, 0xC0,
  0x00, 0x00, 0x03, 0xFF, 0xFC, 0x00, 0x00, 0x00, 0x7F, 0xFF, 0xE0, 0x00,
  0x00, 0x07, 0xFF, 0xFE, 0x00, 0x00, 0x00, 0x7F, 0xFF, 0xF0, 0x00, 0x00,
  0x0F, 0xFF, 0xFF, 0x00, 0x00, 0x00, 0xFF, 0xFF, 0xF0, 0x00, 0x00, 0x1F,
  0xFF, 0xFF, 0x80, 0x00, 0x01, 0xFF, 0x9F, 0xF8, 0x00, 0x00, 0x1F, 0xF9,
  0xFF, 0xC0, 0x00, 0x03, 0xFF, 0x8F, 0xFC, 0x00, 0x00, 0x3F, 0xF0, 0xFF,
  0xC0, 0x00, 0x07, 0xFF, 0x0F, 0xFE, 0x00, 0x00, 0x7F, 0xF0, 0x7F, 0xE0,
  0x00, 0x0F, 0xFE, 0x07, 0xFF, 0x00, 0x00, 0xFF, 0xE0, 0x7F, 0xF0, 0x00,
  0x0F, 0xFC, 0x03, 0xFF, 0x80, 0x01, 0xFF, 0xC0, 0x3F, 0xF8, 0x00, 0x1F,
  0xFC, 0x03, 0xFF, 0x80, 0x03, 0xFF, 0x80, 0x1F, 0xFC, 0x00, 0x3F, 0xF8,
  0x01, 0xFF, 0xC0, 0x03, 0xFF, 0x80, 0x1F, 0xFE, 0x00, 0x7F, 0xF0, 0x00,
  0xFF, 0xE0, 0x07, 0xFF, 0x00, 0x0F, 0xFE, 0x00, 0xFF, 0xF0, 0x00, 0xFF,
  0xF0, 0x0F, 0xFE, 0x00, 0x07, 0xFF, 0x00, 0xFF, 0xE0, 0x00, 0x7F, 0xF8,
  0x1F, 0xFE, 0x00, 0x03, 0xFF, 0x81, 0xFF, 0xC0, 0x00, 0x3F, 0xF8, 0x3F,
  0xFC, 0x00, 0x03, 0xFF, 0xC3, 0xFF, 0x80, 0x00, 0x1F, 0xFC, 0x7F, 0xF8,
  0x00, 0x01, 0xFF, 0xE7, 0xFF, 0x80, 0x00, 0x1F, 0xFE, 0x7F, 0xF0, 0x00,
  0x00, 0xFF, 0xFF, 0xFF, 0x00, 0x00, 0x0F, 0xFF, 0xFF, 0xFF, 0xFF, 0xFF,
  0xFF, 0xFF, 0xFF, 0xFF, 0xFF, 0xFF, 0xFF, 0xFF, 0xFF, 0xFF, 0xFF, 0xFF,
  0xFF, 0xFF, 0xFF, 0xFF, 0xFF, 0xFF, 0xFF, 0xFF, 0xFF, 0xFF, 0xFF, 0xFF,
  0xFF, 0xFF, 0xFF, 0xFF, 0xFF, 0xFF, 0xFF, 0xFF, 0xFF, 0xFF, 0xFF, 0xFF,
  0xFF, 0xFF, 0xFF, 0xFF, 0xFF, 0xFF, 0xF0, 0x1F, 0xFF, 0x01, 0xFF, 0xE0,
  0x3F, 0xFC, 0x03, 0xFF, 0x80, 0x7F, 0xF8, 0x07, 0xFF, 0x00, 0x7F, 0xE0,
  0x0F, 0xFE, 0x00, 0xFF, 0xC0, 0x1F, 0xF8, 0x01, 0xFF, 0x00, 0x3F, 0xF0,
  0x03, 0xFE, 0x00, 0x7F, 0xC0, 0x07, 0xFC, 0x00, 0xFF, 0x80, 0x0F, 0xF0,
  0x00, 0xFE, 0x00, 0x1F, 0xE0, 0x01, 0xFC, 0x00, 0x3F, 0x80, 0x03, 0xF8,
  0x00, 0x7F, 0x00, 0x01, 0xFF, 0xE0, 0x00, 0x00, 0x0F, 0xFF, 0xFE, 0x00,
  0x00, 0x1F, 0xFF, 0xFF, 0xC0, 0x00, 0x3F, 0xFF, 0xFF, 0xF8, 0x00, 0x3F,
  0xFF, 0xFF, 0xFE, 0x00, 0x3F, 0xFF, 0xFF, 0xFF, 0x80, 0x3F, 0xFF, 0xFF,
  0xFF, 0xC0, 0x3F, 0xFF, 0xFF, 0xFF, 0xF0, 0x1F, 0xFF, 0xFF, 0xFF, 0xF8,
  0x1F, 0xFF, 0xC0, 0xFF, 0xFE, 0x0F, 0xFF, 0xC0, 0x1F, 0xFF, 0x0F, 0xFF,
  0xC0, 0x0F, 0xFF, 0xC7, 0xFF, 0xC0, 0x03, 0xFF, 0xE3, 0xFF, 0xE0, 0x01,
  0xFF, 0xF1, 0xFF, 0xE0, 0x00, 0x7F, 0xF9, 0xFF, 0xF0, 0x00, 0x3F, 0xFE,
  0xFF, 0xF8, 0x00, 0x1F, 0xFF, 0x7F, 0xFC, 0x00, 0x0F, 0xFF, 0xBF, 0xFE,
  0x00, 0x07, 0xFF, 0xDF, 0xFF, 0x00, 0x03, 0xFF, 0xEF, 0xFF, 0x80, 0x01,
  0xFF, 0xF7, 0xFF, 0xC0, 0x00, 0xFF, 0xF8, 0x00, 0x00, 0x00, 0x7F, 0xFC,
  0x00, 0x00, 0x00, 0x3F, 0xFE, 0x00, 0x00, 0x00, 0x1F, 0xFF, 0x00, 0x00,
  0x00, 0x0F, 0xFF, 0x80, 0x00, 0x00, 0x0F, 0xFF, 0xC0, 0x00, 0x00, 0x1F,
  0xFF, 0xE0, 0x00, 0x00, 0x7F, 0xFF, 0xF0, 0x00, 0x00, 0xFF, 0xFF, 0xF8,
  0x00, 0x01, 0xFF, 0xFF, 0xFC, 0x00, 0x03, 0xFF, 0xFF, 0xFE, 0x00, 0x07,
  0xFF, 0xFF, 0xFF, 0x00, 0x0F, 0xFF, 0xFF, 0xFF, 0x80, 0x0F, 0xFF, 0xF7,
  0xFF, 0xC0, 0x1F, 0xFF, 0xE3, 0xFF, 0xE0, 0x1F, 0xFF, 0xE1, 0xFF, 0xF0,
  0x1F, 0xFF, 0xC0, 0xFF, 0xF8, 0x1F, 0xFF, 0xC0, 0x7F, 0xFC, 0x1F, 0xFF,
  0x80, 0x3F, 0xFE, 0x0F, 0xFF, 0x80, 0x1F, 0xFF, 0x0F, 0xFF, 0x80, 0x0F,
  0xFF, 0x87, 0xFF, 0x80, 0x07, 0xFF, 0xC7, 0xFF, 0xC0, 0x03, 0xFF, 0xE3,
  0xFF, 0xC0, 0x01, 0xFF, 0xF3, 0xFF, 0xE0, 0x00, 0xFF, 0xF9, 0xFF, 0xE0,
  0x00, 0x7F, 0xFC, 0xFF, 0xF0, 0x00, 0x3F, 0xFE, 0xFF, 0xF8, 0x00, 0x1F,
  0xFF, 0x7F, 0xFC, 0x00, 0x0F, 0xFF, 0xBF, 0xFE, 0x00, 0x07, 0xFF, 0xDF,
  0xFF, 0x00, 0x03, 0xFF, 0xEF, 0xFF, 0x80, 0x01, 0xFF, 0xF7, 0xFF, 0xC0,
  0x00, 0xFF, 0xFB, 0xFF, 0xF0, 0x00, 0xFF, 0xFD, 0xFF, 0xF8, 0x00, 0xFF,
  0xFE, 0xFF, 0xFC, 0x00, 0xFF, 0xFF, 0x7F, 0xFF, 0x00, 0xFF, 0xFF, 0x9F,
  0xFF, 0xE1, 0xFF, 0xFF, 0xCF, 0xFF, 0xFF, 0xFD, 0xFF, 0xE7, 0xFF, 0xFF,
  0xFE, 0xFF, 0xF1, 0xFF, 0xFF, 0xFF, 0x7F, 0xF8, 0xFF, 0xFF, 0xFF, 0x3F,
  0xFC, 0x3F, 0xFF, 0xFF, 0x1F, 0xFE, 0x1F, 0xFF, 0xFF, 0x8F, 0xFF, 0x07,
  0xFF, 0xFF, 0x83, 0xFF, 0xC1, 0xFF, 0xFF, 0x81, 0xFF, 0xE0, 0x7F, 0xFF,
  0x80, 0xFF, 0xF0, 0x0F, 0xFF, 0x00, 0x7F, 0xF8, 0x01, 0xFE, 0x00, 0x00,
  0x00, 0xFF, 0xF8, 0x00, 0x00, 0x00, 0x7F, 0xFC, 0x00, 0x00, 0x00, 0x3F,
  0xFE, 0x00, 0x00, 0x00, 0x1F, 0xFF, 0x00, 0x00, 0x00, 0x0F, 0xFF, 0x80,
  0x00, 0x00, 0x07, 0xFF, 0xC0, 0x00, 0x00, 0x03, 0xFF, 0xE0, 0x00, 0x00,
  0x01, 0xFF, 0xF0, 0x00, 0x00, 0x00, 0xFF, 0xF8, 0x00, 0x00, 0x00, 0x7F,
  0xFC, 0x00, 0x00, 0x00, 0x3F, 0xFE, 0x00, 0x00, 0x00, 0x1F, 0xFF, 0x00,
  0x00, 0x00, 0x0F, 0xFF, 0x80, 0x00, 0x00, 0x07, 0xFF, 0xC0, 0x00, 0x00,
  0x03, 0xFF, 0xE0, 0x00, 0x00, 0x01, 0xFF, 0xF0, 0x00, 0x00, 0x00, 0xFF,
  0xF8, 0x00, 0x00, 0x00, 0x7F, 0xFC, 0x00, 0x00, 0x00, 0x3F, 0xFE, 0x00,
  0x00, 0x00, 0x1F, 0xFF, 0x00, 0x00, 0x00, 0x0F, 0xFF, 0x80, 0x00, 0x00,
  0x07, 0xFF, 0xC0, 0x00, 0x00, 0x03, 0xFF, 0xE0, 0x00, 0x00, 0x01, 0xFF,
  0xF0, 0x00, 0x00, 0x00, 0xFF, 0xF8, 0x00, 0x00, 0x00, 0x7F, 0xFC, 0x00,
  0x00, 0x00, 0x3F, 0xFE, 0x00, 0xFF, 0x00, 0x1F, 0xFF, 0x03, 0xFF, 0xE0,
  0x0F, 0xFF, 0x87, 0xFF, 0xFC, 0x07, 0xFF, 0xC7, 0xFF, 0xFF, 0x03, 0xFF,
  0xE7, 0xFF, 0xFF, 0xC1, 0xFF, 0xF7, 0xFF, 0xFF, 0xE0, 0xFF, 0xFF, 0xFF,
  0xFF, 0xF8, 0x7F, 0xFF, 0xFF, 0xFF, 0xFE, 0x3F, 0xFF, 0xFF, 0xFF, 0xFF,
  0x1F, 0xFF, 0xFF, 0xFF, 0xFF, 0x8F, 0xFF, 0xFC, 0x0F, 0xFF, 0xE7, 0xFF,
  0xF8, 0x03, 0xFF, 0xF3, 0xFF, 0xF0, 0x00, 0xFF, 0xF9, 0xFF, 0xF0, 0x00,
  0x7F, 0xFE, 0xFF, 0xF8, 0x00, 0x1F, 0xFF, 0x7F, 0xFC, 0x00, 0x0F, 0xFF,
  0xBF, 0xFE, 0x00, 0x07, 0xFF, 0xDF, 0xFF, 0x00, 0x03, 0xFF, 0xEF, 0xFF,
  0x80, 0x00, 0xFF, 0xFF, 0xFF, 0xC0, 0x00, 0x7F, 0xFF, 0xFF, 0xE0, 0x00,
  0x3F, 0xFF, 0xFF, 0xF0, 0x00, 0x1F, 0xFF, 0xFF, 0xF8, 0x00, 0x0F, 0xFF,
  0xFF, 0xFC, 0x00, 0x07, 0xFF, 0xFF, 0xFE, 0x00, 0x03, 0xFF, 0xFF, 0xFF,
  0x00, 0x01, 0xFF, 0xFF, 0xFF, 0x80, 0x00, 0xFF, 0xFF, 0xFF, 0xC0, 0x00,
  0x7F, 0xFF, 0xFF, 0xE0, 0x00, 0x3F, 0xFF, 0xFF, 0xF0, 0x00, 0x1F, 0xFF,
  0xFF, 0xF8, 0x00, 0x0F, 0xFF, 0xFF, 0xFC, 0x00, 0x07, 0xFF, 0xFF, 0xFE,
  0x00, 0x03, 0xFF, 0xFF, 0xFF, 0x00, 0x01, 0xFF, 0xFF, 0xFF, 0x80, 0x00,
  0xFF, 0xFF, 0xFF, 0xC0, 0x00, 0x7F, 0xFF, 0xFF, 0xE0, 0x00, 0x3F, 0xFF,
  0xFF, 0xF0, 0x00, 0x1F, 0xFF, 0xFF, 0xF8, 0x00, 0x0F, 0xFF, 0xFF, 0xFC,
  0x00, 0x07, 0xFF, 0xFF, 0xFE, 0x00, 0x03, 0xFF, 0xFF, 0xFF, 0x00, 0x01,
  0xFF, 0xFF, 0xFF, 0x80, 0x00, 0xFF, 0xFF, 0xFF, 0xC0, 0x00, 0x7F, 0xFF,
  0xFF, 0xE0, 0x00, 0x3F, 0xFF, 0xFF, 0xF0, 0x00, 0x1F, 0xFF, 0xFF, 0xF8,
  0x00, 0x0F, 0xFF, 0xFF, 0xFC, 0x00, 0x07, 0xFF, 0xFF, 0xFE, 0x00, 0x03,
  0xFF, 0xFF, 0xFF, 0x00, 0x01, 0xFF, 0xFF, 0xFF, 0x80, 0x00, 0xFF, 0xF7,
  0xFF, 0xC0, 0x00, 0x7F, 0xFB, 0xFF, 0xE0, 0x00, 0x7F, 0xFD, 0xFF, 0xF0,
  0x00, 0x3F, 0xFE, 0xFF, 0xF8, 0x00, 0x1F, 0xFF, 0x7F, 0xFC, 0x00, 0x0F,
  0xFF, 0xBF, 0xFE, 0x00, 0x0F, 0xFF, 0x9F, 0xFF, 0x80, 0x07, 0xFF, 0xCF,
  0xFF, 0xE0, 0x07, 0xFF, 0xE7, 0xFF, 0xFE, 0x07, 0xFF, 0xE3, 0xFF, 0xFF,
  0xFF, 0xFF, 0xF1, 0xFF, 0xFF, 0xFF, 0xFF, 0xF8, 0xFF, 0xFF, 0xFF, 0xFF,
  0xF8, 0x7F, 0xFF, 0xFF, 0xFF, 0xFC, 0x3F, 0xFF, 0xFF, 0xFF, 0xFC, 0x1F,
  0xFF, 0x7F, 0xFF, 0xFC, 0x0F, 0xFF, 0x8F, 0xFF, 0xFC, 0x07, 0xFF, 0xC3,
  0xFF, 0xFC, 0x03, 0xFF, 0xE0, 0xFF, 0xF8, 0x00, 0x00, 0x00, 0x0F, 0xF0,
  0x00, 0x00, 0x03, 0xFF, 0xC0, 0x00, 0x00, 0xFF, 0xFF, 0xE0, 0x00, 0x0F,
  0xFF, 0xFF, 0xE0, 0x00, 0x7F, 0xFF, 0xFF, 0xE0, 0x03, 0xFF, 0xFF, 0xFF,
  0xC0, 0x1F, 0xFF, 0xFF, 0xFF, 0x00, 0xFF, 0xFF, 0xFF, 0xFE, 0x03, 0xFF,
  0xFF, 0xFF, 0xFC, 0x1F, 0xFF, 0xFF, 0xFF, 0xF0, 0x7F, 0xFE, 0x07, 0xFF,
  0xC3, 0xFF, 0xF0, 0x07, 0xFF, 0x8F, 0xFF, 0x80, 0x1F, 0xFE, 0x3F, 0xFC,
  0x00, 0x3F, 0xF9, 0xFF, 0xF0, 0x00, 0xFF, 0xE7, 0xFF, 0xC0, 0x03, 0xFF,
  0xDF, 0xFE, 0x00, 0x07, 0xFF, 0x7F, 0xF8, 0x00, 0x1F, 0xFD, 0xFF, 0xE0,
  0x00, 0x7F, 0xFF, 0xFF, 0x80, 0x01, 0xFF, 0xFF, 0xFE, 0x00, 0x07, 0xFF,
  0xFF, 0xF8, 0x00, 0x1F, 0xFF, 0xFF, 0xE0, 0x00, 0x7F, 0xFF, 0xFF, 0x80,
  0x01, 0xFF, 0xFF, 0xFE, 0x00, 0x07, 0xFF, 0xFF, 0xF8, 0x00, 0x1F, 0xFF,
  0xFF, 0xE0, 0x00, 0x00, 0x0F, 0xFF, 0x80, 0x00, 0x00, 0x3F, 0xFE, 0x00,
  0x00, 0x00, 0xFF, 0xF8, 0x00, 0x00, 0x03, 0xFF, 0xE0, 0x00, 0x00, 0x0F,
  0xFF, 0x80, 0x00, 0x00, 0x3F, 0xFE, 0x00, 0x00, 0x00, 0xFF, 0xF8, 0x00,
  0x00, 0x03, 0xFF, 0xE0, 0x00, 0x00, 0x0F, 0xFF, 0x80, 0x00, 0x00, 0x3F,
  0xFE, 0x00, 0x00, 0x00, 0xFF, 0xF8, 0x00, 0x00, 0x03, 0xFF, 0xE0, 0x00,
  0x00, 0x0F, 0xFF, 0x80, 0x00, 0x00, 0x3F, 0xFE, 0x00, 0x00, 0x00, 0xFF,
  0xF8, 0x00, 0x00, 0x03, 0xFF, 0xE0, 0x00, 0x00, 0x0F, 0xFF, 0x80, 0x00,
  0x00, 0x3F, 0xFE, 0x00, 0x07, 0xFF, 0xFF, 0xF8, 0x00, 0x1F, 0xFF, 0xFF,
  0xE0, 0x00, 0x7F, 0xFF, 0xFF, 0x80, 0x01, 0xFF, 0xFF, 0xFE, 0x00, 0x07,
  0xFF, 0xFF, 0xF8, 0x00, 0x1F, 0xFF, 0xFF, 0xE0, 0x00, 0x7F, 0xFF, 0xFF,
  0x80, 0x01, 0xFF, 0xFF, 0xFE, 0x00, 0x07, 0xFF, 0x7F, 0xF8, 0x00, 0x1F,
  0xFD, 0xFF, 0xE0, 0x00, 0x7F, 0xF7, 0xFF, 0xC0, 0x01, 0xFF, 0xDF, 0xFF,
  0x00, 0x07, 0xFE, 0x7F, 0xFC, 0x00, 0x3F, 0xF8, 0xFF, 0xF0, 0x00, 0xFF,
  0xE3, 0xFF, 0xE0, 0x03, 0xFF, 0x8F, 0xFF, 0xC0, 0x1F, 0xFE, 0x3F, 0xFF,
  0x81, 0xFF, 0xF0, 0x7F, 0xFF, 0xFF, 0xFF, 0xC0, 0xFF, 0xFF, 0xFF, 0xFE,
  0x03, 0xFF, 0xFF, 0xFF, 0xF8, 0x07, 0xFF, 0xFF, 0xFF, 0xC0, 0x0F, 0xFF,
  0xFF, 0xFE, 0x00, 0x1F, 0xFF, 0xFF, 0xF0, 0x00, 0x3F, 0xFF, 0xFF, 0x80,
  0x00, 0x3F, 0xFF, 0xF8, 0x00, 0x00, 0x0F, 0xFF, 0x00, 0x00, 0x00, 0x00,
  0x00, 0x0F, 0xFF, 0x80, 0x00, 0x00, 0x07, 0xFF, 0xC0, 0x00, 0x00, 0x03,
  0xFF, 0xE0, 0x00, 0x00, 0x01, 0xFF, 0xF0, 0x00, 0x00, 0x00, 0xFF, 0xF8,
  0x00, 0x00, 0x00, 0x7F, 0xFC, 0x00, 0x00, 0x00, 0x3F, 0xFE, 0x00, 0x00,
  0x00, 0x1F, 0xFF, 0x00, 0x00, 0x00, 0x0F, 0xFF, 0x80, 0x00, 0x00, 0x07,
  0xFF, 0xC0, 0x00, 0x00, 0x03, 0xFF, 0xE0, 0x00, 0x00, 0x01, 0xFF, 0xF0,
  0x00, 0x00, 0x00, 0xFF, 0xF8, 0x00, 0x00, 0x00, 0x7F, 0xFC, 0x00, 0x00,
  0x00, 0x3F, 0xFE, 0x00, 0x00, 0x00, 0x1F, 0xFF, 0x00, 0x00, 0x00, 0x0F,
  0xFF, 0x80, 0x00, 0x00, 0x07, 0xFF, 0xC0, 0x00, 0x00, 0x03, 0xFF, 0xE0,
  0x00, 0x00, 0x01, 0xFF, 0xF0, 0x00, 0x00, 0x00, 0xFF, 0xF8, 0x00, 0x00,
  0x00, 0x7F, 0xFC, 0x00, 0x00, 0x00, 0x3F, 0xFE, 0x00, 0x00, 0x00, 0x1F,
  0xFF, 0x00, 0x00, 0x00, 0x0F, 0xFF, 0x80, 0x00, 0x00, 0x07, 0xFF, 0xC0,
  0x03, 0xFC, 0x03, 0xFF, 0xE0, 0x0F, 0xFF, 0xC1, 0xFF, 0xF0, 0x0F, 0xFF,
  0xF8, 0xFF, 0xF8, 0x0F, 0xFF, 0xFE, 0x7F, 0xFC, 0x0F, 0xFF, 0xFF, 0xBF,
  0xFE, 0x0F, 0xFF, 0xFF, 0xFF, 0xFF, 0x0F, 0xFF, 0xFF, 0xFF, 0xFF, 0x87,
  0xFF, 0xFF, 0xFF, 0xFF, 0xC7, 0xFF, 0xFF, 0xFF, 0xFF, 0xE3, 0xFF, 0xFF,
  0xFF, 0xFF, 0xF3, 0xFF, 0xFC, 0x1F, 0xFF, 0xF9, 0xFF, 0xF8, 0x01, 0xFF,
  0xFC, 0xFF, 0xF8, 0x00, 0x7F, 0xFE, 0x7F, 0xFC, 0x00, 0x1F, 0xFF, 0x7F,
  0xFC, 0x00, 0x0F, 0xFF, 0xBF, 0xFE, 0x00, 0x07, 0xFF, 0xDF, 0xFF, 0x00,
  0x03, 0xFF, 0xEF, 0xFF, 0x80, 0x01, 0xFF, 0xF7, 0xFF, 0x80, 0x00, 0xFF,
  0xFB, 0xFF, 0xC0, 0x00, 0x7F, 0xFF, 0xFF, 0xE0, 0x00, 0x3F, 0xFF, 0xFF,
  0xF0, 0x00, 0x1F, 0xFF, 0xFF, 0xF8, 0x00, 0x0F, 0xFF, 0xFF, 0xFC, 0x00,
  0x07, 0xFF, 0xFF, 0xFE, 0x00, 0x03, 0xFF, 0xFF, 0xFF, 0x00, 0x01, 0xFF,
  0xFF, 0xFF, 0x80, 0x00, 0xFF, 0xFF, 0xFF, 0xC0, 0x00, 0x7F, 0xFF, 0xFF,
  0xE0, 0x00, 0x3F, 0xFF, 0xFF, 0xF0, 0x00, 0x1F, 0xFF, 0xFF, 0xF8, 0x00,
  0x0F, 0xFF, 0xFF, 0xFC, 0x00, 0x07, 0xFF, 0xFF, 0xFE, 0x00, 0x03, 0xFF,
  0xFF, 0xFF, 0x00, 0x01, 0xFF, 0xFF, 0xFF, 0x80, 0x00, 0xFF, 0xFF, 0xFF,
  0xC0, 0x00, 0x7F, 0xFF, 0xFF, 0xE0, 0x00, 0x3F, 0xFF, 0xFF, 0xF0, 0x00,
  0x1F, 0xFF, 0xFF, 0xF8, 0x00, 0x0F, 0xFF, 0xFF, 0xFC, 0x00, 0x07, 0xFF,
  0xFF, 0xFE, 0x00, 0x03, 0xFF, 0xFF, 0xFF, 0x00, 0x01, 0xFF, 0xFF, 0xFF,
  0x80, 0x00, 0xFF, 0xFF, 0xFF, 0xC0, 0x00, 0x7F, 0xFF, 0xFF, 0xE0, 0x00,
  0x3F, 0xFF, 0xFF, 0xF0, 0x00, 0x1F, 0xFF, 0xFF, 0xF8, 0x00, 0x0F, 0xFF,
  0xFF, 0xFC, 0x00, 0x07, 0xFF, 0xFF, 0xFE, 0x00, 0x03, 0xFF, 0xFF, 0xFF,
  0x00, 0x01, 0xFF, 0xFF, 0xFF, 0x80, 0x00, 0xFF, 0xFF, 0xFF, 0xC0, 0x00,
  0x7F, 0xFD, 0xFF, 0xF0, 0x00, 0x3F, 0xFE, 0xFF, 0xF8, 0x00, 0x1F, 0xFF,
  0x7F, 0xFC, 0x00, 0x0F, 0xFF, 0xBF, 0xFE, 0x00, 0x07, 0xFF, 0xDF, 0xFF,
  0x80, 0x03, 0xFF, 0xE7, 0xFF, 0xC0, 0x01, 0xFF, 0xF3, 0xFF, 0xF0, 0x03,
  0xFF, 0xF9, 0xFF, 0xFE, 0x07, 0xFF, 0xFC, 0x7F, 0xFF, 0xFF, 0xFF, 0xFE,
  0x3F, 0xFF, 0xFF, 0xFF, 0xFF, 0x1F, 0xFF, 0xFF, 0xFF, 0xFF, 0x87, 0xFF,
  0xFF, 0xFF, 0xFF, 0xC1, 0xFF, 0xFF, 0xFF, 0xFF, 0xE0, 0x7F, 0xFF, 0xFD,
  0xFF, 0xF0, 0x1F, 0xFF, 0xFC, 0xFF, 0xF8, 0x07, 0xFF, 0xFC, 0x7F, 0xFC,
  0x00, 0xFF, 0xF8, 0x3F, 0xFE, 0x00, 0x1F, 0xF0, 0x00, 0x00, 0x00, 0x01,
  0xFF, 0xC0, 0x00, 0x00, 0x1F, 0xFF, 0xFC, 0x00, 0x00, 0x7F, 0xFF, 0xFF,
  0x00, 0x01, 0xFF, 0xFF, 0xFF, 0x80, 0x03, 0xFF, 0xFF, 0xFF, 0xC0, 0x07,
  0xFF, 0xFF, 0xFF, 0xE0, 0x07, 0xFF, 0xFF, 0xFF, 0xF0, 0x0F, 0xFF, 0xFF,
  0xFF, 0xF8, 0x1F, 0xFF, 0xFF, 0xFF, 0xF8, 0x1F, 0xFF, 0x81, 0xFF, 0xF8,
  0x3F, 0xFF, 0x00, 0x7F, 0xFC, 0x3F, 0xFE, 0x00, 0x7F, 0xFC, 0x3F, 0xFC,
  0x00, 0x3F, 0xFC, 0x7F, 0xFC, 0x00, 0x3F, 0xFE, 0x7F, 0xFC, 0x00, 0x3F,
  0xFE, 0x7F, 0xF8, 0x00, 0x1F, 0xFE, 0x7F, 0xF8, 0x00, 0x1F, 0xFE, 0x7F,
  0xF8, 0x00, 0x1F, 0xFE, 0xFF, 0xF8, 0x00, 0x1F, 0xFE, 0xFF, 0xF8, 0x00,
  0x1F, 0xFF, 0xFF, 0xF8, 0x00, 0x1F, 0xFF, 0xFF, 0xF8, 0x00, 0x1F, 0xFF,
  0xFF, 0xF8, 0x00, 0x1F, 0xFF, 0xFF, 0xF8, 0x00, 0x1F, 0xFF, 0xFF, 0xF8,
  0x00, 0x1F, 0xFF, 0xFF, 0xF8, 0x00, 0x1F, 0xFF, 0xFF, 0xF8, 0x00, 0x1F,
  0xFF, 0xFF, 0xF8, 0x00, 0x1F, 0xFF, 0xFF, 0xFF, 0xFF, 0xFF, 0xFF, 0xFF,
  0xFF, 0xFF, 0xFF, 0xFF, 0xFF, 0xFF, 0xFF, 0xFF, 0xFF, 0xFF, 0xFF, 0xFF,
  0xFF, 0xFF, 0xFF, 0xFF, 0xFF, 0xFF, 0xFF, 0xFF, 0xFF, 0xFF, 0xFF, 0xFF,
  0xFF, 0xFF, 0xFF, 0xFF, 0xFF, 0xFF, 0xF8, 0x00, 0x00, 0x00, 0xFF, 0xF8,
  0x00, 0x00, 0x00, 0xFF, 0xF8, 0x00, 0x00, 0x00, 0xFF, 0xF8, 0x00, 0x00,
  0x00, 0xFF, 0xF8, 0x00, 0x00, 0x00, 0xFF, 0xF8, 0x00, 0x00, 0x00, 0xFF,
  0xF8, 0x00, 0x00, 0x00, 0xFF, 0xF8, 0x00, 0x00, 0x00, 0xFF, 0xF8, 0x00,
  0x00, 0x00, 0xFF, 0xF8, 0x00, 0x00, 0x00, 0xFF, 0xF8, 0x00, 0x1F, 0xFF,
  0xFF, 0xF8, 0x00, 0x1F, 0xFF, 0xFF, 0xF8, 0x00, 0x1F, 0xFF, 0xFF, 0xF8,
  0x00, 0x1F, 0xFF, 0xFF, 0xF8, 0x00, 0x1F, 0xFF, 0xFF, 0xF8, 0x00, 0x1F,
  0xFF, 0xFF, 0xF8, 0x00, 0x1F, 0xFF, 0x7F, 0xF8, 0x00, 0x1F, 0xFF, 0x7F,
  0xF8, 0x00, 0x1F, 0xFF, 0x7F, 0xF8, 0x00, 0x1F, 0xFE, 0x7F, 0xFC, 0x00,
  0x1F, 0xFE, 0x7F, 0xFC, 0x00, 0x3F, 0xFE, 0x3F, 0xFC, 0x00, 0x3F, 0xFE,
  0x3F, 0xFE, 0x00, 0x7F, 0xFC, 0x3F, 0xFF, 0x00, 0x7F, 0xFC, 0x1F, 0xFF,
  0x81, 0xFF, 0xFC, 0x1F, 0xFF, 0xFF, 0xFF, 0xF8, 0x0F, 0xFF, 0xFF, 0xFF,
  0xF8, 0x0F, 0xFF, 0xFF, 0xFF, 0xF0, 0x07, 0xFF, 0xFF, 0xFF, 0xE0, 0x03,
  0xFF, 0xFF, 0xFF, 0xC0, 0x01, 0xFF, 0xFF, 0xFF, 0x80, 0x00, 0x7F, 0xFF,
  0xFF, 0x00, 0x00, 0x1F, 0xFF, 0xFC, 0x00, 0x00, 0x03, 0xFF, 0xC0, 0x00,
  0x00, 0x00, 0x3F, 0xFC, 0x00, 0x03, 0xFF, 0xFC, 0x00, 0x1F, 0xFF, 0xF8,
  0x00, 0x7F, 0xFF, 0xF0, 0x01, 0xFF, 0xFF, 0xE0, 0x03, 0xFF, 0xFF, 0xC0,
  0x0F, 0xFF, 0xFF, 0x80, 0x1F, 0xFF, 0xFF, 0x00, 0x7F, 0xFF, 0xFE, 0x00,
  0xFF, 0xFE, 0x04, 0x01, 0xFF, 0xF8, 0x00, 0x03, 0xFF, 0xE0, 0x00, 0x0F,
  0xFF, 0xC0, 0x00, 0x1F, 0xFF, 0x00, 0x00, 0x3F, 0xFE, 0x00, 0x00, 0x7F,
  0xFC, 0x00, 0x00, 0xFF, 0xF8, 0x00, 0x01, 0xFF, 0xF0, 0x00, 0x03, 0xFF,
  0xE0, 0x00, 0x07, 0xFF, 0xC0, 0x00, 0x0F, 0xFF, 0x80, 0x00, 0x1F, 0xFF,
  0x00, 0x00, 0x3F, 0xFE, 0x00, 0x00, 0x7F, 0xFC, 0x00, 0xFF, 0xFF, 0xFF,
  0xFF, 0xFF, 0xFF, 0xFF, 0xFF, 0xFF, 0xFF, 0xFF, 0xFF, 0xFF, 0xFF, 0xFF,
  0xFF, 0xFF, 0xFF, 0xFF, 0xFF, 0xFF, 0xFF, 0xFF, 0xFF, 0xFF, 0xFF, 0xFF,
  0xFF, 0xFF, 0xFF, 0xFF, 0xFF, 0xFF, 0xFF, 0xFE, 0x01, 0xFF, 0xF0, 0x00,
  0x03, 0xFF, 0xE0, 0x00, 0x07, 0xFF, 0xC0, 0x00, 0x0F, 0xFF, 0x80, 0x00,
  0x1F, 0xFF, 0x00, 0x00, 0x3F, 0xFE, 0x00, 0x00, 0x7F, 0xFC, 0x00, 0x00,
  0xFF, 0xF8, 0x00, 0x01, 0xFF, 0xF0, 0x00, 0x03, 0xFF, 0xE0, 0x00, 0x07,
  0xFF, 0xC0, 0x00, 0x0F, 0xFF, 0x80, 0x00, 0x1F, 0xFF, 0x00, 0x00, 0x3F,
  0xFE, 0x00, 0x00, 0x7F, 0xFC, 0x00, 0x00, 0xFF, 0xF8, 0x00, 0x01, 0xFF,
  0xF0, 0x00, 0x03, 0xFF, 0xE0, 0x00, 0x07, 0xFF, 0xC0, 0x00, 0x0F, 0xFF,
  0x80, 0x00, 0x1F, 0xFF, 0x00, 0x00, 0x3F, 0xFE, 0x00, 0x00, 0x7F, 0xFC,
  0x00, 0x00, 0xFF, 0xF8, 0x00, 0x01, 0xFF, 0xF0, 0x00, 0x03, 0xFF, 0xE0,
  0x00, 0x07, 0xFF, 0xC0, 0x00, 0x0F, 0xFF, 0x80, 0x00, 0x1F, 0xFF, 0x00,
  0x00, 0x3F, 0xFE, 0x00, 0x00, 0x7F, 0xFC, 0x00, 0x00, 0xFF, 0xF8, 0x00,
  0x01, 0xFF, 0xF0, 0x00, 0x03, 0xFF, 0xE0, 0x00, 0x07, 0xFF, 0xC0, 0x00,
  0x0F, 0xFF, 0x80, 0x00, 0x1F, 0xFF, 0x00, 0x00, 0x3F, 0xFE, 0x00, 0x00,
  0x7F, 0xFC, 0x00, 0x00, 0xFF, 0xF8, 0x00, 0x01, 0xFF, 0xF0, 0x00, 0x03,
  0xFF, 0xE0, 0x00, 0x07, 0xFF, 0xC0, 0x00, 0x0F, 0xFF, 0x80, 0x00, 0x1F,
  0xFF, 0x00, 0x00, 0x3F, 0xFE, 0x00, 0x00, 0x7F, 0xFC, 0x00, 0x00, 0xFF,
  0xF8, 0x00, 0x01, 0xFF, 0xF0, 0x00, 0x03, 0xFF, 0xE0, 0x00, 0x07, 0xFF,
  0xC0, 0x00, 0x0F, 0xFF, 0x80, 0x00, 0x1F, 0xFF, 0x00, 0x00, 0x3F, 0xFE,
  0x00, 0x00, 0x7F, 0xFC, 0x00, 0x00, 0xFF, 0xF8, 0x00, 0x01, 0xFF, 0xF0,
  0x00, 0x03, 0xFF, 0xE0, 0x00, 0x07, 0xFF, 0xC0, 0x00, 0x00, 0x00, 0x00,
  0x00, 0x00, 0x01, 0x00, 0x00, 0x0F, 0xFC, 0x00, 0x00, 0xE0, 0x00, 0x0F,
  0xFF, 0xF0, 0x00, 0x7C, 0x00, 0x07, 0xFF, 0xFF, 0x80, 0x1F, 0xC0, 0x01,
  0xFF, 0xFF, 0xF8, 0x0F, 0xF8, 0x00, 0xFF, 0xFF, 0xFF, 0x83, 0xFF, 0x80,
  0x3F, 0xFF, 0xFF, 0xF8, 0xFF, 0xF0, 0x07, 0xFF, 0xFF, 0xFF, 0xBF, 0xFE,
  0x01, 0xFF, 0xFF, 0xFF, 0xFF, 0xFF, 0xE0, 0x7F, 0xFF, 0xFF, 0xFF, 0xFF,
  0xE0, 0x0F, 0xFF, 0xC1, 0xFF, 0xFF, 0xE0, 0x03, 0xFF, 0xE0, 0x0F, 0xFF,
  0xE0, 0x00, 0x7F, 0xF8, 0x00, 0xFF, 0xF0, 0x00, 0x0F, 0xFF, 0x00, 0x1F,
  0xFC, 0x00, 0x03, 0xFF, 0xC0, 0x01, 0xFF, 0x80, 0x00, 0x7F, 0xF8, 0x00,
  0x3F, 0xF8, 0x00, 0x0F, 0xFF, 0x00, 0x07, 0xFF, 0x00, 0x01, 0xFF, 0xC0,
  0x00, 0x7F, 0xE0, 0x00, 0x7F, 0xF8, 0x00, 0x0F, 0xFC, 0x00, 0x0F, 0xFF,
  0x00, 0x01, 0xFF, 0xC0, 0x01, 0xFF, 0xE0, 0x00, 0x3F, 0xF8, 0x00, 0x3F,
  0xFC, 0x00, 0x07, 0xFF, 0x00, 0x07, 0xFF, 0x80, 0x00, 0xFF, 0xE0, 0x00,
  0xFF, 0xF0, 0x00, 0x1F, 0xFC, 0x00, 0x1F, 0xFE, 0x00, 0x03, 0xFF, 0x80,
  0x03, 0xFF, 0xC0, 0x00, 0x7F, 0xF0, 0x00, 0x7F, 0xF8, 0x00, 0x0F, 0xFE,
  0x00, 0x0F, 0xFF, 0x00, 0x01, 0xFF, 0xC0, 0x01, 0xFF, 0xE0, 0x00, 0x3F,
  0xF8, 0x00, 0x3F, 0xFC, 0x00, 0x07, 0xFF, 0x00, 0x07, 0xFF, 0x80, 0x00,
  0xFF, 0xE0, 0x00, 0xFF, 0xF0, 0x00, 0x1F, 0xFC, 0x00, 0x0F, 0xFE, 0x00,
  0x03, 0xFF, 0x00, 0x01, 0xFF, 0xE0, 0x00, 0xFF, 0xE0, 0x00, 0x3F, 0xFC,
  0x00, 0x1F, 0xFC, 0x00, 0x07, 0xFF, 0x80, 0x03, 0xFF, 0x80, 0x00, 0x7F,
  0xF8, 0x00, 0x7F, 0xF0, 0x00, 0x0F, 0xFF, 0x00, 0x1F, 0xFC, 0x00, 0x01,
  0xFF, 0xF0, 0x07, 0xFF, 0x80, 0x00, 0x1F, 0xFF, 0x81, 0xFF, 0xF0, 0x00,
  0x03, 0xFF, 0xFF, 0xFF, 0xFC, 0x00, 0x00, 0x3F, 0xFF, 0xFF, 0xFF, 0x00,
  0x00, 0x03, 0xFF, 0xFF, 0xFF, 0xE0, 0x00, 0x00, 0x3F, 0xFF, 0xFF, 0xF8,
  0x00, 0x00, 0x03, 0xFF, 0xFF, 0xFE, 0x00, 0x00, 0x00, 0x7F, 0xFF, 0xFF,
  0x80, 0x00, 0x00, 0x1F, 0xFF, 0xFF, 0xE0, 0x00, 0x00, 0x07, 0xFF, 0xFF,
  0xF0, 0x00, 0x00, 0x01, 0xFE, 0x7F, 0xE0, 0x00, 0x00, 0x00, 0x7F, 0xC0,
  0x00, 0x00, 0x00, 0x00, 0x1F, 0xF0, 0x00, 0x00, 0x00, 0x00, 0x03, 0xFC,
  0x00, 0x00, 0x00, 0x00, 0x00, 0xFF, 0x80, 0x00, 0x00, 0x00, 0x00, 0x1F,
  0xF0, 0x00, 0x00, 0x00, 0x00, 0x07, 0xFF, 0x00, 0x00, 0x00, 0x00, 0x00,
  0xFF, 0xF0, 0x00, 0x00, 0x00, 0x00, 0x1F, 0xFF, 0xFC, 0x00, 0x00, 0x00,
  0x03, 0xFF, 0xFF, 0xFF, 0xE0, 0x00, 0x00, 0x7F, 0xFF, 0xFF, 0xFF, 0xC0,
  0x00, 0x0F, 0xFF, 0xFF, 0xFF, 0xFF, 0x00, 0x00, 0xFF, 0xFF, 0xFF, 0xFF,
  0xF0, 0x00, 0x1F, 0xFF, 0xFF, 0xFF, 0xFF, 0x00, 0x01, 0xFF, 0xFF, 0xFF,
  0xFF, 0xF0, 0x00, 0x1F, 0xFF, 0xFF, 0xFF, 0xFF, 0x00, 0x00, 0xFF, 0xFF,
  0xFF, 0xFF, 0xF0, 0x00, 0x07, 0xFF, 0xFF, 0xFF, 0xFE, 0x00, 0x03, 0xFC,
  0xFF, 0xFF, 0xFF, 0xE0, 0x01, 0xFF, 0x00, 0x1F, 0xFF, 0xFC, 0x00, 0x7F,
  0xC0, 0x00, 0x0F, 0xFF, 0x80, 0x1F, 0xF0, 0x00, 0x00, 0x7F, 0xF8, 0x07,
  0xFE, 0x00, 0x00, 0x07, 0xFF, 0x01, 0xFF, 0x80, 0x00, 0x00, 0xFF, 0xE0,
  0x7F, 0xE0, 0x00, 0x00, 0x0F, 0xFC, 0x0F, 0xFC, 0x00, 0x00, 0x01, 0xFF,
  0x81, 0xFF, 0x80, 0x00, 0x00, 0x3F, 0xF0, 0x7F, 0xF0, 0x00, 0x00, 0x07,
  0xFE, 0x0F, 0xFE, 0x00, 0x00, 0x00, 0xFF, 0xC1, 0xFF, 0xE0, 0x00, 0x00,
  0x3F, 0xF8, 0x3F, 0xFC, 0x00, 0x00, 0x0F, 0xFE, 0x07, 0xFF, 0xE0, 0x00,
  0x03, 0xFF, 0xC0, 0xFF, 0xFF, 0x80, 0x07, 0xFF, 0xF8, 0x1F, 0xFF, 0xFF,
  0xFF, 0xFF, 0xFE, 0x01, 0xFF, 0xFF, 0xFF, 0xFF, 0xFF, 0xC0, 0x3F, 0xFF,
  0xFF, 0xFF, 0xFF, 0xF0, 0x03, 0xFF, 0xFF, 0xFF, 0xFF, 0xFC, 0x00, 0x3F,
  0xFF, 0xFF, 0xFF, 0xFF, 0x00, 0x03, 0xFF, 0xFF, 0xFF, 0xFF, 0xC0, 0x00,
  0x3F, 0xFF, 0xFF, 0xFF, 0xF0, 0x00, 0x01, 0xFF, 0xFF, 0xFF, 0xF8, 0x00,
  0x00, 0x07, 0xFF, 0xFF, 0xF8, 0x00, 0x00, 0x00, 0x07, 0xFF, 0xF0, 0x00,
  0x00, 0x00, 0xFF, 0xF8, 0x00, 0x00, 0x00, 0xFF, 0xF8, 0x00, 0x00, 0x00,
  0xFF, 0xF8, 0x00, 0x00, 0x00, 0xFF, 0xF8, 0x00, 0x00, 0x00, 0xFF, 0xF8,
  0x00, 0x00, 0x00, 0xFF, 0xF8, 0x00, 0x00, 0x00, 0xFF, 0xF8, 0x00, 0x00,
  0x00, 0xFF, 0xF8, 0x00, 0x00, 0x00, 0xFF, 0xF8, 0x00, 0x00, 0x00, 0xFF,
  0xF8, 0x00, 0x00, 0x00, 0xFF, 0xF8, 0x00, 0x00, 0x00, 0xFF, 0xF8, 0x00,
  0x00, 0x00, 0xFF, 0xF8, 0x00, 0x00, 0x00, 0xFF, 0xF8, 0x00, 0x00, 0x00,
  0xFF, 0xF8, 0x00, 0x00, 0x00, 0xFF, 0xF8, 0x00, 0x00, 0x00, 0xFF, 0xF8,
  0x00, 0x00, 0x00, 0xFF, 0xF8, 0x00, 0x00, 0x00, 0xFF, 0xF8, 0x00, 0x00,
  0x00, 0xFF, 0xF8, 0x00, 0x00, 0x00, 0xFF, 0xF8, 0x00, 0x00, 0x00, 0xFF,
  0xF8, 0x00, 0x00, 0x00, 0xFF, 0xF8, 0x00, 0x00, 0x00, 0xFF, 0xF8, 0x00,
  0x00, 0x00, 0xFF, 0xF8, 0x00, 0x00, 0x00, 0xFF, 0xF8, 0x00, 0x00, 0x00,
  0xFF, 0xF8, 0x00, 0x7F, 0x80, 0xFF, 0xF8, 0x03, 0xFF, 0xE0, 0xFF, 0xF8,
  0x0F, 0xFF, 0xF0, 0xFF, 0xF8, 0x1F, 0xFF, 0xF8, 0xFF, 0xF8, 0x7F, 0xFF,
  0xFC, 0xFF, 0xF8, 0xFF, 0xFF, 0xFC, 0xFF, 0xF9, 0xFF, 0xFF, 0xFE, 0xFF,
  0xFB, 0xFF, 0xFF, 0xFE, 0xFF, 0xFF, 0xFF, 0xFF, 0xFE, 0xFF, 0xFF, 0xFF,
  0xFF, 0xFF, 0xFF, 0xFF, 0xE0, 0xFF, 0xFF, 0xFF, 0xFF, 0x80, 0x3F, 0xFF,
  0xFF, 0xFE, 0x00, 0x3F, 0xFF, 0xFF, 0xFC, 0x00, 0x3F, 0xFF, 0xFF, 0xF8,
  0x00, 0x1F, 0xFF, 0xFF, 0xF8, 0x00, 0x1F, 0xFF, 0xFF, 0xF8, 0x00, 0x1F,
  0xFF, 0xFF, 0xF8, 0x00, 0x1F, 0xFF, 0xFF, 0xF8, 0x00, 0x1F, 0xFF, 0xFF,
  0xF8, 0x00, 0x1F, 0xFF, 0xFF, 0xF8, 0x00, 0x1F, 0xFF, 0xFF, 0xF8, 0x00,
  0x1F, 0xFF, 0xFF, 0xF8, 0x00, 0x1F, 0xFF, 0xFF, 0xF8, 0x00, 0x1F, 0xFF,
  0xFF, 0xF8, 0x00, 0x1F, 0xFF, 0xFF, 0xF8, 0x00, 0x1F, 0xFF, 0xFF, 0xF8,
  0x00, 0x1F, 0xFF, 0xFF, 0xF8, 0x00, 0x1F, 0xFF, 0xFF, 0xF8, 0x00, 0x1F,
  0xFF, 0xFF, 0xF8, 0x00, 0x1F, 0xFF, 0xFF, 0xF8, 0x00, 0x1F, 0xFF, 0xFF,
  0xF8, 0x00, 0x1F, 0xFF, 0xFF, 0xF8, 0x00, 0x1F, 0xFF, 0xFF, 0xF8, 0x00,
  0x1F, 0xFF, 0xFF, 0xF8, 0x00, 0x1F, 0xFF, 0xFF, 0xF8, 0x00, 0x1F, 0xFF,
  0xFF, 0xF8, 0x00, 0x1F, 0xFF, 0xFF, 0xF8, 0x00, 0x1F, 0xFF, 0xFF, 0xF8,
  0x00, 0x1F, 0xFF, 0xFF, 0xF8, 0x00, 0x1F, 0xFF, 0xFF, 0xF8, 0x00, 0x1F,
  0xFF, 0xFF, 0xF8, 0x00, 0x1F, 0xFF, 0xFF, 0xF8, 0x00, 0x1F, 0xFF, 0xFF,
  0xF8, 0x00, 0x1F, 0xFF, 0xFF, 0xF8, 0x00, 0x1F, 0xFF, 0xFF, 0xF8, 0x00,
  0x1F, 0xFF, 0xFF, 0xF8, 0x00, 0x1F, 0xFF, 0xFF, 0xF8, 0x00, 0x1F, 0xFF,
  0xFF, 0xF8, 0x00, 0x1F, 0xFF, 0xFF, 0xF8, 0x00, 0x1F, 0xFF, 0xFF, 0xF8,
  0x00, 0x1F, 0xFF, 0xFF, 0xF8, 0x00, 0x1F, 0xFF, 0xFF, 0xF8, 0x00, 0x1F,
  0xFF, 0xFF, 0xF8, 0x00, 0x1F, 0xFF, 0xFF, 0xF8, 0x00, 0x1F, 0xFF, 0xFF,
  0xF8, 0x00, 0x1F, 0xFF, 0xFF, 0xF8, 0x00, 0x1F, 0xFF, 0xFF, 0xF8, 0x00,
  0x1F, 0xFF, 0xFF, 0xF8, 0x00, 0x1F, 0xFF, 0xFF, 0xF8, 0x00, 0x1F, 0xFF,
  0xFF, 0xF8, 0x00, 0x1F, 0xFF, 0xFF, 0xF8, 0x00, 0x1F, 0xFF, 0xFF, 0xF8,
  0x00, 0x1F, 0xFF, 0xFF, 0xF8, 0x00, 0x1F, 0xFF, 0xFF, 0xF8, 0x00, 0x1F,
  0xFF, 0xFF, 0xF8, 0x00, 0x1F, 0xFF, 0xFF, 0xF8, 0x00, 0x1F, 0xFF, 0xFF,
  0xF8, 0x00, 0x1F, 0xFF, 0xFF, 0xF8, 0x00, 0x1F, 0xFF, 0xFF, 0xFF, 0xFF,
  0xFF, 0xFF, 0xFF, 0xFF, 0xFF, 0xFF, 0xFF, 0xFF, 0xFF, 0xFF, 0xFF, 0xFF,
  0xFF, 0xFF, 0xFF, 0xFF, 0xFF, 0xFF, 0x80, 0x00, 0x00, 0x00, 0x00, 0x00,
  0x00, 0x00, 0x00, 0x00, 0x00, 0x00, 0x00, 0x00, 0x00, 0x00, 0x1F, 0xFF,
  0xFF, 0xFF, 0xFF, 0xFF, 0xFF, 0xFF, 0xFF, 0xFF, 0xFF, 0xFF, 0xFF, 0xFF,
  0xFF, 0xFF, 0xFF, 0xFF, 0xFF, 0xFF, 0xFF, 0xFF, 0xFF, 0xFF, 0xFF, 0xFF,
  0xFF, 0xFF, 0xFF, 0xFF, 0xFF, 0xFF, 0xFF, 0xFF, 0xFF, 0xFF, 0xFF, 0xFF,
  0xFF, 0xFF, 0xFF, 0xFF, 0xFF, 0xFF, 0xFF, 0xFF, 0xFF, 0xFF, 0xFF, 0xFF,
  0xFF, 0xFF, 0xFF, 0xFF, 0xFF, 0xFF, 0xFF, 0xFF, 0xFF, 0xFF, 0xFF, 0xFF,
  0xFF, 0xFF, 0xFF, 0xFF, 0xFF, 0xFF, 0xFF, 0xFF, 0xFF, 0xFF, 0xFF, 0xFF,
  0xFF, 0xFF, 0xFF, 0xFF, 0xFF, 0xFF, 0xFF, 0xFF, 0xFF, 0xFF, 0xFF, 0xFF,
  0xFF, 0xFF, 0xFF, 0xFF, 0xFF, 0xFF, 0xFF, 0xFF, 0xFF, 0xFF, 0xFF, 0xFF,
  0xFF, 0xFF, 0xFF, 0xFF, 0xFF, 0xFF, 0xFF, 0xFF, 0xFF, 0xFF, 0xFF, 0xFF,
  0xFE, 0x00, 0x1F, 0xFF, 0x00, 0x1F, 0xFF, 0x00, 0x1F, 0xFF, 0x00, 0x1F,
  0xFF, 0x00, 0x1F, 0xFF, 0x00, 0x1F, 0xFF, 0x00, 0x1F, 0xFF, 0x00, 0x1F,
  0xFF, 0x00, 0x1F, 0xFF, 0x00, 0x1F, 0xFF, 0x00, 0x1F, 0xFF, 0x00, 0x1F,
  0xFF, 0x00, 0x1F, 0xFF, 0x00, 0x00, 0x00, 0x00, 0x00, 0x00, 0x00, 0x00,
  0x00, 0x00, 0x00, 0x00, 0x00, 0x00, 0x00, 0x00, 0x00, 0x00, 0x00, 0x00,
  0x00, 0x00, 0x00, 0x00, 0x00, 0x00, 0x00, 0x00, 0x00, 0x00, 0x00, 0x1F,
  0xFF, 0x00, 0x1F, 0xFF, 0x00, 0x1F, 0xFF, 0x00, 0x1F, 0xFF, 0x00, 0x1F,
  0xFF, 0x00, 0x1F, 0xFF, 0x00, 0x1F, 0xFF, 0x00, 0x1F, 0xFF, 0x00, 0x1F,
  0xFF, 0x00, 0x1F, 0xFF, 0x00, 0x1F, 0xFF, 0x00, 0x1F, 0xFF, 0x00, 0x1F,
  0xFF, 0x00, 0x1F, 0xFF, 0x00, 0x1F, 0xFF, 0x00, 0x1F, 0xFF, 0x00, 0x1F,
  0xFF, 0x00, 0x1F, 0xFF, 0x00, 0x1F, 0xFF, 0x00, 0x1F, 0xFF, 0x00, 0x1F,
  0xFF, 0x00, 0x1F, 0xFF, 0x00, 0x1F, 0xFF, 0x00, 0x1F, 0xFF, 0x00, 0x1F,
  0xFF, 0x00, 0x1F, 0xFF, 0x00, 0x1F, 0xFF, 0x00, 0x1F, 0xFF, 0x00, 0x1F,
  0xFF, 0x00, 0x1F, 0xFF, 0x00, 0x1F, 0xFF, 0x00, 0x1F, 0xFF, 0x00, 0x1F,
  0xFF, 0x00, 0x1F, 0xFF, 0x00, 0x1F, 0xFF, 0x00, 0x1F, 0xFF, 0x00, 0x1F,
  0xFF, 0x00, 0x1F, 0xFF, 0x00, 0x1F, 0xFF, 0x00, 0x1F, 0xFF, 0x00, 0x1F,
  0xFF, 0x00, 0x1F, 0xFF, 0x00, 0x1F, 0xFF, 0x00, 0x1F, 0xFF, 0x00, 0x1F,
  0xFF, 0x00, 0x1F, 0xFF, 0x00, 0x1F, 0xFF, 0x00, 0x1F, 0xFF, 0x00, 0x1F,
  0xFF, 0x00, 0x1F, 0xFF, 0x00, 0x1F, 0xFF, 0x00, 0x1F, 0xFF, 0x00, 0x1F,
  0xFF, 0x00, 0x1F, 0xFF, 0x00, 0x1F, 0xFF, 0x00, 0x1F, 0xFF, 0x00, 0x1F,
  0xFF, 0x00, 0x1F, 0xFF, 0x00, 0x1F, 0xFF, 0x00, 0x1F, 0xFF, 0x00, 0x1F,
  0xFF, 0x00, 0x1F, 0xFF, 0x00, 0x1F, 0xFF, 0x00, 0x1F, 0xFF, 0x00, 0x1F,
  0xFF, 0x00, 0x1F, 0xFF, 0x00, 0x1F, 0xFF, 0x00, 0x1F, 0xFF, 0x00, 0x1F,
  0xFF, 0x00, 0x1F, 0xFF, 0x00, 0x1F, 0xFF, 0x00, 0x3F, 0xFF, 0x00, 0x3F,
  0xFF, 0x00, 0x3F, 0xFE, 0x00, 0x7F, 0xFE, 0x01, 0xFF, 0xFE, 0xFF, 0xFF,
  0xFC, 0xFF, 0xFF, 0xFC, 0xFF, 0xFF, 0xF8, 0xFF, 0xFF, 0xF8, 0xFF, 0xFF,
  0xF0, 0xFF, 0xFF, 0xE0, 0xFF, 0xFF, 0x80, 0xFF, 0xFE, 0x00, 0x7F, 0xF0,
  0x00, 0xFF, 0xF8, 0x00, 0x00, 0x00, 0x0F, 0xFF, 0x80, 0x00, 0x00, 0x00,
  0xFF, 0xF8, 0x00, 0x00, 0x00, 0x0F, 0xFF, 0x80, 0x00, 0x00, 0x00, 0xFF,
  0xF8, 0x00, 0x00, 0x00, 0x0F, 0xFF, 0x80, 0x00, 0x00, 0x00, 0xFF, 0xF8,
  0x00, 0x00, 0x00, 0x0F, 0xFF, 0x80, 0x00, 0x00, 0x00, 0xFF, 0xF8, 0x00,
  0x00, 0x00, 0x0F, 0xFF, 0x80, 0x00, 0x00, 0x00, 0xFF, 0xF8, 0x00, 0x00,
  0x00, 0x0F, 0xFF, 0x80, 0x00, 0x00, 0x00, 0xFF, 0xF8, 0x00, 0x00, 0x00,
  0x0F, 0xFF, 0x80, 0x00, 0x00, 0x00, 0xFF, 0xF8, 0x00, 0x00, 0x00, 0x0F,
  0xFF, 0x80, 0x00, 0x00, 0x00, 0xFF, 0xF8, 0x00, 0x00, 0x00, 0x0F, 0xFF,
  0x80, 0x00, 0x00, 0x00, 0xFF, 0xF8, 0x00, 0x00, 0x00, 0x0F, 0xFF, 0x80,
  0x00, 0x00, 0x00, 0xFF, 0xF8, 0x00, 0x00, 0x00, 0x0F, 0xFF, 0x80, 0x00,
  0x00, 0x00, 0xFF, 0xF8, 0x00, 0x00, 0x00, 0x0F, 0xFF, 0x80, 0x00, 0x00,
  0x00, 0xFF, 0xF8, 0x00, 0x00, 0x00, 0x0F, 0xFF, 0x80, 0x00, 0x00, 0x00,
  0xFF, 0xF8, 0x00, 0x00, 0x00, 0x0F, 0xFF, 0x80, 0x00, 0x1F, 0xFF, 0xFF,
  0xF8, 0x00, 0x03, 0xFF, 0xFF, 0xFF, 0x80, 0x00, 0x3F, 0xFE, 0xFF, 0xF8,
  0x00, 0x07, 0xFF, 0xCF, 0xFF, 0x80, 0x00, 0x7F, 0xFC, 0xFF, 0xF8, 0x00,
  0x0F, 0xFF, 0x8F, 0xFF, 0x80, 0x01, 0xFF, 0xF8, 0xFF, 0xF8, 0x00, 0x1F,
  0xFF, 0x0F, 0xFF, 0x80, 0x03, 0xFF, 0xE0, 0xFF, 0xF8, 0x00, 0x7F, 0xFE,
  0x0F, 0xFF, 0x80, 0x07, 0xFF, 0xC0, 0xFF, 0xF8, 0x00, 0xFF, 0xFC, 0x0F,
  0xFF, 0x80, 0x0F, 0xFF, 0x80, 0xFF, 0xF8, 0x01, 0xFF, 0xF0, 0x0F, 0xFF,
  0x80, 0x3F, 0xFF, 0x00, 0xFF, 0xF8, 0x03, 0xFF, 0xE0, 0x0F, 0xFF, 0x80,
  0x7F, 0xFE, 0x00, 0xFF, 0xF8, 0x0F, 0xFF, 0xC0, 0x0F, 0xFF, 0x80, 0xFF,
  0xF8, 0x00, 0xFF, 0xF8, 0x1F, 0xFF, 0x80, 0x0F, 0xFF, 0x81, 0xFF, 0xF0,
  0x00, 0xFF, 0xF8, 0x3F, 0xFF, 0x00, 0x0F, 0xFF, 0x87, 0xFF, 0xE0, 0x00,
  0xFF, 0xF8, 0x7F, 0xFC, 0x00, 0x0F, 0xFF, 0x8F, 0xFF, 0xC0, 0x00, 0xFF,
  0xF9, 0xFF, 0xF8, 0x00, 0x0F, 0xFF, 0x9F, 0xFF, 0x80, 0x00, 0xFF, 0xFB,
  0xFF, 0xF8, 0x00, 0x0F, 0xFF, 0xBF, 0xFF, 0x80, 0x00, 0xFF, 0xFF, 0xFF,
  0xFC, 0x00, 0x0F, 0xFF, 0xFF, 0xFF, 0xC0, 0x00, 0xFF, 0xFF, 0xFF, 0xFC,
  0x00, 0x0F, 0xFF, 0xFF, 0xFF, 0xE0, 0x00, 0xFF, 0xFF, 0xFF, 0xFE, 0x00,
  0x0F, 0xFF, 0xFD, 0xFF, 0xE0, 0x00, 0xFF, 0xFF, 0x8F, 0xFF, 0x00, 0x0F,
  0xFF, 0xF8, 0xFF, 0xF0, 0x00, 0xFF, 0xFF, 0x0F, 0xFF, 0x80, 0x0F, 0xFF,
  0xE0, 0x7F, 0xF8, 0x00, 0xFF, 0xFE, 0x07, 0xFF, 0x80, 0x0F, 0xFF, 0xC0,
  0x7F, 0xFC, 0x00, 0xFF, 0xF8, 0x03, 0xFF, 0xC0, 0x0F, 0xFF, 0x80, 0x3F,
  0xFC, 0x00, 0xFF, 0xF8, 0x01, 0xFF, 0xE0, 0x0F, 0xFF, 0x80, 0x1F, 0xFE,
  0x00, 0xFF, 0xF8, 0x01, 0xFF, 0xF0, 0x0F, 0xFF, 0x80, 0x0F, 0xFF, 0x00,
  0xFF, 0xF8, 0x00, 0xFF, 0xF0, 0x0F, 0xFF, 0x80, 0x0F, 0xFF, 0x80, 0xFF,
  0xF8, 0x00, 0x7F, 0xF8, 0x0F, 0xFF, 0x80, 0x07, 0xFF, 0x80, 0xFF, 0xF8,
  0x00, 0x7F, 0xFC, 0x0F, 0xFF, 0x80, 0x03, 0xFF, 0xC0, 0xFF, 0xF8, 0x00,
  0x3F, 0xFE, 0x0F, 0xFF, 0x80, 0x01, 0xFF, 0xE0, 0xFF, 0xF8, 0x00, 0x1F,
  0xFE, 0x0F, 0xFF, 0x80, 0x01, 0xFF, 0xF0, 0xFF, 0xF8, 0x00, 0x0F, 0xFF,
  0x0F, 0xFF, 0x80, 0x00, 0xFF, 0xF0, 0xFF, 0xF8, 0x00, 0x0F, 0xFF, 0x8F,
  0xFF, 0x80, 0x00, 0x7F, 0xF8, 0xFF, 0xF8, 0x00, 0x07, 0xFF, 0xCF, 0xFF,
  0x80, 0x00, 0x7F, 0xFC, 0xFF, 0xF8, 0x00, 0x03, 0xFF, 0xCF, 0xFF, 0x80,
  0x00, 0x3F, 0xFE, 0xFF, 0xF8, 0x00, 0x01, 0xFF, 0xEF, 0xFF, 0x80, 0x00,
  0x1F, 0xFE, 0xFF, 0xF8, 0x00, 0x01, 0xFF, 0xF0, 0xFF, 0xFF, 0xFF, 0xFF,
  0xFF, 0xFF, 0xFF, 0xFF, 0xFF, 0xFF, 0xFF, 0xFF, 0xFF, 0xFF, 0xFF, 0xFF,
  0xFF, 0xFF, 0xFF, 0xFF, 0xFF, 0xFF, 0xFF, 0xFF, 0xFF, 0xFF, 0xFF, 0xFF,
  0xFF, 0xFF, 0xFF, 0xFF, 0xFF, 0xFF, 0xFF, 0xFF, 0xFF, 0xFF, 0xFF, 0xFF,
  0xFF, 0xFF, 0xFF, 0xFF, 0xFF, 0xFF, 0xFF, 0xFF, 0xFF, 0xFF, 0xFF, 0xFF,
  0xFF, 0xFF, 0xFF, 0xFF, 0xFF, 0xFF, 0xFF, 0xFF, 0xFF, 0xFF, 0xFF, 0xFF,
  0xFF, 0xFF, 0xFF, 0xFF, 0xFF, 0xFF, 0xFF, 0xFF, 0xFF, 0xFF, 0xFF, 0xFF,
  0xFF, 0xFF, 0xFF, 0xFF, 0xFF, 0xFF, 0xFF, 0xFF, 0xFF, 0xFF, 0xFF, 0xFF,
  0xFF, 0xFF, 0xFF, 0xFF, 0xFF, 0xFF, 0xFF, 0xFF, 0xFF, 0xFF, 0xFF, 0xFF,
  0xFF, 0xFF, 0xFF, 0xFF, 0xFF, 0xFF, 0xFF, 0xFF, 0xFF, 0xFF, 0xFF, 0xFF,
  0xFF, 0xFF, 0xFF, 0xFF, 0xFF, 0xFF, 0xFF, 0xFF, 0xFF, 0xFF, 0xFF, 0xFF,
  0xFF, 0xFF, 0xFF, 0xFF, 0xFF, 0xFF, 0xFF, 0xFF, 0xFF, 0xFF, 0xFF, 0xFF,
  0xFF, 0xFF, 0xFF, 0xFF, 0xFF, 0xFF, 0xFF, 0xFF, 0xFF, 0xFF, 0xFF, 0xFF,
  0xFF, 0xFF, 0xFF, 0xFF, 0xFF, 0xFF, 0xE0, 0x00, 0x00, 0x00, 0xFF, 0x00,
  0x00, 0x1F, 0xF0, 0x0F, 0xFF, 0x00, 0xFF, 0xFC, 0x00, 0x0F, 0xFF, 0xC0,
  0xFF, 0xF0, 0x3F, 0xFF, 0xF0, 0x03, 0xFF, 0xFE, 0x0F, 0xFF, 0x0F, 0xFF,
  0xFF, 0x80, 0xFF, 0xFF, 0xF0, 0xFF, 0xF1, 0xFF, 0xFF, 0xF8, 0x1F, 0xFF,
  0xFF, 0x8F, 0xFF, 0x3F, 0xFF, 0xFF, 0xC3, 0xFF, 0xFF, 0xFC, 0xFF, 0xF7,
  0xFF, 0xFF, 0xFC, 0x7F, 0xFF, 0xFF, 0xCF, 0xFF, 0xFF, 0xFF, 0xFF, 0xEF,
  0xFF, 0xFF, 0xFE, 0xFF, 0xFF, 0xE0, 0x7F, 0xFF, 0xFE, 0x07, 0xFF, 0xEF,
  0xFF, 0xF8, 0x03, 0xFF, 0xFF, 0x80, 0x3F, 0xFE, 0xFF, 0xFE, 0x00, 0x1F,
  0xFF, 0xE0, 0x01, 0xFF, 0xFF, 0xFF, 0xC0, 0x01, 0xFF, 0xFC, 0x00, 0x1F,
  0xFF, 0xFF, 0xF8, 0x00, 0x0F, 0xFF, 0x80, 0x00, 0xFF, 0xFF, 0xFF, 0x00,
  0x00, 0xFF, 0xF0, 0x00, 0x0F, 0xFF, 0xFF, 0xF0, 0x00, 0x0F, 0xFF, 0x00,
  0x00, 0xFF, 0xFF, 0xFF, 0x00, 0x00, 0xFF, 0xF0, 0x00, 0x0F, 0xFF, 0xFF,
  0xF0, 0x00, 0x0F, 0xFF, 0x00, 0x00, 0xFF, 0xFF, 0xFF, 0x00, 0x00, 0xFF,
  0xF0, 0x00, 0x0F, 0xFF, 0xFF, 0xF0, 0x00, 0x0F, 0xFF, 0x00, 0x00, 0xFF,
  0xFF, 0xFF, 0x00, 0x00, 0xFF, 0xF0, 0x00, 0x0F, 0xFF, 0xFF, 0xF0, 0x00,
  0x0F, 0xFF, 0x00, 0x00, 0xFF, 0xFF, 0xFF, 0x00, 0x00, 0xFF, 0xF0, 0x00,
  0x0F, 0xFF, 0xFF, 0xF0, 0x00, 0x0F, 0xFF, 0x00, 0x00, 0xFF, 0xFF, 0xFF,
  0x00, 0x00, 0xFF, 0xF0, 0x00, 0x0F, 0xFF, 0xFF, 0xF0, 0x00, 0x0F, 0xFF,
  0x00, 0x00, 0xFF, 0xFF, 0xFF, 0x00, 0x00, 0xFF, 0xF0, 0x00, 0x0F, 0xFF,
  0xFF, 0xF0, 0x00, 0x0F, 0xFF, 0x00, 0x00, 0xFF, 0xFF, 0xFF, 0x00, 0x00,
  0xFF, 0xF0, 0x00, 0x0F, 0xFF, 0xFF, 0xF0, 0x00, 0x0F, 0xFF, 0x00, 0x00,
  0xFF, 0xFF, 0xFF, 0x00, 0x00, 0xFF, 0xF0, 0x00, 0x0F, 0xFF, 0xFF, 0xF0,
  0x00, 0x0F, 0xFF, 0x00, 0x00, 0xFF, 0xFF, 0xFF, 0x00, 0x00, 0xFF, 0xF0,
  0x00, 0x0F, 0xFF, 0xFF, 0xF0, 0x00, 0x0F, 0xFF, 0x00, 0x00, 0xFF, 0xFF,
  0xFF, 0x00, 0x00, 0xFF, 0xF0, 0x00, 0x0F, 0xFF, 0xFF, 0xF0, 0x00, 0x0F,
  0xFF, 0x00, 0x00, 0xFF, 0xFF, 0xFF, 0x00, 0x00, 0xFF, 0xF0, 0x00, 0x0F,
  0xFF, 0xFF, 0xF0, 0x00, 0x0F, 0xFF, 0x00, 0x00, 0xFF, 0xFF, 0xFF, 0x00,
  0x00, 0xFF, 0xF0, 0x00, 0x0F, 0xFF, 0xFF, 0xF0, 0x00, 0x0F, 0xFF, 0x00,
  0x00, 0xFF, 0xFF, 0xFF, 0x00, 0x00, 0xFF, 0xF0, 0x00, 0x0F, 0xFF, 0xFF,
  0xF0, 0x00, 0x0F, 0xFF, 0x00, 0x00, 0xFF, 0xFF, 0xFF, 0x00, 0x00, 0xFF,
  0xF0, 0x00, 0x0F, 0xFF, 0xFF, 0xF0, 0x00, 0x0F, 0xFF, 0x00, 0x00, 0xFF,
  0xFF, 0xFF, 0x00, 0x00, 0xFF, 0xF0, 0x00, 0x0F, 0xFF, 0xFF, 0xF0, 0x00,
  0x0F, 0xFF, 0x00, 0x00, 0xFF, 0xFF, 0xFF, 0x00, 0x00, 0xFF, 0xF0, 0x00,
  0x0F, 0xFF, 0xFF, 0xF0, 0x00, 0x0F, 0xFF, 0x00, 0x00, 0xFF, 0xFF, 0xFF,
  0x00, 0x00, 0xFF, 0xF0, 0x00, 0x0F, 0xFF, 0xFF, 0xF0, 0x00, 0x0F, 0xFF,
  0x00, 0x00, 0xFF, 0xFF, 0xFF, 0x00, 0x00, 0xFF, 0xF0, 0x00, 0x0F, 0xFF,
  0xFF, 0xF0, 0x00, 0x0F, 0xFF, 0x00, 0x00, 0xFF, 0xFF, 0xFF, 0x00, 0x00,
  0xFF, 0xF0, 0x00, 0x0F, 0xFF, 0xFF, 0xF0, 0x00, 0x0F, 0xFF, 0x00, 0x00,
  0xFF, 0xFF, 0xFF, 0x00, 0x00, 0xFF, 0xF0, 0x00, 0x0F, 0xFF, 0xFF, 0xF0,
  0x00, 0x0F, 0xFF, 0x00, 0x00, 0xFF, 0xFF, 0xFF, 0x00, 0x00, 0xFF, 0xF0,
  0x00, 0x0F, 0xFF, 0xFF, 0xF0, 0x00, 0x0F, 0xFF, 0x00, 0x00, 0xFF, 0xFF,
  0xFF, 0x00, 0x00, 0xFF, 0xF0, 0x00, 0x0F, 0xFF, 0xFF, 0xF0, 0x00, 0x0F,
  0xFF, 0x00, 0x00, 0xFF, 0xFF, 0xFF, 0x00, 0x00, 0xFF, 0xF0, 0x00, 0x0F,
  0xFF, 0xFF, 0xF0, 0x00, 0x0F, 0xFF, 0x00, 0x00, 0xFF, 0xFF, 0xFF, 0x00,
  0x00, 0xFF, 0xF0, 0x00, 0x0F, 0xFF, 0xFF, 0xF0, 0x00, 0x0F, 0xFF, 0x00,
  0x00, 0xFF, 0xFF, 0xFF, 0x00, 0x00, 0xFF, 0xF0, 0x00, 0x0F, 0xFF, 0xFF,
  0xF0, 0x00, 0x0F, 0xFF, 0x00, 0x00, 0xFF, 0xFF, 0xFF, 0x00, 0x00, 0xFF,
  0xF0, 0x00, 0x0F, 0xFF, 0xFF, 0xF0, 0x00, 0x0F, 0xFF, 0x00, 0x00, 0xFF,
  0xFF, 0xFF, 0x00, 0x00, 0xFF, 0xF0, 0x00, 0x0F, 0xFF, 0xFF, 0xF0, 0x00,
  0x0F, 0xFF, 0x00, 0x00, 0xFF, 0xF0, 0x00, 0x00, 0x00, 0x7F, 0x80, 0xFF,
  0xF8, 0x03, 0xFF, 0xE0, 0xFF, 0xF8, 0x0F, 0xFF, 0xF0, 0xFF, 0xF8, 0x3F,
  0xFF, 0xF8, 0xFF, 0xF8, 0x7F, 0xFF, 0xFC, 0xFF, 0xF8, 0xFF, 0xFF, 0xFC,
  0xFF, 0xFB, 0xFF, 0xFF, 0xFE, 0xFF, 0xFF, 0xFF, 0xFF, 0xFE, 0xFF, 0xFF,
  0xFF, 0xFF, 0xFE, 0xFF, 0xFF, 0xFF, 0xFF, 0xFF, 0xFF, 0xFF, 0xE0, 0xFF,
  0xFF, 0xFF, 0xFF, 0x80, 0x3F, 0xFF, 0xFF, 0xFE, 0x00, 0x3F, 0xFF, 0xFF,
  0xFC, 0x00, 0x3F, 0xFF, 0xFF, 0xF8, 0x00, 0x1F, 0xFF, 0xFF, 0xF8, 0x00,
  0x1F, 0xFF, 0xFF, 0xF8, 0x00, 0x1F, 0xFF, 0xFF, 0xF8, 0x00, 0x1F, 0xFF,
  0xFF, 0xF8, 0x00, 0x1F, 0xFF, 0xFF, 0xF8, 0x00, 0x1F, 0xFF, 0xFF, 0xF8,
  0x00, 0x1F, 0xFF, 0xFF, 0xF8, 0x00, 0x1F, 0xFF, 0xFF, 0xF8, 0x00, 0x1F,
  0xFF, 0xFF, 0xF8, 0x00, 0x1F, 0xFF, 0xFF, 0xF8, 0x00, 0x1F, 0xFF, 0xFF,
  0xF8, 0x00, 0x1F, 0xFF, 0xFF, 0xF8, 0x00, 0x1F, 0xFF, 0xFF, 0xF8, 0x00,
  0x1F, 0xFF, 0xFF, 0xF8, 0x00, 0x1F, 0xFF, 0xFF, 0xF8, 0x00, 0x1F, 0xFF,
  0xFF, 0xF8, 0x00, 0x1F, 0xFF, 0xFF, 0xF8, 0x00, 0x1F, 0xFF, 0xFF, 0xF8,
  0x00, 0x1F, 0xFF, 0xFF, 0xF8, 0x00, 0x1F, 0xFF, 0xFF, 0xF8, 0x00, 0x1F,
  0xFF, 0xFF, 0xF8, 0x00, 0x1F, 0xFF, 0xFF, 0xF8, 0x00, 0x1F, 0xFF, 0xFF,
  0xF8, 0x00, 0x1F, 0xFF, 0xFF, 0xF8, 0x00, 0x1F, 0xFF, 0xFF, 0xF8, 0x00,
  0x1F, 0xFF, 0xFF, 0xF8, 0x00, 0x1F, 0xFF, 0xFF, 0xF8, 0x00, 0x1F, 0xFF,
  0xFF, 0xF8, 0x00, 0x1F, 0xFF, 0xFF, 0xF8, 0x00, 0x1F, 0xFF, 0xFF, 0xF8,
  0x00, 0x1F, 0xFF, 0xFF, 0xF8, 0x00, 0x1F, 0xFF, 0xFF, 0xF8, 0x00, 0x1F,
  0xFF, 0xFF, 0xF8, 0x00, 0x1F, 0xFF, 0xFF, 0xF8, 0x00, 0x1F, 0xFF, 0xFF,
  0xF8, 0x00, 0x1F, 0xFF, 0xFF, 0xF8, 0x00, 0x1F, 0xFF, 0xFF, 0xF8, 0x00,
  0x1F, 0xFF, 0xFF, 0xF8, 0x00, 0x1F, 0xFF, 0xFF, 0xF8, 0x00, 0x1F, 0xFF,
  0xFF, 0xF8, 0x00, 0x1F, 0xFF, 0xFF, 0xF8, 0x00, 0x1F, 0xFF, 0xFF, 0xF8,
  0x00, 0x1F, 0xFF, 0xFF, 0xF8, 0x00, 0x1F, 0xFF, 0xFF, 0xF8, 0x00, 0x1F,
  0xFF, 0xFF, 0xF8, 0x00, 0x1F, 0xFF, 0xFF, 0xF8, 0x00, 0x1F, 0xFF, 0xFF,
  0xF8, 0x00, 0x1F, 0xFF, 0xFF, 0xF8, 0x00, 0x1F, 0xFF, 0xFF, 0xF8, 0x00,
  0x1F, 0xFF, 0xFF, 0xF8, 0x00, 0x1F, 0xFF, 0xFF, 0xF8, 0x00, 0x1F, 0xFF,
  0xFF, 0xF8, 0x00, 0x1F, 0xFF, 0xFF, 0xF8, 0x00, 0x1F, 0xFF, 0xFF, 0xF8,
  0x00, 0x1F, 0xFF, 0x00, 0x03, 0xFF, 0xC0, 0x00, 0x00, 0x1F, 0xFF, 0xF8,
  0x00, 0x00, 0x7F, 0xFF, 0xFE, 0x00, 0x01, 0xFF, 0xFF, 0xFF, 0x80, 0x03,
  0xFF, 0xFF, 0xFF, 0xC0, 0x07, 0xFF, 0xFF, 0xFF, 0xE0, 0x0F, 0xFF, 0xFF,
  0xFF, 0xF0, 0x0F, 0xFF, 0xFF, 0xFF, 0xF0, 0x1F, 0xFF, 0xFF, 0xFF, 0xF8,
  0x1F, 0xFF, 0x81, 0xFF, 0xF8, 0x3F, 0xFF, 0x00, 0xFF, 0xFC, 0x3F, 0xFE,
  0x00, 0x7F, 0xFC, 0x3F, 0xFC, 0x00, 0x3F, 0xFC, 0x7F, 0xFC, 0x00, 0x3F,
  0xFE, 0x7F, 0xFC, 0x00, 0x3F, 0xFE, 0x7F, 0xF8, 0x00, 0x1F, 0xFE, 0x7F,
  0xF8, 0x00, 0x1F, 0xFE, 0x7F, 0xF8, 0x00, 0x1F, 0xFE, 0xFF, 0xF8, 0x00,
  0x1F, 0xFF, 0xFF, 0xF8, 0x00, 0x1F, 0xFF, 0xFF, 0xF8, 0x00, 0x1F, 0xFF,
  0xFF, 0xF8, 0x00, 0x1F, 0xFF, 0xFF, 0xF8, 0x00, 0x1F, 0xFF, 0xFF, 0xF8,
  0x00, 0x1F, 0xFF, 0xFF, 0xF8, 0x00, 0x1F, 0xFF, 0xFF, 0xF8, 0x00, 0x1F,
  0xFF, 0xFF, 0xF8, 0x00, 0x1F, 0xFF, 0xFF, 0xF8, 0x00, 0x1F, 0xFF, 0xFF,
  0xF8, 0x00, 0x1F, 0xFF, 0xFF, 0xF8, 0x00, 0x1F, 0xFF, 0xFF, 0xF8, 0x00,
  0x1F, 0xFF, 0xFF, 0xF8, 0x00, 0x1F, 0xFF, 0xFF, 0xF8, 0x00, 0x1F, 0xFF,
  0xFF, 0xF8, 0x00, 0x1F, 0xFF, 0xFF, 0xF8, 0x00, 0x1F, 0xFF, 0xFF, 0xF8,
  0x00, 0x1F, 0xFF, 0xFF, 0xF8, 0x00, 0x1F, 0xFF, 0xFF, 0xF8, 0x00, 0x1F,
  0xFF, 0xFF, 0xF8, 0x00, 0x1F, 0xFF, 0xFF, 0xF8, 0x00, 0x1F, 0xFF, 0xFF,
  0xF8, 0x00, 0x1F, 0xFF, 0xFF, 0xF8, 0x00, 0x1F, 0xFF, 0xFF, 0xF8, 0x00,
  0x1F, 0xFF, 0xFF, 0xF8, 0x00, 0x1F, 0xFF, 0xFF, 0xF8, 0x00, 0x1F, 0xFF,
  0xFF, 0xF8, 0x00, 0x1F, 0xFF, 0xFF, 0xF8, 0x00, 0x1F, 0xFF, 0xFF, 0xF8,
  0x00, 0x1F, 0xFF, 0xFF, 0xF8, 0x00, 0x1F, 0xFF, 0xFF, 0xF8, 0x00, 0x1F,
  0xFF, 0xFF, 0xF8, 0x00, 0x1F, 0xFF, 0xFF, 0xF8, 0x00, 0x1F, 0xFF, 0xFF,
  0xF8, 0x00, 0x1F, 0xFE, 0x7F, 0xF8, 0x00, 0x1F, 0xFE, 0x7F, 0xF8, 0x00,
  0x1F, 0xFE, 0x7F, 0xFC, 0x00, 0x3F, 0xFE, 0x7F, 0xFC, 0x00, 0x3F, 0xFE,
  0x3F, 0xFC, 0x00, 0x3F, 0xFC, 0x3F, 0xFE, 0x00, 0x7F, 0xFC, 0x3F, 0xFF,
  0x00, 0xFF, 0xFC, 0x1F, 0xFF, 0x81, 0xFF, 0xF8, 0x1F, 0xFF, 0xFF, 0xFF,
  0xF8, 0x0F, 0xFF, 0xFF, 0xFF, 0xF0, 0x0F, 0xFF, 0xFF, 0xFF, 0xE0, 0x07,
  0xFF, 0xFF, 0xFF, 0xE0, 0x03, 0xFF, 0xFF, 0xFF, 0xC0, 0x01, 0xFF, 0xFF,
  0xFF, 0x80, 0x00, 0x7F, 0xFF, 0xFE, 0x00, 0x00, 0x1F, 0xFF, 0xF8, 0x00,
  0x00, 0x03, 0xFF, 0xC0, 0x00, 0x00, 0x00, 0x03, 0xFC, 0x00, 0x7F, 0xFC,
  0x0F, 0xFF, 0x80, 0x3F, 0xFE, 0x1F, 0xFF, 0xF0, 0x1F, 0xFF, 0x1F, 0xFF,
  0xFC, 0x0F, 0xFF, 0x9F, 0xFF, 0xFF, 0x07, 0xFF, 0xDF, 0xFF, 0xFF, 0x83,
  0xFF, 0xFF, 0xFF, 0xFF, 0xE1, 0xFF, 0xFF, 0xFF, 0xFF, 0xF8, 0xFF, 0xFF,
  0xFF, 0xFF, 0xFC, 0x7F, 0xFF, 0xFF, 0xFF, 0xFE, 0x3F, 0xFF, 0xF0, 0x3F,
  0xFF, 0x9F, 0xFF, 0xE0, 0x0F, 0xFF, 0xCF, 0xFF, 0xC0, 0x03, 0xFF, 0xE7,
  0xFF, 0xC0, 0x01, 0xFF, 0xFB, 0xFF, 0xE0, 0x00, 0x7F, 0xFD, 0xFF, 0xF0,
  0x00, 0x3F, 0xFE, 0xFF, 0xF8, 0x00, 0x1F, 0xFF, 0x7F, 0xFC, 0x00, 0x0F,
  0xFF, 0xBF, 0xFE, 0x00, 0x03, 0xFF, 0xFF, 0xFF, 0x00, 0x01, 0xFF, 0xFF,
  0xFF, 0x80, 0x00, 0xFF, 0xFF, 0xFF, 0xC0, 0x00, 0x7F, 0xFF, 0xFF, 0xE0,
  0x00, 0x3F, 0xFF, 0xFF, 0xF0, 0x00, 0x1F, 0xFF, 0xFF, 0xF8, 0x00, 0x0F,
  0xFF, 0xFF, 0xFC, 0x00, 0x07, 0xFF, 0xFF, 0xFE, 0x00, 0x03, 0xFF, 0xFF,
  0xFF, 0x00, 0x01, 0xFF, 0xFF, 0xFF, 0x80, 0x00, 0xFF, 0xFF, 0xFF, 0xC0,
  0x00, 0x7F, 0xFF, 0xFF, 0xE0, 0x00, 0x3F, 0xFF, 0xFF, 0xF0, 0x00, 0x1F,
  0xFF, 0xFF, 0xF8, 0x00, 0x0F, 0xFF, 0xFF, 0xFC, 0x00, 0x07, 0xFF, 0xFF,
  0xFE, 0x00, 0x03, 0xFF, 0xFF, 0xFF, 0x00, 0x01, 0xFF, 0xFF, 0xFF, 0x80,
  0x00, 0xFF, 0xFF, 0xFF, 0xC0, 0x00, 0x7F, 0xFF, 0xFF, 0xE0, 0x00, 0x3F,
  0xFF, 0xFF, 0xF0, 0x00, 0x1F, 0xFF, 0xFF, 0xF8, 0x00, 0x0F, 0xFF, 0xFF,
  0xFC, 0x00, 0x07, 0xFF, 0xFF, 0xFE, 0x00, 0x03, 0xFF, 0xFF, 0xFF, 0x00,
  0x01, 0xFF, 0xFF, 0xFF, 0x80, 0x00, 0xFF, 0xFF, 0xFF, 0xC0, 0x00, 0x7F,
  0xFF, 0xFF, 0xE0, 0x00, 0x3F, 0xFF, 0xFF, 0xF0, 0x00, 0x1F, 0xFF, 0xFF,
  0xF8, 0x00, 0x0F, 0xFF, 0xFF, 0xFC, 0x00, 0x07, 0xFF, 0xFF, 0xFE, 0x00,
  0x03, 0xFF, 0xDF, 0xFF, 0x00, 0x01, 0xFF, 0xEF, 0xFF, 0x80, 0x01, 0xFF,
  0xF7, 0xFF, 0xC0, 0x00, 0xFF, 0xFB, 0xFF, 0xE0, 0x00, 0x7F, 0xFD, 0xFF,
  0xF0, 0x00, 0x3F, 0xFE, 0xFF, 0xF8, 0x00, 0x3F, 0xFE, 0x7F, 0xFE, 0x00,
  0x1F, 0xFF, 0x3F, 0xFF, 0x80, 0x1F, 0xFF, 0x9F, 0xFF, 0xF8, 0x1F, 0xFF,
  0x8F, 0xFF, 0xFF, 0xFF, 0xFF, 0xC7, 0xFF, 0xFF, 0xFF, 0xFF, 0xE3, 0xFF,
  0xFF, 0xFF, 0xFF, 0xE1, 0xFF, 0xFF, 0xFF, 0xFF, 0xF0, 0xFF, 0xFB, 0xFF,
  0xFF, 0xF0, 0x7F, 0xFC, 0xFF, 0xFF, 0xF0, 0x3F, 0xFE, 0x3F, 0xFF, 0xF0,
  0x1F, 0xFF, 0x0F, 0xFF, 0xF0, 0x0F, 0xFF, 0x83, 0xFF, 0xE0, 0x07, 0xFF,
  0xC0, 0x3F, 0xC0, 0x03, 0xFF, 0xE0, 0x00, 0x00, 0x01, 0xFF, 0xF0, 0x00,
  0x00, 0x00, 0xFF, 0xF8, 0x00, 0x00, 0x00, 0x7F, 0xFC, 0x00, 0x00, 0x00,
  0x3F, 0xFE, 0x00, 0x00, 0x00, 0x1F, 0xFF, 0x00, 0x00, 0x00, 0x0F, 0xFF,
  0x80, 0x00, 0x00, 0x07, 0xFF, 0xC0, 0x00, 0x00, 0x03, 0xFF, 0xE0, 0x00,
  0x00, 0x01, 0xFF, 0xF0, 0x00, 0x00, 0x00, 0xFF, 0xF8, 0x00, 0x00, 0x00,
  0x7F, 0xFC, 0x00, 0x00, 0x00, 0x3F, 0xFE, 0x00, 0x00, 0x00, 0x1F, 0xFF,
  0x00, 0x00, 0x00, 0x0F, 0xFF, 0x80, 0x00, 0x00, 0x07, 0xFF, 0xC0, 0x00,
  0x00, 0x03, 0xFF, 0xE0, 0x00, 0x00, 0x01, 0xFF, 0xF0, 0x00, 0x00, 0x00,
  0xFF, 0xF8, 0x00, 0x00, 0x00, 0x7F, 0xFC, 0x00, 0x00, 0x00, 0x3F, 0xFE,
  0x00, 0x00, 0x00, 0x00, 0x00, 0x0F, 0xF0, 0x00, 0x00, 0x00, 0x3F, 0xFF,
  0x07, 0xFF, 0xC0, 0x3F, 0xFF, 0xE3, 0xFF, 0xE0, 0x3F, 0xFF, 0xF9, 0xFF,
  0xF0, 0x3F, 0xFF, 0xFE, 0xFF, 0xF8, 0x3F, 0xFF, 0xFF, 0xFF, 0xFC, 0x3F,
  0xFF, 0xFF, 0xFF, 0xFE, 0x1F, 0xFF, 0xFF, 0xFF, 0xFF, 0x1F, 0xFF, 0xFF,
  0xFF, 0xFF, 0x8F, 0xFF, 0xFF, 0xFF, 0xFF, 0xCF, 0xFF, 0xF0, 0x7F, 0xFF,
  0xE7, 0xFF, 0xE0, 0x07, 0xFF, 0xF3, 0xFF, 0xE0, 0x01, 0xFF, 0xF9, 0xFF,
  0xF0, 0x00, 0x7F, 0xFD, 0xFF, 0xF0, 0x00, 0x3F, 0xFE, 0xFF, 0xF8, 0x00,
  0x1F, 0xFF, 0x7F, 0xFC, 0x00, 0x0F, 0xFF, 0xBF, 0xFE, 0x00, 0x07, 0xFF,
  0xDF, 0xFE, 0x00, 0x03, 0xFF, 0xEF, 0xFF, 0x00, 0x01, 0xFF, 0xFF, 0xFF,
  0x80, 0x00, 0xFF, 0xFF, 0xFF, 0xC0, 0x00, 0x7F, 0xFF, 0xFF, 0xE0, 0x00,
  0x3F, 0xFF, 0xFF, 0xF0, 0x00, 0x1F, 0xFF, 0xFF, 0xF8, 0x00, 0x0F, 0xFF,
  0xFF, 0xFC, 0x00, 0x07, 0xFF, 0xFF, 0xFE, 0x00, 0x03, 0xFF, 0xFF, 0xFF,
  0x00, 0x01, 0xFF, 0xFF, 0xFF, 0x80, 0x00, 0xFF, 0xFF, 0xFF, 0xC0, 0x00,
  0x7F, 0xFF, 0xFF, 0xE0, 0x00, 0x3F, 0xFF, 0xFF, 0xF0, 0x00, 0x1F, 0xFF,
  0xFF, 0xF8, 0x00, 0x0F, 0xFF, 0xFF, 0xFC, 0x00, 0x07, 0xFF, 0xFF, 0xFE,
  0x00, 0x03, 0xFF, 0xFF, 0xFF, 0x00, 0x01, 0xFF, 0xFF, 0xFF, 0x80, 0x00,
  0xFF, 0xFF, 0xFF, 0xC0, 0x00, 0x7F, 0xFF, 0xFF, 0xE0, 0x00, 0x3F, 0xFF,
  0xFF, 0xF0, 0x00, 0x1F, 0xFF, 0xFF, 0xF8, 0x00, 0x0F, 0xFF, 0xFF, 0xFC,
  0x00, 0x07, 0xFF, 0xFF, 0xFE, 0x00, 0x03, 0xFF, 0xFF, 0xFF, 0x00, 0x01,
  0xFF, 0xFF, 0xFF, 0x80, 0x00, 0xFF, 0xFF, 0xFF, 0xC0, 0x00, 0x7F, 0xFF,
  0xFF, 0xE0, 0x00, 0x3F, 0xFF, 0xFF, 0xF0, 0x00, 0x1F, 0xFF, 0xFF, 0xF8,
  0x00, 0x0F, 0xFF, 0xFF, 0xFC, 0x00, 0x07, 0xFF, 0xFF, 0xFE, 0x00, 0x03,
  0xFF, 0xFF, 0xFF, 0x00, 0x01, 0xFF, 0xF7, 0xFF, 0xC0, 0x00, 0xFF, 0xFB,
  0xFF, 0xE0, 0x00, 0x7F, 0xFD, 0xFF, 0xF0, 0x00, 0x3F, 0xFE, 0xFF, 0xF8,
  0x00, 0x1F, 0xFF, 0x7F, 0xFE, 0x00, 0x0F, 0xFF, 0x9F, 0xFF, 0x00, 0x07,
  0xFF, 0xCF, 0xFF, 0xC0, 0x0F, 0xFF, 0xE7, 0xFF, 0xF8, 0x1F, 0xFF, 0xF1,
  0xFF, 0xFF, 0xFF, 0xFF, 0xF8, 0xFF, 0xFF, 0xFF, 0xFF, 0xFC, 0x7F, 0xFF,
  0xFF, 0xFF, 0xFE, 0x1F, 0xFF, 0xFF, 0xFF, 0xFF, 0x07, 0xFF, 0xFF, 0xFF,
  0xFF, 0x81, 0xFF, 0xFF, 0xF7, 0xFF, 0xC0, 0x7F, 0xFF, 0xF3, 0xFF, 0xE0,
  0x1F, 0xFF, 0xF1, 0xFF, 0xF0, 0x03, 0xFF, 0xE0, 0xFF, 0xF8, 0x00, 0x7F,
  0xC0, 0x7F, 0xFC, 0x00, 0x00, 0x00, 0x3F, 0xFE, 0x00, 0x00, 0x00, 0x1F,
  0xFF, 0x00, 0x00, 0x00, 0x0F, 0xFF, 0x80, 0x00, 0x00, 0x07, 0xFF, 0xC0,
  0x00, 0x00, 0x03, 0xFF, 0xE0, 0x00, 0x00, 0x01, 0xFF, 0xF0, 0x00, 0x00,
  0x00, 0xFF, 0xF8, 0x00, 0x00, 0x00, 0x7F, 0xFC, 0x00, 0x00, 0x00, 0x3F,
  0xFE, 0x00, 0x00, 0x00, 0x1F, 0xFF, 0x00, 0x00, 0x00, 0x0F, 0xFF, 0x80,
  0x00, 0x00, 0x07, 0xFF, 0xC0, 0x00, 0x00, 0x03, 0xFF, 0xE0, 0x00, 0x00,
  0x01, 0xFF, 0xF0, 0x00, 0x00, 0x00, 0xFF, 0xF8, 0x00, 0x00, 0x00, 0x7F,
  0xFC, 0x00, 0x00, 0x00, 0x3F, 0xFE, 0x00, 0x00, 0x00, 0x1F, 0xFF, 0x00,
  0x00, 0x00, 0x0F, 0xFF, 0x80, 0x00, 0x00, 0x07, 0xFF, 0xC0, 0x00, 0x00,
  0x03, 0xFF, 0xE0, 0x00, 0x00, 0x00, 0xFF, 0xFF, 0xE0, 0x0F, 0xFF, 0xFF,
  0x80, 0xFF, 0xFF, 0xFE, 0x0F, 0xFF, 0xFF, 0xF8, 0x7F, 0xFF, 0xFF, 0xE3,
  0xFF, 0xFF, 0xFF, 0x8F, 0xFF, 0xFF, 0xFE, 0x7F, 0xFF, 0xFF, 0xFB, 0xFF,
  0xFF, 0xFF, 0xFF, 0xFF, 0xFF, 0xFF, 0xFF, 0xFF, 0xFF, 0xFF, 0xFF, 0xFF,
  0xFF, 0xFF, 0xF0, 0x1F, 0xFF, 0xFE, 0x00, 0x0F, 0xFF, 0xF0, 0x00, 0x3F,
  0xFF, 0x80, 0x00, 0xFF, 0xFC, 0x00, 0x03, 0xFF, 0xF0, 0x00, 0x0F, 0xFF,
  0x80, 0x00, 0x3F, 0xFE, 0x00, 0x00, 0xFF, 0xF8, 0x00, 0x03, 0xFF, 0xE0,
  0x00, 0x0F, 0xFF, 0x80, 0x00, 0x3F, 0xFE, 0x00, 0x00, 0xFF, 0xF8, 0x00,
  0x03, 0xFF, 0xE0, 0x00, 0x0F, 0xFF, 0x80, 0x00, 0x3F, 0xFE, 0x00, 0x00,
  0xFF, 0xF8, 0x00, 0x03, 0xFF, 0xE0, 0x00, 0x0F, 0xFF, 0x80, 0x00, 0x3F,
  0xFE, 0x00, 0x00, 0xFF, 0xF8, 0x00, 0x03, 0xFF, 0xE0, 0x00, 0x0F, 0xFF,
  0x80, 0x00, 0x3F, 0xFE, 0x00, 0x00, 0xFF, 0xF8, 0x00, 0x03, 0xFF, 0xE0,
  0x00, 0x0F, 0xFF, 0x80, 0x00, 0x3F, 0xFE, 0x00, 0x00, 0xFF, 0xF8, 0x00,
  0x03, 0xFF, 0xE0, 0x00, 0x0F, 0xFF, 0x80, 0x00, 0x3F, 0xFE, 0x00, 0x00,
  0xFF, 0xF8, 0x00, 0x03, 0xFF, 0xE0, 0x00, 0x0F, 0xFF, 0x80, 0x00, 0x3F,
  0xFE, 0x00, 0x00, 0xFF, 0xF8, 0x00, 0x03, 0xFF, 0xE0, 0x00, 0x0F, 0xFF,
  0x80, 0x00, 0x3F, 0xFE, 0x00, 0x00, 0xFF, 0xF8, 0x00, 0x03, 0xFF, 0xE0,
  0x00, 0x0F, 0xFF, 0x80, 0x00, 0x3F, 0xFE, 0x00, 0x00, 0xFF, 0xF8, 0x00,
  0x03, 0xFF, 0xE0, 0x00, 0x0F, 0xFF, 0x80, 0x00, 0x3F, 0xFE, 0x00, 0x00,
  0xFF, 0xF8, 0x00, 0x03, 0xFF, 0xE0, 0x00, 0x0F, 0xFF, 0x80, 0x00, 0x3F,
  0xFE, 0x00, 0x00, 0xFF, 0xF8, 0x00, 0x03, 0xFF, 0xE0, 0x00, 0x0F, 0xFF,
  0x80, 0x00, 0x3F, 0xFE, 0x00, 0x00, 0xFF, 0xF8, 0x00, 0x00, 0x00, 0x03,
  0xFF, 0x00, 0x00, 0x00, 0x7F, 0xFF, 0x80, 0x00, 0x07, 0xFF, 0xFF, 0x80,
  0x00, 0x3F, 0xFF, 0xFF, 0x00, 0x01, 0xFF, 0xFF, 0xFF, 0x00, 0x0F, 0xFF,
  0xFF, 0xFC, 0x00, 0x7F, 0xFF, 0xFF, 0xF8, 0x03, 0xFF, 0xFF, 0xFF, 0xF0,
  0x0F, 0xFF, 0xFF, 0xFF, 0xC0, 0x7F, 0xFE, 0x0F, 0xFF, 0x81, 0xFF, 0xE0,
  0x0F, 0xFE, 0x07, 0xFF, 0x00, 0x1F, 0xFC, 0x3F, 0xFC, 0x00, 0x3F, 0xF0,
  0xFF, 0xE0, 0x00, 0xFF, 0xE3, 0xFF, 0x80, 0x01, 0xFF, 0x8F, 0xFE, 0x00,
  0x07, 0xFE, 0x3F, 0xF8, 0x00, 0x1F, 0xF8, 0xFF, 0xE0, 0x00, 0x3F, 0xE3,
  0xFF, 0x80, 0x00, 0xFE, 0x0F, 0xFF, 0x00, 0x03, 0xC0, 0x3F, 0xFC, 0x00,
  0x08, 0x00, 0xFF, 0xF8, 0x00, 0x00, 0x01, 0xFF, 0xF0, 0x00, 0x00, 0x07,
  0xFF, 0xE0, 0x00, 0x00, 0x1F, 0xFF, 0xC0, 0x00, 0x00, 0x3F, 0xFF, 0x80,
  0x00, 0x00, 0xFF, 0xFF, 0x00, 0x00, 0x01, 0xFF, 0xFE, 0x00, 0x00, 0x03,
  0xFF, 0xFC, 0x00, 0x00, 0x0F, 0xFF, 0xFC, 0x00, 0x00, 0x1F, 0xFF, 0xF8,
  0x00, 0x00, 0x3F, 0xFF, 0xF0, 0x00, 0x00, 0x7F, 0xFF, 0xE0, 0x00, 0x00,
  0xFF, 0xFF, 0xC0, 0x00, 0x01, 0xFF, 0xFF, 0x80, 0x00, 0x03, 0xFF, 0xFF,
  0x00, 0x00, 0x03, 0xFF, 0xFE, 0x00, 0x00, 0x07, 0xFF, 0xFC, 0x00, 0x00,
  0x0F, 0xFF, 0xF8, 0x00, 0x00, 0x1F, 0xFF, 0xF0, 0x00, 0x00, 0x3F, 0xFF,
  0xC0, 0x00, 0x00, 0x7F, 0xFF, 0x80, 0x00, 0x00, 0xFF, 0xFE, 0x00, 0x00,
  0x01, 0xFF, 0xFC, 0x00, 0x00, 0x01, 0xFF, 0xF0, 0x00, 0x00, 0x03, 0xFF,
  0xE0, 0x00, 0x00, 0x0F, 0xFF, 0x80, 0x00, 0x00, 0x1F, 0xFE, 0x00, 0x60,
  0x00, 0x3F, 0xFC, 0x1F, 0x80, 0x00, 0xFF, 0xF3, 0xFE, 0x00, 0x01, 0xFF,
  0xFF, 0xF8, 0x00, 0x07, 0xFF, 0xFF, 0xF0, 0x00, 0x1F, 0xFD, 0xFF, 0xC0,
  0x00, 0x7F, 0xF7, 0xFF, 0x00, 0x01, 0xFF, 0xDF, 0xFE, 0x00, 0x07, 0xFF,
  0x7F, 0xF8, 0x00, 0x1F, 0xFC, 0xFF, 0xF0, 0x00, 0xFF, 0xF3, 0xFF, 0xC0,
  0x03, 0xFF, 0x8F, 0xFF, 0x80, 0x1F, 0xFE, 0x1F, 0xFF, 0x81, 0xFF, 0xF0,
  0x7F, 0xFF, 0xFF, 0xFF, 0xC0, 0xFF, 0xFF, 0xFF, 0xFE, 0x01, 0xFF, 0xFF,
  0xFF, 0xF8, 0x03, 0xFF, 0xFF, 0xFF, 0xC0, 0x07, 0xFF, 0xFF, 0xFE, 0x00,
  0x0F, 0xFF, 0xFF, 0xF0, 0x00, 0x1F, 0xFF, 0xFF, 0x00, 0x00, 0x1F, 0xFF,
  0xF0, 0x00, 0x00, 0x0F, 0xFE, 0x00, 0x00, 0x01, 0xFF, 0xF0, 0x00, 0x03,
  0xFF, 0xE0, 0x00, 0x07, 0xFF, 0xC0, 0x00, 0x0F, 0xFF, 0x80, 0x00, 0x1F,
  0xFF, 0x00, 0x00, 0x3F, 0xFE, 0x00, 0x00, 0x7F, 0xFC, 0x00, 0x00, 0xFF,
  0xF8, 0x00, 0x01, 0xFF, 0xF0, 0x00, 0x03, 0xFF, 0xE0, 0x00, 0x07, 0xFF,
  0xC0, 0x00, 0x0F, 0xFF, 0x80, 0x00, 0x1F, 0xFF, 0x00, 0x00, 0x3F, 0xFE,
  0x00, 0x00, 0x7F, 0xFC, 0x00, 0x00, 0xFF, 0xF8, 0x00, 0x01, 0xFF, 0xF0,
  0x00, 0x03, 0xFF, 0xE0, 0x00, 0x07, 0xFF, 0xC0, 0x00, 0x0F, 0xFF, 0x80,
  0x0F, 0xFF, 0xFF, 0xFF, 0xFF, 0xFF, 0xFF, 0xFF, 0xFF, 0xFF, 0xFF, 0xFF,
  0xFF, 0xFF, 0xFF, 0xFF, 0xFF, 0xFF, 0xFF, 0xFF, 0xFF, 0xFF, 0xFF, 0xFF,
  0xFF, 0xFF, 0xFF, 0xFF, 0xFF, 0xFF, 0xFF, 0xFF, 0xFF, 0xFF, 0xFF, 0xE0,
  0x3F, 0xFE, 0x00, 0x00, 0x7F, 0xFC, 0x00, 0x00, 0xFF, 0xF8, 0x00, 0x01,
  0xFF, 0xF0, 0x00, 0x03, 0xFF, 0xE0, 0x00, 0x07, 0xFF, 0xC0, 0x00, 0x0F,
  0xFF, 0x80, 0x00, 0x1F, 0xFF, 0x00, 0x00, 0x3F, 0xFE, 0x00, 0x00, 0x7F,
  0xFC, 0x00, 0x00, 0xFF, 0xF8, 0x00, 0x01, 0xFF, 0xF0, 0x00, 0x03, 0xFF,
  0xE0, 0x00, 0x07, 0xFF, 0xC0, 0x00, 0x0F, 0xFF, 0x80, 0x00, 0x1F, 0xFF,
  0x00, 0x00, 0x3F, 0xFE, 0x00, 0x00, 0x7F, 0xFC, 0x00, 0x00, 0xFF, 0xF8,
  0x00, 0x01, 0xFF, 0xF0, 0x00, 0x03, 0xFF, 0xE0, 0x00, 0x07, 0xFF, 0xC0,
  0x00, 0x0F, 0xFF, 0x80, 0x00, 0x1F, 0xFF, 0x00, 0x00, 0x3F, 0xFE, 0x00,
  0x00, 0x7F, 0xFC, 0x00, 0x00, 0xFF, 0xF8, 0x00, 0x01, 0xFF, 0xF0, 0x00,
  0x03, 0xFF, 0xE0, 0x00, 0x07, 0xFF, 0xC0, 0x00, 0x0F, 0xFF, 0x80, 0x00,
  0x1F, 0xFF, 0x00, 0x00, 0x3F, 0xFE, 0x00, 0x00, 0x7F, 0xFC, 0x00, 0x00,
  0xFF, 0xF8, 0x00, 0x01, 0xFF, 0xF0, 0x00, 0x03, 0xFF, 0xE0, 0x00, 0x07,
  0xFF, 0xC0, 0x00, 0x0F, 0xFF, 0x80, 0x00, 0x1F, 0xFF, 0x00, 0x00, 0x3F,
  0xFE, 0x00, 0x00, 0x7F, 0xFC, 0x00, 0x00, 0xFF, 0xF8, 0x00, 0x01, 0xFF,
  0xF0, 0x00, 0x03, 0xFF, 0xE0, 0x00, 0x07, 0xFF, 0xC0, 0x00, 0x0F, 0xFF,
  0x80, 0x00, 0x1F, 0xFF, 0x80, 0x00, 0x3F, 0xFF, 0x00, 0x00, 0x3F, 0xFF,
  0x80, 0x00, 0x7F, 0xFF, 0xFF, 0x00, 0xFF, 0xFF, 0xFE, 0x00, 0xFF, 0xFF,
  0xFC, 0x01, 0xFF, 0xFF, 0xF8, 0x01, 0xFF, 0xFF, 0xF0, 0x03, 0xFF, 0xFF,
  0xE0, 0x03, 0xFF, 0xFF, 0xC0, 0x03, 0xFF, 0xFF, 0x80, 0x01, 0xFF, 0xFF,
  0x00, 0x00, 0x7F, 0xF8, 0xFF, 0xF8, 0x00, 0x1F, 0xFF, 0xFF, 0xF8, 0x00,
  0x1F, 0xFF, 0xFF, 0xF8, 0x00, 0x1F, 0xFF, 0xFF, 0xF8, 0x00, 0x1F, 0xFF,
  0xFF, 0xF8, 0x00, 0x1F, 0xFF, 0xFF, 0xF8, 0x00, 0x1F, 0xFF, 0xFF, 0xF8,
  0x00, 0x1F, 0xFF, 0xFF, 0xF8, 0x00, 0x1F, 0xFF, 0xFF, 0xF8, 0x00, 0x1F,
  0xFF, 0xFF, 0xF8, 0x00, 0x1F, 0xFF, 0xFF, 0xF8, 0x00, 0x1F, 0xFF, 0xFF,
  0xF8, 0x00, 0x1F, 0xFF, 0xFF, 0xF8, 0x00, 0x1F, 0xFF, 0xFF, 0xF8, 0x00,
  0x1F, 0xFF, 0xFF, 0xF8, 0x00, 0x1F, 0xFF, 0xFF, 0xF8, 0x00, 0x1F, 0xFF,
  0xFF, 0xF8, 0x00, 0x1F, 0xFF, 0xFF, 0xF8, 0x00, 0x1F, 0xFF, 0xFF, 0xF8,
  0x00, 0x1F, 0xFF, 0xFF, 0xF8, 0x00, 0x1F, 0xFF, 0xFF, 0xF8, 0x00, 0x1F,
  0xFF, 0xFF, 0xF8, 0x00, 0x1F, 0xFF, 0xFF, 0xF8, 0x00, 0x1F, 0xFF, 0xFF,
  0xF8, 0x00, 0x1F, 0xFF, 0xFF, 0xF8, 0x00, 0x1F, 0xFF, 0xFF, 0xF8, 0x00,
  0x1F, 0xFF, 0xFF, 0xF8, 0x00, 0x1F, 0xFF, 0xFF, 0xF8, 0x00, 0x1F, 0xFF,
  0xFF, 0xF8, 0x00, 0x1F, 0xFF, 0xFF, 0xF8, 0x00, 0x1F, 0xFF, 0xFF, 0xF8,
  0x00, 0x1F, 0xFF, 0xFF, 0xF8, 0x00, 0x1F, 0xFF, 0xFF, 0xF8, 0x00, 0x1F,
  0xFF, 0xFF, 0xF8, 0x00, 0x1F, 0xFF, 0xFF, 0xF8, 0x00, 0x1F, 0xFF, 0xFF,
  0xF8, 0x00, 0x1F, 0xFF, 0xFF, 0xF8, 0x00, 0x1F, 0xFF, 0xFF, 0xF8, 0x00,
  0x1F, 0xFF, 0xFF, 0xF8, 0x00, 0x1F, 0xFF, 0xFF, 0xF8, 0x00, 0x1F, 0xFF,
  0xFF, 0xF8, 0x00, 0x1F, 0xFF, 0xFF, 0xF8, 0x00, 0x1F, 0xFF, 0xFF, 0xF8,
  0x00, 0x1F, 0xFF, 0xFF, 0xF8, 0x00, 0x1F, 0xFF, 0xFF, 0xF8, 0x00, 0x1F,
  0xFF, 0xFF, 0xF8, 0x00, 0x1F, 0xFF, 0xFF, 0xF8, 0x00, 0x1F, 0xFF, 0xFF,
  0xF8, 0x00, 0x1F, 0xFF, 0xFF, 0xF8, 0x00, 0x1F, 0xFF, 0xFF, 0xF8, 0x00,
  0x1F, 0xFF, 0xFF, 0xF8, 0x00, 0x1F, 0xFF, 0xFF, 0xF8, 0x00, 0x1F, 0xFF,
  0xFF, 0xF8, 0x00, 0x1F, 0xFF, 0xFF, 0xF8, 0x00, 0x1F, 0xFF, 0xFF, 0xF8,
  0x00, 0x1F, 0xFF, 0xFF, 0xF8, 0x00, 0x3F, 0xFF, 0xFF, 0xFC, 0x00, 0x7F,
  0xFF, 0xFF, 0xFC, 0x01, 0xFF, 0xFF, 0xFF, 0xFF, 0x07, 0xFF, 0xFF, 0xFF,
  0xFF, 0xFF, 0xFF, 0xFF, 0x7F, 0xFF, 0xFF, 0xFF, 0xFF, 0x7F, 0xFF, 0xFF,
  0xFF, 0xFF, 0x7F, 0xFF, 0xFF, 0xDF, 0xFF, 0x3F, 0xFF, 0xFF, 0x1F, 0xFF,
  0x3F, 0xFF, 0xFE, 0x1F, 0xFF, 0x1F, 0xFF, 0xFC, 0x1F, 0xFF, 0x0F, 0xFF,
  0xF0, 0x1F, 0xFF, 0x07, 0xFF, 0xC0, 0x1F, 0xFF, 0x01, 0xFE, 0x00, 0x00,
  0x00, 0xFF, 0xF8, 0x00, 0x07, 0xFF, 0xFF, 0xFC, 0x00, 0x03, 0xFF, 0xFF,
  0xFE, 0x00, 0x01, 0xFF, 0xFF, 0xFF, 0x00, 0x00, 0xFF, 0xF7, 0xFF, 0x80,
  0x00, 0x7F, 0xFB, 0xFF, 0xC0, 0x00, 0x7F, 0xF9, 0xFF, 0xE0, 0x00, 0x3F,
  0xFC, 0xFF, 0xF8, 0x00, 0x1F, 0xFE, 0x7F, 0xFC, 0x00, 0x0F, 0xFF, 0x1F,
  0xFE, 0x00, 0x07, 0xFF, 0x8F, 0xFF, 0x00, 0x03, 0xFF, 0x87, 0xFF, 0x80,
  0x03, 0xFF, 0xC3, 0xFF, 0xC0, 0x01, 0xFF, 0xE1, 0xFF, 0xF0, 0x00, 0xFF,
  0xF0, 0x7F, 0xF8, 0x00, 0x7F, 0xF8, 0x3F, 0xFC, 0x00, 0x3F, 0xFC, 0x1F,
  0xFE, 0x00, 0x1F, 0xFC, 0x0F, 0xFF, 0x00, 0x0F, 0xFE, 0x07, 0xFF, 0x80,
  0x0F, 0xFF, 0x01, 0xFF, 0xC0, 0x07, 0xFF, 0x80, 0xFF, 0xF0, 0x03, 0xFF,
  0xC0, 0x7F, 0xF8, 0x01, 0xFF, 0xC0, 0x3F, 0xFC, 0x00, 0xFF, 0xE0, 0x1F,
  0xFE, 0x00, 0x7F, 0xF0, 0x07, 0xFF, 0x00, 0x7F, 0xF8, 0x03, 0xFF, 0x80,
  0x3F, 0xFC, 0x01, 0xFF, 0xC0, 0x1F, 0xFC, 0x00, 0xFF, 0xF0, 0x0F, 0xFE,
  0x00, 0x7F, 0xF8, 0x07, 0xFF, 0x00, 0x1F, 0xFC, 0x03, 0xFF, 0x80, 0x0F,
  0xFE, 0x01, 0xFF, 0xC0, 0x07, 0xFF, 0x01, 0xFF, 0xC0, 0x03, 0xFF, 0x80,
  0xFF, 0xE0, 0x01, 0xFF, 0xE0, 0x7F, 0xF0, 0x00, 0x7F, 0xF0, 0x3F, 0xF8,
  0x00, 0x3F, 0xF8, 0x1F, 0xFC, 0x00, 0x1F, 0xFC, 0x0F, 0xFE, 0x00, 0x0F,
  0xFE, 0x0F, 0xFE, 0x00, 0x07, 0xFF, 0x07, 0xFF, 0x00, 0x01, 0xFF, 0x83,
  0xFF, 0x80, 0x00, 0xFF, 0xE1, 0xFF, 0xC0, 0x00, 0x7F, 0xF0, 0xFF, 0xE0,
  0x00, 0x3F, 0xF8, 0x7F, 0xE0, 0x00, 0x1F, 0xFC, 0x3F, 0xF0, 0x00, 0x07,
  0xFE, 0x3F, 0xF8, 0x00, 0x03, 0xFF, 0x1F, 0xFC, 0x00, 0x01, 0xFF, 0xCF,
  0xFE, 0x00, 0x00, 0xFF, 0xE7, 0xFE, 0x00, 0x00, 0x7F, 0xF3, 0xFF, 0x00,
  0x00, 0x1F, 0xF9, 0xFF, 0x80, 0x00, 0x0F, 0xFD, 0xFF, 0xC0, 0x00, 0x07,
  0xFE, 0xFF, 0xE0, 0x00, 0x03, 0xFF, 0x7F, 0xF0, 0x00, 0x01, 0xFF, 0xFF,
  0xF0, 0x00, 0x00, 0xFF, 0xFF, 0xF8, 0x00, 0x00, 0x3F, 0xFF, 0xFC, 0x00,
  0x00, 0x1F, 0xFF, 0xFE, 0x00, 0x00, 0x0F, 0xFF, 0xFF, 0x00, 0x00, 0x07,
  0xFF, 0xFF, 0x00, 0x00, 0x03, 0xFF, 0xFF, 0x80, 0x00, 0x00, 0xFF, 0xFF,
  0xC0, 0x00, 0x00, 0x7F, 0xFF, 0xE0, 0x00, 0x00, 0x3F, 0xFF, 0xF0, 0x00,
  0x00, 0x1F, 0xFF, 0xF0, 0x00, 0x00, 0x0F, 0xFF, 0xF8, 0x00, 0x00, 0x03,
  0xFF, 0xFC, 0x00, 0x00, 0x01, 0xFF, 0xFE, 0x00, 0x00, 0x00, 0xFF, 0xFF,
  0x00, 0x00, 0xFF, 0xE0, 0x00, 0x1F, 0xF0, 0x00, 0x0F, 0xFE, 0xFF, 0xC0,
  0x00, 0x7F, 0xF0, 0x00, 0x1F, 0xFD, 0xFF, 0x80, 0x00, 0xFF, 0xE0, 0x00,
  0x3F, 0xF3, 0xFF, 0x00, 0x01, 0xFF, 0xC0, 0x00, 0x7F, 0xE7, 0xFE, 0x00,
  0x03, 0xFF, 0x80, 0x00, 0xFF, 0xCF, 0xFC, 0x00, 0x07, 0xFF, 0x00, 0x01,
  0xFF, 0x9F, 0xFC, 0x00, 0x0F, 0xFF, 0x00, 0x03, 0xFF, 0x3F, 0xF8, 0x00,
  0x3F, 0xFE, 0x00, 0x0F, 0xFE, 0x3F, 0xF0, 0x00, 0x7F, 0xFC, 0x00, 0x1F,
  0xF8, 0x7F, 0xE0, 0x00, 0xFF, 0xF8, 0x00, 0x3F, 0xF0, 0xFF, 0xC0, 0x01,
  0xFF, 0xF0, 0x00, 0x7F, 0xE1, 0xFF, 0x80, 0x03, 0xFF, 0xE0, 0x00, 0xFF,
  0xC3, 0xFF, 0x00, 0x0F, 0xFF, 0xE0, 0x01, 0xFF, 0x87, 0xFF, 0x00, 0x1F,
  0xFF, 0xC0, 0x03, 0xFF, 0x07, 0xFE, 0x00, 0x3F, 0xFF, 0x80, 0x0F, 0xFC,
  0x0F, 0xFC, 0x00, 0x7F, 0xFF, 0x00, 0x1F, 0xF8, 0x1F, 0xF8, 0x00, 0xFF,
  0xFE, 0x00, 0x3F, 0xF0, 0x3F, 0xF0, 0x01, 0xFF, 0xFE, 0x00, 0x7F, 0xE0,
  0x7F, 0xE0, 0x07, 0xFF, 0xFC, 0x00, 0xFF, 0xC0, 0xFF, 0xC0, 0x0F, 0xFF,
  0xF8, 0x01, 0xFF, 0x80, 0xFF, 0xC0, 0x1F, 0xFF, 0xF0, 0x03, 0xFE, 0x01,
  0xFF, 0x80, 0x3F, 0xDF, 0xE0, 0x0F, 0xFC, 0x03, 0xFF, 0x00, 0x7F, 0xBF,
  0xC0, 0x1F, 0xF8, 0x07, 0xFE, 0x01, 0xFF, 0x7F, 0xC0, 0x3F, 0xF0, 0x0F,
  0xFC, 0x03, 0xFE, 0x7F, 0x80, 0x7F, 0xE0, 0x1F, 0xF8, 0x07, 0xFC, 0xFF,
  0x00, 0xFF, 0xC0, 0x1F, 0xF0, 0x0F, 0xF1, 0xFE, 0x01, 0xFF, 0x00, 0x3F,
  0xF0, 0x1F, 0xE3, 0xFC, 0x03, 0xFE, 0x00, 0x7F, 0xE0, 0x3F, 0xC7, 0xFC,
  0x0F, 0xFC, 0x00, 0xFF, 0xC0, 0xFF, 0x8F, 0xF8, 0x1F, 0xF8, 0x01, 0xFF,
  0x81, 0xFF, 0x0F, 0xF0, 0x3F, 0xF0, 0x03, 0xFF, 0x03, 0xFC, 0x1F, 0xE0,
  0x7F, 0xE0, 0x03, 0xFE, 0x07, 0xF8, 0x3F, 0xC0, 0xFF, 0x80, 0x07, 0xFC,
  0x0F, 0xF0, 0x7F, 0x81, 0xFF, 0x00, 0x0F, 0xF8, 0x3F, 0xE0, 0xFF, 0x83,
  0xFE, 0x00, 0x1F, 0xF8, 0x7F, 0xC0, 0xFF, 0x0F, 0xFC, 0x00, 0x3F, 0xF0,
  0xFF, 0x81, 0xFE, 0x1F, 0xF8, 0x00, 0x7F, 0xE1, 0xFE, 0x03, 0xFC, 0x3F,
  0xF0, 0x00, 0xFF, 0xC3, 0xFC, 0x07, 0xF8, 0x7F, 0xC0, 0x00, 0xFF, 0x87,
  0xF8, 0x0F, 0xF8, 0xFF, 0x80, 0x01, 0xFF, 0x1F, 0xF0, 0x0F, 0xF1, 0xFF,
  0x00, 0x03, 0xFE, 0x3F, 0xE0, 0x1F, 0xE3, 0xFE, 0x00, 0x07, 0xFE, 0x7F,
  0x80, 0x3F, 0xCF, 0xFC, 0x00, 0x0F, 0xFC, 0xFF, 0x00, 0x7F, 0x9F, 0xF8,
  0x00, 0x1F, 0xF9, 0xFE, 0x00, 0xFF, 0x3F, 0xE0, 0x00, 0x1F, 0xF3, 0xFC,
  0x00, 0xFF, 0x7F, 0xC0, 0x00, 0x3F, 0xEF, 0xF8, 0x01, 0xFE, 0xFF, 0x80,
  0x00, 0x7F, 0xDF, 0xE0, 0x03, 0xFD, 0xFF, 0x00, 0x00, 0xFF, 0xBF, 0xC0,
  0x07, 0xFB, 0xFE, 0x00, 0x01, 0xFF, 0xFF, 0x80, 0x0F, 0xFF, 0xFC, 0x00,
  0x03, 0xFF, 0xFF, 0x00, 0x0F, 0xFF, 0xF0, 0x00, 0x03, 0xFF, 0xFE, 0x00,
  0x1F, 0xFF, 0xE0, 0x00, 0x07, 0xFF, 0xF8, 0x00, 0x3F, 0xFF, 0xC0, 0x00,
  0x0F, 0xFF, 0xF0, 0x00, 0x7F, 0xFF, 0x80, 0x00, 0x1F, 0xFF, 0xE0, 0x00,
  0xFF, 0xFF, 0x00, 0x00, 0x3F, 0xFF, 0xC0, 0x00, 0xFF, 0xFE, 0x00, 0x00,
  0x7F, 0xFF, 0x80, 0x01, 0xFF, 0xF8, 0x00, 0x00, 0x7F, 0xFF, 0x00, 0x03,
  0xFF, 0xF0, 0x00, 0x00, 0xFF, 0xFC, 0x00, 0x07, 0xFF, 0xE0, 0x00, 0x01,
  0xFF, 0xF8, 0x00, 0x0F, 0xFF, 0xC0, 0x00, 0x03, 0xFF, 0xF0, 0x00, 0x1F,
  0xFF, 0x80, 0x00, 0x07, 0xFF, 0xE0, 0x00, 0x1F, 0xFF, 0x00, 0x00, 0x0F,
  0xFF, 0xC0, 0x00, 0x3F, 0xFC, 0x00, 0x00, 0x1F, 0xFF, 0x00, 0x00, 0x7F,
  0xF8, 0x00, 0x00, 0x1F, 0xFE, 0x00, 0x00, 0xFF, 0xF0, 0x00, 0x00, 0x3F,
  0xFC, 0x00, 0x01, 0xFF, 0xE0, 0x00, 0x00, 0x7F, 0xF8, 0x00, 0x01, 0xFF,
  0xC0, 0x00, 0x00, 0xFF, 0xF0, 0x00, 0x03, 0xFF, 0x80, 0x00, 0x7F, 0xF8,
  0x00, 0x01, 0xFF, 0xE7, 0xFF, 0x80, 0x00, 0x1F, 0xFE, 0x3F, 0xFC, 0x00,
  0x03, 0xFF, 0xC3, 0xFF, 0xC0, 0x00, 0x3F, 0xFC, 0x3F, 0xFC, 0x00, 0x07,
  0xFF, 0x81, 0xFF, 0xE0, 0x00, 0x7F, 0xF8, 0x1F, 0xFE, 0x00, 0x07, 0xFF,
  0x80, 0xFF, 0xF0, 0x00, 0xFF, 0xF0, 0x0F, 0xFF, 0x00, 0x0F, 0xFF, 0x00,
  0x7F, 0xF8, 0x01, 0xFF, 0xE0, 0x07, 0xFF, 0x80, 0x1F, 0xFE, 0x00, 0x3F,
  0xFC, 0x03, 0xFF, 0xC0, 0x03, 0xFF, 0xC0, 0x3F, 0xFC, 0x00, 0x1F, 0xFE,
  0x03, 0xFF, 0x80, 0x01, 0xFF, 0xE0, 0x7F, 0xF8, 0x00, 0x0F, 0xFF, 0x07,
  0xFF, 0x00, 0x00, 0xFF, 0xF0, 0xFF, 0xF0, 0x00, 0x07, 0xFF, 0x8F, 0xFF,
  0x00, 0x00, 0x7F, 0xF8, 0xFF, 0xE0, 0x00, 0x07, 0xFF, 0x9F, 0xFE, 0x00,
  0x00, 0x3F, 0xFD, 0xFF, 0xC0, 0x00, 0x03, 0xFF, 0xFF, 0xFC, 0x00, 0x00,
  0x1F, 0xFF, 0xFF, 0x80, 0x00, 0x01, 0xFF, 0xFF, 0xF8, 0x00, 0x00, 0x0F,
  0xFF, 0xFF, 0x00, 0x00, 0x00, 0xFF, 0xFF, 0xF0, 0x00, 0x00, 0x07, 0xFF,
  0xFE, 0x00, 0x00, 0x00, 0x7F, 0xFF, 0xE0, 0x00, 0x00, 0x03, 0xFF, 0xFC,
  0x00, 0x00, 0x00, 0x3F, 0xFF, 0xC0, 0x00, 0x00, 0x01, 0xFF, 0xFC, 0x00,
  0x00, 0x00, 0x1F, 0xFF, 0x80, 0x00, 0x00, 0x01, 0xFF, 0xF8, 0x00, 0x00,
  0x00, 0x1F, 0xFF, 0x00, 0x00, 0x00, 0x03, 0xFF, 0xF0, 0x00, 0x00, 0x00,
  0x3F, 0xFF, 0x80, 0x00, 0x00, 0x07, 0xFF, 0xF8, 0x00, 0x00, 0x00, 0x7F,
  0xFF, 0xC0, 0x00, 0x00, 0x07, 0xFF, 0xFC, 0x00, 0x00, 0x00, 0xFF, 0xFF,
  0xE0, 0x00, 0x00, 0x0F, 0xFF, 0xFE, 0x00, 0x00, 0x01, 0xFF, 0xFF, 0xF0,
  0x00, 0x00, 0x1F, 0xFF, 0xFF, 0x00, 0x00, 0x01, 0xFF, 0xFF, 0xF8, 0x00,
  0x00, 0x3F, 0xFF, 0xFF, 0x80, 0x00, 0x03, 0xFF, 0xFF, 0xF8, 0x00, 0x00,
  0x7F, 0xF3, 0xFF, 0xC0, 0x00, 0x07, 0xFF, 0x3F, 0xFC, 0x00, 0x00, 0xFF,
  0xF1, 0xFF, 0xE0, 0x00, 0x0F, 0xFE, 0x1F, 0xFE, 0x00, 0x00, 0xFF, 0xE0,
  0xFF, 0xF0, 0x00, 0x1F, 0xFC, 0x0F, 0xFF, 0x00, 0x01, 0xFF, 0xC0, 0x7F,
  0xF8, 0x00, 0x3F, 0xFC, 0x07, 0xFF, 0x80, 0x03, 0xFF, 0x80, 0x3F, 0xFC,
  0x00, 0x7F, 0xF8, 0x03, 0xFF, 0xC0, 0x07, 0xFF, 0x80, 0x3F, 0xFC, 0x00,
  0x7F, 0xF0, 0x01, 0xFF, 0xE0, 0x0F, 0xFF, 0x00, 0x1F, 0xFE, 0x00, 0xFF,
  0xE0, 0x00, 0xFF, 0xF0, 0x1F, 0xFE, 0x00, 0x0F, 0xFF, 0x01, 0xFF, 0xE0,
  0x00, 0x7F, 0xF8, 0x3F, 0xFC, 0x00, 0x07, 0xFF, 0x83, 0xFF, 0xC0, 0x00,
  0x3F, 0xFC, 0x3F, 0xF8, 0x00, 0x03, 0xFF, 0xC7, 0xFF, 0x80, 0x00, 0x1F,
  0xFE, 0x7F, 0xF8, 0x00, 0x01, 0xFF, 0xEF, 0xFF, 0x00, 0x00, 0x0F, 0xFF,
  0xFF, 0xF8, 0x00, 0x01, 0xFF, 0xFF, 0xFF, 0x80, 0x00, 0x1F, 0xFE, 0x7F,
  0xF8, 0x00, 0x01, 0xFF, 0xE7, 0xFF, 0xC0, 0x00, 0x3F, 0xFE, 0x7F, 0xFC,
  0x00, 0x03, 0xFF, 0xE7, 0xFF, 0xC0, 0x00, 0x3F, 0xFC, 0x3F, 0xFC, 0x00,
  0x03, 0xFF, 0xC3, 0xFF, 0xC0, 0x00, 0x3F, 0xFC, 0x3F, 0xFC, 0x00, 0x07,
  0xFF, 0xC3, 0xFF, 0xE0, 0x00, 0x7F, 0xF8, 0x1F, 0xFE, 0x00, 0x07, 0xFF,
  0x81, 0xFF, 0xE0, 0x00, 0x7F, 0xF8, 0x1F, 0xFE, 0x00, 0x07, 0xFF, 0x81,
  0xFF, 0xE0, 0x00, 0x7F, 0xF8, 0x0F, 0xFF, 0x00, 0x0F, 0xFF, 0x00, 0xFF,
  0xF0, 0x00, 0xFF, 0xF0, 0x0F, 0xFF, 0x00, 0x0F, 0xFF, 0x00, 0xFF, 0xF0,
  0x00, 0xFF, 0xF0, 0x0F, 0xFF, 0x00, 0x0F, 0xFE, 0x00, 0x7F, 0xF0, 0x00,
  0xFF, 0xE0, 0x07, 0xFF, 0x80, 0x1F, 0xFE, 0x00, 0x7F, 0xF8, 0x01, 0xFF,
  0xE0, 0x07, 0xFF, 0x80, 0x1F, 0xFE, 0x00, 0x3F, 0xF8, 0x01, 0xFF, 0xC0,
  0x03, 0xFF, 0x80, 0x1F, 0xFC, 0x00, 0x3F, 0xFC, 0x01, 0xFF, 0xC0, 0x03,
  0xFF, 0xC0, 0x3F, 0xFC, 0x00, 0x1F, 0xFC, 0x03, 0xFF, 0x80, 0x01, 0xFF,
  0xC0, 0x3F, 0xF8, 0x00, 0x1F, 0xFC, 0x03, 0xFF, 0x80, 0x01, 0xFF, 0xC0,
  0x3F, 0xF8, 0x00, 0x0F, 0xFE, 0x03, 0xFF, 0x80, 0x00, 0xFF, 0xE0, 0x7F,
  0xF0, 0x00, 0x0F, 0xFE, 0x07, 0xFF, 0x00, 0x00, 0xFF, 0xE0, 0x7F, 0xF0,
  0x00, 0x0F, 0xFE, 0x07, 0xFF, 0x00, 0x00, 0x7F, 0xE0, 0x7F, 0xE0, 0x00,
  0x07, 0xFF, 0x0F, 0xFE, 0x00, 0x00, 0x7F, 0xF0, 0xFF, 0xE0, 0x00, 0x07,
  0xFF, 0x0F, 0xFE, 0x00, 0x00, 0x3F, 0xF0, 0xFF, 0xC0, 0x00, 0x03, 0xFF,
  0x0F, 0xFC, 0x00, 0x00, 0x3F, 0xF8, 0xFF, 0xC0, 0x00, 0x03, 0xFF, 0x9F,
  0xFC, 0x00, 0x00, 0x1F, 0xF9, 0xFF, 0xC0, 0x00, 0x01, 0xFF, 0x9F, 0xF8,
  0x00, 0x00, 0x1F, 0xF9, 0xFF, 0x80, 0x00, 0x01, 0xFF, 0x9F, 0xF8, 0x00,
  0x00, 0x0F, 0xFD, 0xFF, 0x80, 0x00, 0x00, 0xFF, 0xFF, 0xF0, 0x00, 0x00,
  0x0F, 0xFF, 0xFF, 0x00, 0x00, 0x00, 0xFF, 0xFF, 0xF0, 0x00, 0x00, 0x07,
  0xFF, 0xFF, 0x00, 0x00, 0x00, 0x7F, 0xFF, 0xF0, 0x00, 0x00, 0x07, 0xFF,
  0xFE, 0x00, 0x00, 0x00, 0x7F, 0xFF, 0xE0, 0x00, 0x00, 0x07, 0xFF, 0xFE,
  0x00, 0x00, 0x00, 0x3F, 0xFF, 0xE0, 0x00, 0x00, 0x03, 0xFF, 0xFC, 0x00,
  0x00, 0x00, 0x3F, 0xFF, 0xC0, 0x00, 0x00, 0x03, 0xFF, 0xFC, 0x00, 0x00,
  0x00, 0x1F, 0xFF, 0xC0, 0x00, 0x00, 0x01, 0xFF, 0xF8, 0x00, 0x00, 0x00,
  0x1F, 0xFF, 0x80, 0x00, 0x00, 0x01, 0xFF, 0xF8, 0x00, 0x00, 0x00, 0x1F,
  0xFF, 0x80, 0x00, 0x00, 0x00, 0xFF, 0xF8, 0x00, 0x00, 0x00, 0x0F, 0xFF,
  0x00, 0x00, 0x00, 0x00, 0xFF, 0xF0, 0x00, 0x00, 0x00, 0x0F, 0xFF, 0x00,
  0x00, 0x00, 0x00, 0xFF, 0xF0, 0x00, 0x00, 0x00, 0x0F, 0xFE, 0x00, 0x00,
  0x00, 0x00, 0xFF, 0xE0, 0x00, 0x00, 0x00, 0x0F, 0xFE, 0x00, 0x00, 0x00,
  0x01, 0xFF, 0xE0, 0x00, 0x00, 0x00, 0xFF, 0xFC, 0x00, 0x00, 0x0F, 0xFF,
  0xFF, 0xC0, 0x00, 0x00, 0xFF, 0xFF, 0xF8, 0x00, 0x00, 0x0F, 0xFF, 0xFF,
  0x00, 0x00, 0x00, 0xFF, 0xFF, 0xF0, 0x00, 0x00, 0x0F, 0xFF, 0xFC, 0x00,
  0x00, 0x00, 0xFF, 0xFF, 0x80, 0x00, 0x00, 0x0F, 0xFF, 0xE0, 0x00, 0x00,
  0x00, 0xFF, 0xF8, 0x00, 0x00, 0x00, 0x0F, 0xF8, 0x00, 0x00, 0x00, 0x00,
  0x3F, 0xFF, 0xFF, 0xFF, 0xCF, 0xFF, 0xFF, 0xFF, 0xF3, 0xFF, 0xFF, 0xFF,
  0xFC, 0xFF, 0xFF, 0xFF, 0xFF, 0x3F, 0xFF, 0xFF, 0xFF, 0xCF, 0xFF, 0xFF,
  0xFF, 0xF3, 0xFF, 0xFF, 0xFF, 0xFC, 0xFF, 0xFF, 0xFF, 0xFF, 0x3F, 0xFF,
  0xFF, 0xFF, 0x80, 0x00, 0x01, 0xFF, 0xE0, 0x00, 0x00, 0xFF, 0xF0, 0x00,
  0x00, 0x3F, 0xFC, 0x00, 0x00, 0x1F, 0xFF, 0x00, 0x00, 0x07, 0xFF, 0x80,
  0x00, 0x01, 0xFF, 0xE0, 0x00, 0x00, 0xFF, 0xF0, 0x00, 0x00, 0x3F, 0xFC,
  0x00, 0x00, 0x1F, 0xFF, 0x00, 0x00, 0x07, 0xFF, 0x80, 0x00, 0x01, 0xFF,
  0xE0, 0x00, 0x00, 0xFF, 0xF8, 0x00, 0x00, 0x3F, 0xFC, 0x00, 0x00, 0x1F,
  0xFF, 0x00, 0x00, 0x07, 0xFF, 0x80, 0x00, 0x03, 0xFF, 0xE0, 0x00, 0x00,
  0xFF, 0xF8, 0x00, 0x00, 0x3F, 0xFC, 0x00, 0x00, 0x1F, 0xFF, 0x00, 0x00,
  0x07, 0xFF, 0x80, 0x00, 0x03, 0xFF, 0xE0, 0x00, 0x00, 0xFF, 0xF8, 0x00,
  0x00, 0x3F, 0xFC, 0x00, 0x00, 0x1F, 0xFF, 0x00, 0x00, 0x07, 0xFF, 0x80,
  0x00, 0x03, 0xFF, 0xE0, 0x00, 0x00, 0xFF, 0xF8, 0x00, 0x00, 0x3F, 0xFC,
  0x00, 0x00, 0x1F, 0xFF, 0x00, 0x00, 0x07, 0xFF, 0x80, 0x00, 0x03, 0xFF,
  0xE0, 0x00, 0x00, 0xFF, 0xF8, 0x00, 0x00, 0x3F, 0xFC, 0x00, 0x00, 0x1F,
  0xFF, 0x00, 0x00, 0x07, 0xFF, 0x80, 0x00, 0x03, 0xFF, 0xE0, 0x00, 0x00,
  0xFF, 0xF8, 0x00, 0x00, 0x3F, 0xFC, 0x00, 0x00, 0x1F, 0xFF, 0x00, 0x00,
  0x07, 0xFF, 0xC0, 0x00, 0x03, 0xFF, 0xE0, 0x00, 0x00, 0xFF, 0xF8, 0x00,
  0x00, 0x7F, 0xFC, 0x00, 0x00, 0x1F, 0xFF, 0x00, 0x00, 0x07, 0xFF, 0xC0,
  0x00, 0x03, 0xFF, 0xE0, 0x00, 0x00, 0xFF, 0xF8, 0x00, 0x00, 0x7F, 0xFC,
  0x00, 0x00, 0x1F, 0xFF, 0x00, 0x00, 0x07, 0xFF, 0xC0, 0x00, 0x03, 0xFF,
  0xFF, 0xFF, 0xFF, 0xFF, 0xFF, 0xFF, 0xFF, 0xFF, 0xFF, 0xFF, 0xFF, 0xFF,
  0xFF, 0xFF, 0xFF, 0xFF, 0xFF, 0xFF, 0xFF, 0xFF, 0xFF, 0xFF, 0xFF, 0xFF,
  0xFF, 0xFF, 0xFF, 0xFF, 0xFF, 0xFF, 0xFF, 0xFF, 0xFF, 0xFF, 0xFF, 0xFF,
  0xFF, 0x00, 0x00, 0x3F, 0xF0, 0x00, 0x3F, 0xFF, 0x00, 0x0F, 0xFF, 0xF0,
  0x01, 0xFF, 0xFF, 0x00, 0x3F, 0xFF, 0xF0, 0x07, 0xFF, 0xFF, 0x00, 0x7F,
  0xFF, 0xF0, 0x0F, 0xFF, 0xFF, 0x00, 0xFF, 0xFF, 0xF0, 0x0F, 0xFF, 0xE0,
  0x00, 0xFF, 0xF8, 0x00, 0x1F, 0xFF, 0x80, 0x01, 0xFF, 0xF0, 0x00, 0x1F,
  0xFF, 0x00, 0x01, 0xFF, 0xF0, 0x00, 0x1F, 0xFF, 0x00, 0x01, 0xFF, 0xF0,
  0x00, 0x1F, 0xFF, 0x00, 0x01, 0xFF, 0xF0, 0x00, 0x1F, 0xFF, 0x00, 0x01,
  0xFF, 0xF0, 0x00, 0x1F, 0xFF, 0x00, 0x01, 0xFF, 0xF0, 0x00, 0x1F, 0xFF,
  0x00, 0x01, 0xFF, 0xF0, 0x00, 0x1F, 0xFF, 0x00, 0x01, 0xFF, 0xF0, 0x00,
  0x1F, 0xFF, 0x00, 0x01, 0xFF, 0xF0, 0x00, 0x1F, 0xFF, 0x00, 0x01, 0xFF,
  0xF0, 0x00, 0x1F, 0xFF, 0x00, 0x01, 0xFF, 0xF0, 0x00, 0x1F, 0xFF, 0x00,
  0x01, 0xFF, 0xF0, 0x00, 0x1F, 0xFF, 0x00, 0x01, 0xFF, 0xF0, 0x00, 0x1F,
  0xFF, 0x00, 0x01, 0xFF, 0xF0, 0x00, 0x1F, 0xFF, 0x00, 0x01, 0xFF, 0xF0,
  0x00, 0x1F, 0xFF, 0x00, 0x01, 0xFF, 0xF0, 0x00, 0x1F, 0xFF, 0x00, 0x01,
  0xFF, 0xF0, 0x00, 0x1F, 0xFF, 0x00, 0x01, 0xFF, 0xF0, 0x00, 0x1F, 0xFF,
  0x00, 0x01, 0xFF, 0xF0, 0x00, 0x3F, 0xFE, 0x00, 0x03, 0xFF, 0xE0, 0x00,
  0x3F, 0xFE, 0x00, 0x03, 0xFF, 0xE0, 0x00, 0x7F, 0xFC, 0x00, 0x1F, 0xFF,
  0xC0, 0x0F, 0xFF, 0xF8, 0x00, 0xFF, 0xFF, 0x80, 0x0F, 0xFF, 0xF0, 0x00,
  0xFF, 0xFE, 0x00, 0x0F, 0xFF, 0x00, 0x00, 0xFF, 0xFE, 0x00, 0x0F, 0xFF,
  0xF0, 0x00, 0xFF, 0xFF, 0x80, 0x0F, 0xFF, 0xFC, 0x00, 0x1F, 0xFF, 0xC0,
  0x00, 0x7F, 0xFE, 0x00, 0x03, 0xFF, 0xE0, 0x00, 0x3F, 0xFE, 0x00, 0x03,
  0xFF, 0xE0, 0x00, 0x3F, 0xFF, 0x00, 0x01, 0xFF, 0xF0, 0x00, 0x1F, 0xFF,
  0x00, 0x01, 0xFF, 0xF0, 0x00, 0x1F, 0xFF, 0x00, 0x01, 0xFF, 0xF0, 0x00,
  0x1F, 0xFF, 0x00, 0x01, 0xFF, 0xF0, 0x00, 0x1F, 0xFF, 0x00, 0x01, 0xFF,
  0xF0, 0x00, 0x1F, 0xFF, 0x00, 0x01, 0xFF, 0xF0, 0x00, 0x1F, 0xFF, 0x00,
  0x01, 0xFF, 0xF0, 0x00, 0x1F, 0xFF, 0x00, 0x01, 0xFF, 0xF0, 0x00, 0x1F,
  0xFF, 0x00, 0x01, 0xFF, 0xF0, 0x00, 0x1F, 0xFF, 0x00, 0x01, 0xFF, 0xF0,
  0x00, 0x1F, 0xFF, 0x00, 0x01, 0xFF, 0xF0, 0x00, 0x1F, 0xFF, 0x00, 0x01,
  0xFF, 0xF0, 0x00, 0x1F, 0xFF, 0x00, 0x01, 0xFF, 0xF0, 0x00, 0x1F, 0xFF,
  0x00, 0x01, 0xFF, 0xF0, 0x00, 0x1F, 0xFF, 0x00, 0x01, 0xFF, 0xF0, 0x00,
  0x1F, 0xFF, 0x00, 0x01, 0xFF, 0xF0, 0x00, 0x1F, 0xFF, 0x00, 0x01, 0xFF,
  0xF0, 0x00, 0x1F, 0xFF, 0x00, 0x01, 0xFF, 0xF0, 0x00, 0x1F, 0xFF, 0x00,
  0x01, 0xFF, 0xF0, 0x00, 0x1F, 0xFF, 0x80, 0x00, 0xFF, 0xF8, 0x00, 0x0F,
  0xFF, 0xE0, 0x00, 0xFF, 0xFF, 0xF0, 0x0F, 0xFF, 0xFF, 0x00, 0x7F, 0xFF,
  0xF0, 0x07, 0xFF, 0xFF, 0x00, 0x3F, 0xFF, 0xF0, 0x03, 0xFF, 0xFF, 0x00,
  0x0F, 0xFF, 0xF0, 0x00, 0x3F, 0xFF, 0x00, 0x00, 0x3F, 0xF0, 0xFF, 0xFF,
  0xFF, 0xFF, 0xFF, 0xFF, 0xFF, 0xFF, 0xFF, 0xFF, 0xFF, 0xFF, 0xFF, 0xFF,
  0xFF, 0xFF, 0xFF, 0xFF, 0xFF, 0xFF, 0xFF, 0xFF, 0xFF, 0xFF, 0xFF, 0xFF,
  0xFF, 0xFF, 0xFF, 0xFF, 0xFF, 0xFF, 0xFF, 0xFF, 0xFF, 0xFF, 0xFF, 0xFF,
  0xFF, 0xFF, 0xFF, 0xFF, 0xFF, 0xFF, 0xFF, 0xFF, 0xFF, 0xFF, 0xFF, 0xFF,
  0xFF, 0xFF, 0xFF, 0xFF, 0xFF, 0xFF, 0xFF, 0xFF, 0xFF, 0xFF, 0xFF, 0xFF,
  0xFF, 0xFF, 0xFF, 0xFF, 0xFF, 0xFF, 0xFF, 0xFF, 0xFF, 0xFF, 0xFF, 0xFF,
  0xFF, 0xFF, 0xFF, 0xFF, 0xFF, 0xFF, 0xFF, 0xFF, 0xFF, 0xFF, 0xFF, 0xFF,
  0xFF, 0xFF, 0xFF, 0xFF, 0xFF, 0xFF, 0xFF, 0xFF, 0xFF, 0xFF, 0xFF, 0xFF,
  0xFF, 0xFF, 0xFF, 0xFF, 0xFF, 0xFF, 0xFF, 0xFF, 0xFF, 0xFF, 0xFF, 0xFF,
  0xFF, 0xFF, 0xFF, 0xFF, 0xFF, 0xFF, 0xFF, 0xFF, 0xFF, 0xFF, 0xFF, 0xFF,
  0xFF, 0xFF, 0xFF, 0xFF, 0xFF, 0xFF, 0xFF, 0xFF, 0xFF, 0xFF, 0xFF, 0xFF,
  0xFF, 0xFF, 0xFF, 0xFF, 0xFF, 0xFF, 0xFF, 0xFF, 0xFF, 0xFF, 0xFF, 0xFF,
  0xFF, 0xFF, 0xFF, 0xFF, 0xFF, 0xFF, 0xFF, 0xFF, 0xFF, 0xFF, 0xFF, 0xFF,
  0xFF, 0xFF, 0xFF, 0xFF, 0xFF, 0xFF, 0xFF, 0xFF, 0xFF, 0xFF, 0xFF, 0xF0,
  0xFF, 0xC0, 0x00, 0x0F, 0xFF, 0xE0, 0x00, 0xFF, 0xFF, 0x00, 0x0F, 0xFF,
  0xFC, 0x00, 0xFF, 0xFF, 0xC0, 0x0F, 0xFF, 0xFE, 0x00, 0xFF, 0xFF, 0xE0,
  0x0F, 0xFF, 0xFF, 0x00, 0xFF, 0xFF, 0xF0, 0x00, 0x7F, 0xFF, 0x00, 0x01,
  0xFF, 0xF0, 0x00, 0x1F, 0xFF, 0x80, 0x00, 0xFF, 0xF8, 0x00, 0x0F, 0xFF,
  0x80, 0x00, 0xFF, 0xF8, 0x00, 0x0F, 0xFF, 0x80, 0x00, 0xFF, 0xF8, 0x00,
  0x0F, 0xFF, 0x80, 0x00, 0xFF, 0xF8, 0x00, 0x0F, 0xFF, 0x80, 0x00, 0xFF,
  0xF8, 0x00, 0x0F, 0xFF, 0x80, 0x00, 0xFF, 0xF8, 0x00, 0x0F, 0xFF, 0x80,
  0x00, 0xFF, 0xF8, 0x00, 0x0F, 0xFF, 0x80, 0x00, 0xFF, 0xF8, 0x00, 0x0F,
  0xFF, 0x80, 0x00, 0xFF, 0xF8, 0x00, 0x0F, 0xFF, 0x80, 0x00, 0xFF, 0xF8,
  0x00, 0x0F, 0xFF, 0x80, 0x00, 0xFF, 0xF8, 0x00, 0x0F, 0xFF, 0x80, 0x00,
  0xFF, 0xF8, 0x00, 0x0F, 0xFF, 0x80, 0x00, 0xFF, 0xF8, 0x00, 0x0F, 0xFF,
  0x80, 0x00, 0xFF, 0xF8, 0x00, 0x0F, 0xFF, 0x80, 0x00, 0xFF, 0xF8, 0x00,
  0x0F, 0xFF, 0x80, 0x00, 0xFF, 0xF8, 0x00, 0x0F, 0xFF, 0x80, 0x00, 0xFF,
  0xF8, 0x00, 0x0F, 0xFF, 0x80, 0x00, 0xFF, 0xF8, 0x00, 0x0F, 0xFF, 0x80,
  0x00, 0xFF, 0xF8, 0x00, 0x0F, 0xFF, 0xC0, 0x00, 0x7F, 0xFC, 0x00, 0x07,
  0xFF, 0xC0, 0x00, 0x7F, 0xFC, 0x00, 0x07, 0xFF, 0xE0, 0x00, 0x3F, 0xFF,
  0x80, 0x03, 0xFF, 0xFF, 0x00, 0x1F, 0xFF, 0xF0, 0x00, 0xFF, 0xFF, 0x00,
  0x07, 0xFF, 0xF0, 0x00, 0x0F, 0xFF, 0x00, 0x07, 0xFF, 0xF0, 0x00, 0xFF,
  0xFF, 0x00, 0x1F, 0xFF, 0xF0, 0x03, 0xFF, 0xFF, 0x00, 0x3F, 0xFF, 0x80,
  0x07, 0xFF, 0xE0, 0x00, 0x7F, 0xFC, 0x00, 0x07, 0xFF, 0xC0, 0x00, 0x7F,
  0xFC, 0x00, 0x0F, 0xFF, 0x80, 0x00, 0xFF, 0xF8, 0x00, 0x0F, 0xFF, 0x80,
  0x00, 0xFF, 0xF8, 0x00, 0x0F, 0xFF, 0x80, 0x00, 0xFF, 0xF8, 0x00, 0x0F,
  0xFF, 0x80, 0x00, 0xFF, 0xF8, 0x00, 0x0F, 0xFF, 0x80, 0x00, 0xFF, 0xF8,
  0x00, 0x0F, 0xFF, 0x80, 0x00, 0xFF, 0xF8, 0x00, 0x0F, 0xFF, 0x80, 0x00,
  0xFF, 0xF8, 0x00, 0x0F, 0xFF, 0x80, 0x00, 0xFF, 0xF8, 0x00, 0x0F, 0xFF,
  0x80, 0x00, 0xFF, 0xF8, 0x00, 0x0F, 0xFF, 0x80, 0x00, 0xFF, 0xF8, 0x00,
  0x0F, 0xFF, 0x80, 0x00, 0xFF, 0xF8, 0x00, 0x0F, 0xFF, 0x80, 0x00, 0xFF,
  0xF8, 0x00, 0x0F, 0xFF, 0x80, 0x00, 0xFF, 0xF8, 0x00, 0x0F, 0xFF, 0x80,
  0x00, 0xFF, 0xF8, 0x00, 0x0F, 0xFF, 0x80, 0x00, 0xFF, 0xF8, 0x00, 0x0F,
  0xFF, 0x80, 0x00, 0xFF, 0xF8, 0x00, 0x0F, 0xFF, 0x80, 0x00, 0xFF, 0xF8,
  0x00, 0x0F, 0xFF, 0x80, 0x00, 0xFF, 0xF8, 0x00, 0x0F, 0xFF, 0x80, 0x00,
  0xFF, 0xF8, 0x00, 0x1F, 0xFF, 0x80, 0x01, 0xFF, 0xF0, 0x00, 0x7F, 0xFF,
  0x00, 0xFF, 0xFF, 0xF0, 0x0F, 0xFF, 0xFF, 0x00, 0xFF, 0xFF, 0xE0, 0x0F,
  0xFF, 0xFE, 0x00, 0xFF, 0xFF, 0xC0, 0x0F, 0xFF, 0xFC, 0x00, 0xFF, 0xFF,
  0x00, 0x0F, 0xFF, 0xC0, 0x00, 0xFF, 0xC0, 0x00, 0x00, 0x00, 0x1F, 0x80,
  0x00, 0x00, 0x00, 0x07, 0xFF, 0x00, 0x00, 0x00, 0x00, 0xFF, 0xF8, 0x00,
  0x01, 0x00, 0x3F, 0xFF, 0xE0, 0x00, 0x38, 0x07, 0xFF, 0xFF, 0x80, 0x07,
  0xC1, 0xFF, 0xFF, 0xFC, 0x01, 0xFE, 0x3F, 0xFF, 0xFF, 0xF8, 0x3F, 0xE7,
  0xFF, 0xFF, 0xFF, 0xFF, 0xFF, 0xFF, 0xFF, 0xFF, 0xFF, 0xFF, 0xF7, 0xFF,
  0xFF, 0xFF, 0xFF, 0xFE, 0x7F, 0xE0, 0xFF, 0xFF, 0xFF, 0xC3, 0xF8, 0x03,
  0xFF, 0xFF, 0xF8, 0x1E, 0x00, 0x0F, 0xFF, 0xFF, 0x00, 0xC0, 0x00, 0x3F,
  0xFF, 0xC0, 0x08, 0x00, 0x01, 0xFF, 0xF8, 0x00, 0x00, 0x00, 0x07, 0xFF,
  0x00, 0x00, 0x00, 0x00, 0x0F, 0xC0, 0x00 };

const GFXglyph Oswald_Regular60pt7bGlyphs[] PROGMEM = {
  {     0,   1,   1,  27,    0,    0 },   // 0x20 ' '
  {     1,  13,  95,  25,    6,  -94 },   // 0x21 '!'
  {   156,  28,  29,  31,    2,  -94 },   // 0x22 '"'
  {   258,  50,  95,  58,    4,  -94 },   // 0x23 '#'
  {   852,  48, 113,  58,    5, -103 },   // 0x24 '$'
  {  1530,  96,  96, 104,    4,  -94 },   // 0x25 '%'
  {  2682,  58,  97,  71,    7,  -95 },   // 0x26 '&'
  {  3386,  11,  29,  15,    2,  -94 },   // 0x27 '''
  {  3426,  23, 119,  35,    9,  -95 },   // 0x28 '('
  {  3769,  23, 119,  30,    3,  -95 },   // 0x29 ')'
  {  4112,  40,  40,  47,    5,  -94 },   // 0x2A '*'
  {  4312,  43,  48,  49,    3,  -72 },   // 0x2B '+'
  {  4570,  13,  28,  22,    5,  -12 },   // 0x2C ','
  {  4616,  26,   9,  36,    5,  -37 },   // 0x2D '-'
  {  4646,  13,  14,  23,    6,  -13 },   // 0x2E '.'
  {  4669,  37,  96,  43,    3,  -95 },   // 0x2F '/'
  {  5113,  47,  97,  61,    7,  -95 },   // 0x30 '0'
  {  5683,  30,  95,  45,    3,  -94 },   // 0x31 '1'
  {  6040,  47,  96,  56,    5,  -95 },   // 0x32 '2'
  {  6604,  47,  97,  57,    5,  -95 },   // 0x33 '3'
  {  7174,  51,  96,  56,    4,  -95 },   // 0x34 '4'
  {  7786,  47,  96,  57,    6,  -94 },   // 0x35 '5'
  {  8350,  47,  97,  59,    7,  -95 },   // 0x36 '6'
  {  8920,  38,  96,  46,    3,  -94 },   // 0x37 '7'
  {  9376,  47,  97,  59,    6,  -95 },   // 0x38 '8'
  {  9946,  47,  97,  59,    5,  -95 },   // 0x39 '9'
  { 10516,  13,  51,  23,    7,  -61 },   // 0x3A ':'
  { 10599,  13,  72,  25,    7,  -66 },   // 0x3B ';'
  { 10716,  34,  48,  43,    3,  -72 },   // 0x3C '<'
  { 10920,  36,  30,  48,    6,  -63 },   // 0x3D '='
  { 11055,  34,  48,  44,    7,  -72 },   // 0x3E '>'
  { 11259,  46,  96,  57,    6,  -95 },   // 0x3F '?'
  { 11811,  94, 111, 106,    7,  -94 },   // 0x40 '@'
  { 13116,  54,  96,  58,    2,  -95 },   // 0x41 'A'
  { 13764,  50,  95,  61,    7,  -94 },   // 0x42 'B'
  { 14358,  50,  97,  61,    6,  -95 },   // 0x43 'C'
  { 14965,  49,  95,  62,    7,  -94 },   // 0x44 'D'
  { 15547,  37,  95,  47,    7,  -94 },   // 0x45 'E'
  { 15987,  37,  95,  46,    7,  -94 },   // 0x46 'F'
  { 16427,  51,  97,  63,    6,  -95 },   // 0x47 'G'
  { 17046,  51,  95,  66,    7,  -94 },   // 0x48 'H'
  { 17652,  13,  95,  29,    8,  -94 },   // 0x49 'I'
  { 17807,  27,  98,  36,    1,  -95 },   // 0x4A 'J'
  { 18138,  50,  95,  57,    7,  -94 },   // 0x4B 'K'
  { 18732,  38,  96,  46,    7,  -95 },   // 0x4C 'L'
  { 19188,  63,  95,  77,    7,  -94 },   // 0x4D 'M'
  { 19937,  47,  95,  62,    7,  -94 },   // 0x4E 'N'
  { 20496,  52,  97,  64,    6,  -95 },   // 0x4F 'O'
  { 21127,  47,  96,  56,    7,  -94 },   // 0x50 'P'
  { 21691,  52, 115,  64,    6,  -95 },   // 0x51 'Q'
  { 22439,  49,  95,  60,    7,  -94 },   // 0x52 'R'
  { 23021,  48,  97,  56,    5,  -95 },   // 0x53 'S'
  { 23603,  45,  96,  49,    2,  -94 },   // 0x54 'T'
  { 24143,  51,  97,  65,    7,  -95 },   // 0x55 'U'
  { 24762,  54,  96,  59,    3,  -95 },   // 0x56 'V'
  { 25410,  77,  96,  86,    4,  -95 },   // 0x57 'W'
  { 26334,  53,  95,  57,    2,  -94 },   // 0x58 'X'
  { 26964,  54,  96,  57,    1,  -95 },   // 0x59 'Y'
  { 27612,  42,  95,  48,    4,  -94 },   // 0x5A 'Z'
  { 28111,  26, 117,  40,    7,  -94 },   // 0x5B '['
  { 28492,  37,  96,  43,    3,  -95 },   // 0x5C '\'
  { 28936,  27, 117,  37,    3,  -94 },   // 0x5D ']'
  { 29331,  44,  38,  52,    4,  -94 },   // 0x5E '^'
  { 29540,  40,   9,  40,    0,    8 },   // 0x5F '_'
  { 29585,  19,  24,  33,    7,  -95 },   // 0x60 '`'
  { 29642,  41,  70,  49,    3,  -68 },   // 0x61 'a'
  { 30001,  41,  96,  53,    7,  -94 },   // 0x62 'b'
  { 30493,  38,  70,  48,    5,  -68 },   // 0x63 'c'
  { 30826,  41,  96,  52,    5,  -94 },   // 0x64 'd'
  { 31318,  40,  70,  50,    5,  -68 },   // 0x65 'e'
  { 31668,  31,  92,  34,    2,  -91 },   // 0x66 'f'
  { 32025,  51,  91,  51,    2,  -69 },   // 0x67 'g'
  { 32606,  40,  95,  53,    7,  -94 },   // 0x68 'h'
  { 33081,  13,  91,  27,    7,  -90 },   // 0x69 'i'
  { 33229,  24, 108,  27,   -3,  -90 },   // 0x6A 'j'
  { 33553,  44,  95,  51,    7,  -94 },   // 0x6B 'k'
  { 34076,  13,  95,  28,    8,  -94 },   // 0x6C 'l'
  { 34231,  68,  69,  80,    6,  -68 },   // 0x6D 'm'
  { 34818,  40,  69,  52,    6,  -68 },   // 0x6E 'n'
  { 35163,  40,  70,  50,    5,  -68 },   // 0x6F 'o'
  { 35513,  41,  91,  52,    6,  -68 },   // 0x70 'p'
  { 35980,  41,  91,  52,    5,  -68 },   // 0x71 'q'
  { 36447,  30,  69,  38,    7,  -68 },   // 0x72 'r'
  { 36706,  38,  70,  44,    3,  -68 },   // 0x73 's'
  { 37039,  31,  89,  37,    3,  -87 },   // 0x74 't'
  { 37384,  40,  69,  52,    6,  -67 },   // 0x75 'u'
  { 37729,  41,  68,  45,    2,  -67 },   // 0x76 'v'
  { 38078,  63,  68,  69,    3,  -67 },   // 0x77 'w'
  { 38614,  44,  68,  46,    1,  -67 },   // 0x78 'x'
  { 38988,  44,  85,  46,    1,  -67 },   // 0x79 'y'
  { 39456,  34,  68,  41,    4,  -67 },   // 0x7A 'z'
  { 39745,  28, 119,  36,    5,  -96 },   // 0x7B '{'
  { 40162,  12, 113,  28,    8,  -95 },   // 0x7C '|'
  { 40332,  28, 119,  38,    5,  -96 },   // 0x7D '}'
  { 40749,  44,  17,  53,    4,  -56 } }; // 0x7E '~'

const GFXfont Oswald_Regular60pt7b PROGMEM = {
  (uint8_t  *)Oswald_Regular60pt7bBitmaps,
  (GFXglyph *)Oswald_Regular60pt7bGlyphs,
  0x20, 0x7E, 174 };

// Approx. 41515 bytes
