const uint8_t Oswald_Regular50pt7bBitmaps[] PROGMEM = {
  0x00, 0xFF, 0xFF, 0xFF, 0xFF, 0xFF, 0xFF, 0xFF, 0xFF, 0xFF, 0xFF, 0xFF,
  0xFF, 0xF7, 0xF9, 0xFE, 0x7F, 0x9F, 0xE7, 0xF9, 0xFE, 0x7F, 0x9F, 0xE7,
  0xF9, 0xFE, 0x7F, 0x9F, 0xE7, 0xF9, 0xFE, 0x7F, 0x9F, 0xE7, 0xF9, 0xFE,
  0x7F, 0x9F, 0xC3, 0xF0, 0xFC, 0x3F, 0x0F, 0xC3, 0xF0, 0xFC, 0x3F, 0x0F,
  0xC3, 0xF0, 0xFC, 0x3F, 0x0F, 0xC3, 0xF0, 0xFC, 0x3F, 0x0F, 0xC3, 0xF0,
  0xFC, 0x3E, 0x0F, 0x81, 0xE0, 0x78, 0x1E, 0x07, 0x81, 0xE0, 0x78, 0x1E,
  0x07, 0x81, 0xE0, 0x78, 0x1E, 0x07, 0x81, 0xE0, 0x00, 0x00, 0x00, 0x00,
  0x00, 0x00, 0x00, 0x3F, 0xFF, 0xFF, 0xFF, 0xFF, 0xFF, 0xFF, 0xFF, 0xFF,
  0xFF, 0xFF, 0xFF, 0xFF, 0xFF, 0xFF, 0x87, 0xFF, 0xFF, 0x0F, 0xFF, 0xFE,
  0x1F, 0xFF, 0xFC, 0x3F, 0xEF, 0xF8, 0x7F, 0xDF, 0xF0, 0xFF, 0xBF, 0xC1,
  0xFF, 0x7F, 0x83, 0xFE, 0xFF, 0x07, 0xFD, 0xFE, 0x0F, 0xFB, 0xFC, 0x1F,
  0xE7, 0xF8, 0x3F, 0xCF, 0xE0, 0x7F, 0x9F, 0xC0, 0xFF, 0x3F, 0x81, 0xFE,
  0x7F, 0x03, 0xFC, 0xFE, 0x07, 0xF1, 0xFC, 0x0F, 0xE3, 0xF8, 0x1F, 0xC7,
  0xE0, 0x3F, 0x8F, 0xC0, 0x7F, 0x1F, 0x80, 0xFE, 0x3F, 0x01, 0xF8, 0x7E,
  0x03, 0xF0, 0x00, 0x1F, 0xFC, 0x01, 0xFF, 0x80, 0x07, 0xFF, 0x00, 0xFF,
  0xE0, 0x01, 0xFF, 0xC0, 0x3F, 0xF8, 0x00, 0x7F, 0xE0, 0x0F, 0xFE, 0x00,
  0x1F, 0xF8, 0x03, 0xFF, 0x00, 0x07, 0xFE, 0x00, 0xFF, 0xC0, 0x01, 0xFF,
  0x80, 0x3F, 0xF0, 0x00, 0xFF, 0xE0, 0x0F, 0xFC, 0x00, 0x3F, 0xF8, 0x07,
  0xFF, 0x00, 0x0F, 0xFE, 0x01, 0xFF, 0xC0, 0x03, 0xFF, 0x00, 0x7F, 0xF0,
  0x00, 0xFF, 0xC0, 0x1F, 0xF8, 0x00, 0x3F, 0xF0, 0x07, 0xFE, 0x00, 0x0F,
  0xFC, 0x01, 0xFF, 0x80, 0x07, 0xFF, 0x00, 0x7F, 0xE0, 0x01, 0xFF, 0xC0,
  0x3F, 0xF8, 0x00, 0x7F, 0xF0, 0x0F, 0xFE, 0x00, 0x1F, 0xF8, 0x03, 0xFF,
  0x80, 0x07, 0xFE, 0x00, 0xFF, 0xC0, 0x01, 0xFF, 0x80, 0x3F, 0xF0, 0x00,
  0x7F, 0xE0, 0x0F, 0xFC, 0x00, 0x3F, 0xF8, 0x03, 0xFF, 0x00, 0x0F, 0xFE,
  0x01, 0xFF, 0xC0, 0x03, 0xFF, 0x80, 0x7F, 0xF0, 0x00, 0xFF, 0xC0, 0x1F,
  0xFC, 0x00, 0x3F, 0xF0, 0x07, 0xFE, 0x0F, 0xFF, 0xFF, 0xFF, 0xFF, 0xFF,
  0xFF, 0xFF, 0xFF, 0xFF, 0xFF, 0xFF, 0xFF, 0xFF, 0xFF, 0xFF, 0xFF, 0xFF,
  0xFF, 0xFF, 0xFF, 0xFF, 0xFF, 0xFF, 0xFF, 0xFF, 0xFF, 0xFF, 0xFF, 0xFF,
  0xFF, 0xFF, 0xFF, 0xFF, 0xFF, 0xFF, 0xFF, 0xFF, 0xFF, 0xFF, 0xFF, 0xFF,
  0xF0, 0x1F, 0xF8, 0x03, 0xFF, 0x00, 0x0F, 0xFE, 0x00, 0xFF, 0xC0, 0x03,
  0xFF, 0x80, 0x7F, 0xF0, 0x00, 0xFF, 0xE0, 0x1F, 0xFC, 0x00, 0x3F, 0xF0,
  0x07, 0xFF, 0x00, 0x0F, 0xFC, 0x01, 0xFF, 0x80, 0x03, 0xFF, 0x00, 0x7F,
  0xE0, 0x00, 0xFF, 0xC0, 0x1F, 0xF8, 0x00, 0x3F, 0xF0, 0x07, 0xFE, 0x00,
  0x1F, 0xFC, 0x03, 0xFF, 0x80, 0xFF, 0xFF, 0xFF, 0xFF, 0xFF, 0xBF, 0xFF,
  0xFF, 0xFF, 0xFF, 0xEF, 0xFF, 0xFF, 0xFF, 0xFF, 0xFB, 0xFF, 0xFF, 0xFF,
  0xFF, 0xFE, 0xFF, 0xFF, 0xFF, 0xFF, 0xFF, 0xBF, 0xFF, 0xFF, 0xFF, 0xFF,
  0xEF, 0xFF, 0xFF, 0xFF, 0xFF, 0xFB, 0xFF, 0xFF, 0xFF, 0xFF, 0xFE, 0x0F,
  0xFE, 0x01, 0xFF, 0xC0, 0x03, 0xFF, 0x00, 0x7F, 0xE0, 0x00, 0xFF, 0xC0,
  0x1F, 0xF8, 0x00, 0x3F, 0xF0, 0x07, 0xFE, 0x00, 0x0F, 0xFC, 0x01, 0xFF,
  0x80, 0x07, 0xFF, 0x00, 0xFF, 0xE0, 0x01, 0xFF, 0xC0, 0x3F, 0xF8, 0x00,
  0x7F, 0xF0, 0x0F, 0xFE, 0x00, 0x1F, 0xF8, 0x03, 0xFF, 0x00, 0x07, 0xFE,
  0x00, 0xFF, 0xC0, 0x01, 0xFF, 0x80, 0x3F, 0xF0, 0x00, 0x7F, 0xE0, 0x0F,
  0xFC, 0x00, 0x3F, 0xF8, 0x07, 0xFF, 0x00, 0x0F, 0xFE, 0x01, 0xFF, 0xC0,
  0x03, 0xFF, 0x80, 0x7F, 0xF0, 0x00, 0xFF, 0xC0, 0x1F, 0xF8, 0x00, 0x3F,
  0xF0, 0x07, 0xFE, 0x00, 0x0F, 0xFC, 0x01, 0xFF, 0x80, 0x03, 0xFF, 0x00,
  0x7F, 0xE0, 0x01, 0xFF, 0xC0, 0x3F, 0xF8, 0x00, 0x7F, 0xF0, 0x0F, 0xFE,
  0x00, 0x1F, 0xFC, 0x03, 0xFF, 0x80, 0x07, 0xFE, 0x00, 0xFF, 0xC0, 0x01,
  0xFF, 0x80, 0x3F, 0xF0, 0x00, 0x7F, 0xE0, 0x0F, 0xFC, 0x00, 0x1F, 0xF8,
  0x03, 0xFF, 0x00, 0x0F, 0xFE, 0x01, 0xFF, 0xC0, 0x03, 0xFF, 0x80, 0x7F,
  0xF0, 0x00, 0x00, 0x00, 0x38, 0x00, 0x00, 0x00, 0x00, 0x38, 0x00, 0x00,
  0x00, 0x00, 0x38, 0x00, 0x00, 0x00, 0x00, 0x38, 0x00, 0x00, 0x00, 0x00,
  0x38, 0x00, 0x00, 0x00, 0x00, 0x38, 0x00, 0x00, 0x00, 0x00, 0x38, 0x00,
  0x00, 0x00, 0x00, 0x3E, 0x00, 0x00, 0x00, 0x1F, 0xFF, 0xE0, 0x00, 0x00,
  0x7F, 0xFF, 0xF8, 0x00, 0x01, 0xFF, 0xFF, 0xFE, 0x00, 0x03, 0xFF, 0xFF,
  0xFF, 0x00, 0x07, 0xFF, 0xFF, 0xFF, 0x80, 0x0F, 0xFF, 0xFF, 0xFF, 0xC0,
  0x1F, 0xFF, 0xFF, 0xFF, 0xE0, 0x3F, 0xFF, 0xFF, 0xFF, 0xE0, 0x3F, 0xFF,
  0x81, 0xFF, 0xF0, 0x7F, 0xFC, 0x00, 0x7F, 0xF0, 0x7F, 0xF0, 0x00, 0x3F,
  0xF8, 0x7F, 0xE0, 0x00, 0x1F, 0xF8, 0x7F, 0xE0, 0x00, 0x1F, 0xF8, 0xFF,
  0xE0, 0x00, 0x0F, 0xFC, 0xFF, 0xC0, 0x00, 0x0F, 0xFC, 0xFF, 0xC0, 0x00,
  0x0F, 0xFC, 0xFF, 0xC0, 0x00, 0x07, 0xFC, 0xFF, 0xC0, 0x00, 0x07, 0xFC,
  0xFF, 0xC0, 0x00, 0x07, 0xFE, 0xFF, 0xC0, 0x00, 0x07, 0xFE, 0xFF, 0xC0,
  0x00, 0x07, 0xFC, 0xFF, 0xE0, 0x00, 0x07, 0xC0, 0xFF, 0xE0, 0x00, 0x02,
  0x00, 0xFF, 0xF0, 0x00, 0x00, 0x00, 0x7F, 0xF0, 0x00, 0x00, 0x00, 0x7F,
  0xF8, 0x00, 0x00, 0x00, 0x7F, 0xFC, 0x00, 0x00, 0x00, 0x3F, 0xFE, 0x00,
  0x00, 0x00, 0x3F, 0xFF, 0x00, 0x00, 0x00, 0x1F, 0xFF, 0x80, 0x00, 0x00,
  0x1F, 0xFF, 0xC0, 0x00, 0x00, 0x0F, 0xFF, 0xE0, 0x00, 0x00, 0x07, 0xFF,
  0xF0, 0x00, 0x00, 0x07, 0xFF, 0xFC, 0x00, 0x00, 0x03, 0xFF, 0xFE, 0x00,
  0x00, 0x01, 0xFF, 0xFF, 0x00, 0x00, 0x00, 0xFF, 0xFF, 0x80, 0x00, 0x00,
  0x3F, 0xFF, 0xC0, 0x00, 0x00, 0x1F, 0xFF, 0xE0, 0x00, 0x00, 0x0F, 0xFF,
  0xF0, 0x00, 0x00, 0x07, 0xFF, 0xFC, 0x00, 0x00, 0x03, 0xFF, 0xFE, 0x00,
  0x00, 0x01, 0xFF, 0xFE, 0x00, 0x00, 0x00, 0xFF, 0xFF, 0x00, 0x00, 0x00,
  0x7F, 0xFF, 0x80, 0x00, 0x00, 0x1F, 0xFF, 0xC0, 0x00, 0x00, 0x0F, 0xFF,
  0xE0, 0x00, 0x00, 0x07, 0xFF, 0xE0, 0x00, 0x00, 0x03, 0xFF, 0xF0, 0x00,
  0x00, 0x01, 0xFF, 0xF8, 0x00, 0x00, 0x00, 0xFF, 0xF8, 0x00, 0x00, 0x00,
  0x7F, 0xFC, 0x00, 0x00, 0x00, 0x3F, 0xFC, 0x00, 0x00, 0x00, 0x1F, 0xFE,
  0x00, 0x00, 0x00, 0x1F, 0xFE, 0x00, 0x00, 0x00, 0x0F, 0xFE, 0x01, 0xC0,
  0x00, 0x07, 0xFE, 0x1F, 0xC0, 0x00, 0x07, 0xFF, 0xFF, 0xC0, 0x00, 0x07,
  0xFF, 0xFF, 0xC0, 0x00, 0x03, 0xFF, 0xFF, 0xC0, 0x00, 0x03, 0xFF, 0xFF,
  0xE0, 0x00, 0x03, 0xFF, 0xFF, 0xE0, 0x00, 0x03, 0xFF, 0xFF, 0xE0, 0x00,
  0x03, 0xFF, 0x7F, 0xE0, 0x00, 0x03, 0xFF, 0x7F, 0xF0, 0x00, 0x03, 0xFF,
  0x7F, 0xF0, 0x00, 0x03, 0xFF, 0x7F, 0xF0, 0x00, 0x07, 0xFE, 0x3F, 0xF8,
  0x00, 0x07, 0xFE, 0x3F, 0xFC, 0x00, 0x07, 0xFE, 0x3F, 0xFE, 0x00, 0x0F,
  0xFC, 0x1F, 0xFF, 0x00, 0x1F, 0xFC, 0x1F, 0xFF, 0xC0, 0x7F, 0xF8, 0x0F,
  0xFF, 0xFF, 0xFF, 0xF8, 0x07, 0xFF, 0xFF, 0xFF, 0xF0, 0x03, 0xFF, 0xFF,
  0xFF, 0xE0, 0x01, 0xFF, 0xFF, 0xFF, 0xC0, 0x00, 0xFF, 0xFF, 0xFF, 0x80,
  0x00, 0x7F, 0xFF, 0xFE, 0x00, 0x00, 0x1F, 0xFF, 0xF8, 0x00, 0x00, 0x01,
  0xFF, 0xC0, 0x00, 0x00, 0x00, 0x0E, 0x00, 0x00, 0x00, 0x00, 0x0E, 0x00,
  0x00, 0x00, 0x00, 0x0E, 0x00, 0x00, 0x00, 0x00, 0x0E, 0x00, 0x00, 0x00,
  0x00, 0x0E, 0x00, 0x00, 0x00, 0x00, 0x0E, 0x00, 0x00, 0x00, 0x00, 0x0E,
  0x00, 0x00, 0x00, 0x01, 0x00, 0x00, 0x00, 0x00, 0x00, 0x00, 0x00, 0x00,
  0x00, 0x7F, 0xFC, 0x00, 0x00, 0x03, 0xFE, 0x00, 0x00, 0x00, 0x01, 0xFF,
  0xFF, 0x00, 0x00, 0x03, 0xFE, 0x00, 0x00, 0x00, 0x07, 0xFF, 0xFF, 0xC0,
  0x00, 0x03, 0xFE, 0x00, 0x00, 0x00, 0x0F, 0xFF, 0xFF, 0xE0, 0x00, 0x07,
  0xFC, 0x00, 0x00, 0x00, 0x1F, 0xFF, 0xFF, 0xF0, 0x00, 0x07, 0xFC, 0x00,
  0x00, 0x00, 0x1F, 0xFF, 0xFF, 0xF0, 0x00, 0x07, 0xFC, 0x00, 0x00, 0x00,
  0x3F, 0xFF, 0xFF, 0xF8, 0x00, 0x0F, 0xFC, 0x00, 0x00, 0x00, 0x3F, 0xFF,
  0xFF, 0xF8, 0x00, 0x0F, 0xF8, 0x00, 0x00, 0x00, 0x7F, 0xF0, 0x1F, 0xFC,
  0x00, 0x0F, 0xF8, 0x00, 0x00, 0x00, 0x7F, 0xE0, 0x0F, 0xFC, 0x00, 0x0F,
  0xF8, 0x00, 0x00, 0x00, 0x7F, 0xE0, 0x0F, 0xFC, 0x00, 0x1F, 0xF8, 0x00,
  0x00, 0x00, 0x7F, 0xE0, 0x0F, 0xFE, 0x00, 0x1F, 0xF0, 0x00, 0x00, 0x00,
  0xFF, 0xC0, 0x07, 0xFE, 0x00, 0x1F, 0xF0, 0x00, 0x00, 0x00, 0xFF, 0xC0,
  0x07, 0xFE, 0x00, 0x1F, 0xF0, 0x00, 0x00, 0x00, 0xFF, 0xC0, 0x07, 0xFE,
  0x00, 0x3F, 0xF0, 0x00, 0x00, 0x00, 0xFF, 0xC0, 0x07, 0xFE, 0x00, 0x3F,
  0xE0, 0x00, 0x00, 0x00, 0xFF, 0xC0, 0x07, 0xFE, 0x00, 0x3F, 0xE0, 0x00,
  0x00, 0x00, 0xFF, 0xC0, 0x07, 0xFE, 0x00, 0x3F, 0xE0, 0x00, 0x00, 0x00,
  0xFF, 0xC0, 0x07, 0xFE, 0x00, 0x7F, 0xC0, 0x00, 0x00, 0x00, 0xFF, 0xC0,
  0x07, 0xFE, 0x00, 0x7F, 0xC0, 0x00, 0x00, 0x00, 0xFF, 0xC0, 0x07, 0xFE,
  0x00, 0x7F, 0xC0, 0x00, 0x00, 0x00, 0xFF, 0xC0, 0x07, 0xFE, 0x00, 0xFF,
  0xC0, 0x00, 0x00, 0x00, 0xFF, 0xC0, 0x07, 0xFE, 0x00, 0xFF, 0x80, 0x00,
  0x00, 0x00, 0xFF, 0xC0, 0x07, 0xFE, 0x00, 0xFF, 0x80, 0x00, 0x00, 0x00,
  0xFF, 0xC0, 0x07, 0xFE, 0x00, 0xFF, 0x80, 0x00, 0x00, 0x00, 0xFF, 0xC0,
  0x07, 0xFE, 0x01, 0xFF, 0x80, 0x00, 0x00, 0x00, 0xFF, 0xC0, 0x07, 0xFE,
  0x01, 0xFF, 0x00, 0x00, 0x00, 0x00, 0xFF, 0xC0, 0x07, 0xFE, 0x01, 0xFF,
  0x00, 0x00, 0x00, 0x00, 0xFF, 0xC0, 0x07, 0xFE, 0x01, 0xFF, 0x00, 0x00,
  0x00, 0x00, 0xFF, 0xC0, 0x07, 0xFE, 0x03, 0xFF, 0x00, 0x00, 0x00, 0x00,
  0x7F, 0xE0, 0x0F, 0xFC, 0x03, 0xFE, 0x00, 0x00, 0x00, 0x00, 0x7F, 0xE0,
  0x0F, 0xFC, 0x03, 0xFE, 0x00, 0x00, 0x00, 0x00, 0x7F, 0xE0, 0x0F, 0xFC,
  0x03, 0xFE, 0x00, 0x00, 0x00, 0x00, 0x7F, 0xF0, 0x1F, 0xFC, 0x07, 0xFE,
  0x00, 0x00, 0x00, 0x00, 0x3F, 0xF8, 0x3F, 0xF8, 0x07, 0xFC, 0x00, 0x00,
  0x00, 0x00, 0x3F, 0xFF, 0xFF, 0xF8, 0x07, 0xFC, 0x00, 0x00, 0x00, 0x00,
  0x1F, 0xFF, 0xFF, 0xF0, 0x0F, 0xFC, 0x00, 0x00, 0x00, 0x00, 0x1F, 0xFF,
  0xFF, 0xF0, 0x0F, 0xF8, 0x00, 0x00, 0x00, 0x00, 0x0F, 0xFF, 0xFF, 0xE0,
  0x0F, 0xF8, 0x00, 0x0F, 0xFC, 0x00, 0x07, 0xFF, 0xFF, 0xC0, 0x0F, 0xF8,
  0x00, 0x7F, 0xFF, 0x80, 0x03, 0xFF, 0xFF, 0x80, 0x1F, 0xF8, 0x01, 0xFF,
  0xFF, 0xC0, 0x00, 0xFF, 0xFE, 0x00, 0x1F, 0xF0, 0x03, 0xFF, 0xFF, 0xF0,
  0x00, 0x1F, 0xF0, 0x00, 0x1F, 0xF0, 0x07, 0xFF, 0xFF, 0xF0, 0x00, 0x00,
  0x00, 0x00, 0x1F, 0xF0, 0x0F, 0xFF, 0xFF, 0xF8, 0x00, 0x00, 0x00, 0x00,
  0x3F, 0xF0, 0x1F, 0xFF, 0xFF, 0xFC, 0x00, 0x00, 0x00, 0x00, 0x3F, 0xE0,
  0x1F, 0xFF, 0xFF, 0xFC, 0x00, 0x00, 0x00, 0x00, 0x3F, 0xE0, 0x1F, 0xFC,
  0x1F, 0xFE, 0x00, 0x00, 0x00, 0x00, 0x3F, 0xE0, 0x3F, 0xF8, 0x0F, 0xFE,
  0x00, 0x00, 0x00, 0x00, 0x7F, 0xE0, 0x3F, 0xF0, 0x07, 0xFE, 0x00, 0x00,
  0x00, 0x00, 0x7F, 0xC0, 0x3F, 0xF0, 0x07, 0xFE, 0x00, 0x00, 0x00, 0x00,
  0x7F, 0xC0, 0x7F, 0xE0, 0x07, 0xFF, 0x00, 0x00, 0x00, 0x00, 0xFF, 0xC0,
  0x7F, 0xE0, 0x03, 0xFF, 0x00, 0x00, 0x00, 0x00, 0xFF, 0x80, 0x7F, 0xE0,
  0x03, 0xFF, 0x00, 0x00, 0x00, 0x00, 0xFF, 0x80, 0x7F, 0xE0, 0x03, 0xFF,
  0x00, 0x00, 0x00, 0x00, 0xFF, 0x80, 0x7F, 0xE0, 0x03, 0xFF, 0x00, 0x00,
  0x00, 0x01, 0xFF, 0x80, 0x7F, 0xE0, 0x03, 0xFF, 0x00, 0x00, 0x00, 0x01,
  0xFF, 0x00, 0x7F, 0xE0, 0x03, 0xFF, 0x00, 0x00, 0x00, 0x01, 0xFF, 0x00,
  0x7F, 0xE0, 0x03, 0xFF, 0x00, 0x00, 0x00, 0x01, 0xFF, 0x00, 0x7F, 0xE0,
  0x03, 0xFF, 0x00, 0x00, 0x00, 0x03, 0xFF, 0x00, 0x7F, 0xE0, 0x03, 0xFF,
  0x00, 0x00, 0x00, 0x03, 0xFE, 0x00, 0x7F, 0xE0, 0x03, 0xFF, 0x00, 0x00,
  0x00, 0x03, 0xFE, 0x00, 0x7F, 0xE0, 0x03, 0xFF, 0x00, 0x00, 0x00, 0x03,
  0xFE, 0x00, 0x7F, 0xE0, 0x03, 0xFF, 0x00, 0x00, 0x00, 0x07, 0xFE, 0x00,
  0x7F, 0xE0, 0x03, 0xFF, 0x00, 0x00, 0x00, 0x07, 0xFC, 0x00, 0x7F, 0xE0,
  0x03, 0xFF, 0x00, 0x00, 0x00, 0x07, 0xFC, 0x00, 0x7F, 0xE0, 0x03, 0xFF,
  0x00, 0x00, 0x00, 0x0F, 0xFC, 0x00, 0x7F, 0xE0, 0x03, 0xFF, 0x00, 0x00,
  0x00, 0x0F, 0xF8, 0x00, 0x7F, 0xE0, 0x03, 0xFF, 0x00, 0x00, 0x00, 0x0F,
  0xF8, 0x00, 0x7F, 0xF0, 0x07, 0xFF, 0x00, 0x00, 0x00, 0x0F, 0xF8, 0x00,
  0x3F, 0xF0, 0x07, 0xFE, 0x00, 0x00, 0x00, 0x1F, 0xF8, 0x00, 0x3F, 0xF0,
  0x07, 0xFE, 0x00, 0x00, 0x00, 0x1F, 0xF0, 0x00, 0x3F, 0xF8, 0x0F, 0xFE,
  0x00, 0x00, 0x00, 0x1F, 0xF0, 0x00, 0x1F, 0xFC, 0x1F, 0xFC, 0x00, 0x00,
  0x00, 0x1F, 0xF0, 0x00, 0x1F, 0xFF, 0xFF, 0xFC, 0x00, 0x00, 0x00, 0x3F,
  0xF0, 0x00, 0x0F, 0xFF, 0xFF, 0xF8, 0x00, 0x00, 0x00, 0x3F, 0xE0, 0x00,
  0x0F, 0xFF, 0xFF, 0xF8, 0x00, 0x00, 0x00, 0x3F, 0xE0, 0x00, 0x07, 0xFF,
  0xFF, 0xF0, 0x00, 0x00, 0x00, 0x3F, 0xE0, 0x00, 0x03, 0xFF, 0xFF, 0xE0,
  0x00, 0x00, 0x00, 0x7F, 0xE0, 0x00, 0x01, 0xFF, 0xFF, 0xC0, 0x00, 0x00,
  0x00, 0x7F, 0xC0, 0x00, 0x00, 0x7F, 0xFF, 0x00, 0x00, 0x00, 0x00, 0x7F,
  0xC0, 0x00, 0x00, 0x0F, 0xF8, 0x00, 0x00, 0x00, 0x10, 0x00, 0x00, 0x00,
  0x00, 0x07, 0xFF, 0xC0, 0x00, 0x00, 0x00, 0x1F, 0xFF, 0xF0, 0x00, 0x00,
  0x00, 0x3F, 0xFF, 0xFC, 0x00, 0x00, 0x00, 0xFF, 0xFF, 0xFE, 0x00, 0x00,
  0x01, 0xFF, 0xFF, 0xFF, 0x00, 0x00, 0x03, 0xFF, 0xFF, 0xFF, 0x80, 0x00,
  0x03, 0xFF, 0xFF, 0xFF, 0xC0, 0x00, 0x07, 0xFF, 0xFF, 0xFF, 0xE0, 0x00,
  0x07, 0xFF, 0x01, 0xFF, 0xE0, 0x00, 0x0F, 0xFE, 0x00, 0x7F, 0xE0, 0x00,
  0x0F, 0xFC, 0x00, 0x7F, 0xF0, 0x00, 0x0F, 0xFC, 0x00, 0x3F, 0xF0, 0x00,
  0x1F, 0xFC, 0x00, 0x3F, 0xF0, 0x00, 0x1F, 0xF8, 0x00, 0x3F, 0xF0, 0x00,
  0x1F, 0xF8, 0x00, 0x3F, 0xF0, 0x00, 0x1F, 0xF8, 0x00, 0x3F, 0xF0, 0x00,
  0x1F, 0xF8, 0x00, 0x3F, 0xF0, 0x00, 0x1F, 0xF8, 0x00, 0x3F, 0xF0, 0x00,
  0x1F, 0xF8, 0x00, 0x7F, 0xF0, 0x00, 0x1F, 0xF8, 0x00, 0x7F, 0xE0, 0x00,
  0x1F, 0xF8, 0x00, 0x7F, 0xE0, 0x00, 0x1F, 0xF8, 0x00, 0x7F, 0xE0, 0x00,
  0x0F, 0xFC, 0x00, 0xFF, 0xC0, 0x00, 0x0F, 0xFC, 0x00, 0xFF, 0xC0, 0x00,
  0x0F, 0xFC, 0x00, 0xFF, 0x80, 0x00, 0x0F, 0xFE, 0x01, 0xFF, 0x80, 0x00,
  0x07, 0xFE, 0x01, 0xFF, 0x00, 0x00, 0x07, 0xFE, 0x03, 0xFF, 0x00, 0x00,
  0x03, 0xFF, 0x03, 0xFE, 0x00, 0x00, 0x03, 0xFF, 0x07, 0xFC, 0x00, 0x00,
  0x01, 0xFF, 0x0F, 0xFC, 0x00, 0x00, 0x01, 0xFF, 0x8F, 0xF8, 0x00, 0x00,
  0x00, 0xFF, 0x9F, 0xF0, 0x00, 0x00, 0x00, 0xFF, 0xFF, 0xE0, 0x00, 0x00,
  0x00, 0x7F, 0xFF, 0xE0, 0x00, 0x00, 0x00, 0x7F, 0xFF, 0xC0, 0x00, 0x00,
  0x00, 0x3F, 0xFF, 0x80, 0x00, 0x00, 0x00, 0x3F, 0xFF, 0x00, 0x00, 0x00,
  0x00, 0x1F, 0xFE, 0x00, 0x00, 0x00, 0x00, 0x1F, 0xFC, 0x00, 0x00, 0x00,
  0x00, 0x3F, 0xFC, 0x00, 0x00, 0x00, 0x00, 0x7F, 0xFC, 0x00, 0x00, 0x00,
  0x00, 0xFF, 0xFE, 0x00, 0x00, 0x00, 0x01, 0xFF, 0xFF, 0x00, 0x07, 0xFF,
  0x01, 0xFF, 0xFF, 0x00, 0x07, 0xFF, 0x03, 0xFF, 0xFF, 0x80, 0x07, 0xFF,
  0x07, 0xFF, 0xFF, 0x80, 0x07, 0xFF, 0x07, 0xFF, 0xFF, 0xC0, 0x0F, 0xFF,
  0x0F, 0xFC, 0xFF, 0xE0, 0x0F, 0xFE, 0x1F, 0xFC, 0x7F, 0xE0, 0x0F, 0xFE,
  0x1F, 0xF8, 0x7F, 0xF0, 0x0F, 0xFE, 0x3F, 0xF8, 0x3F, 0xF0, 0x0F, 0xFE,
  0x3F, 0xF0, 0x1F, 0xF8, 0x1F, 0xFC, 0x7F, 0xF0, 0x1F, 0xFC, 0x1F, 0xFC,
  0x7F, 0xE0, 0x0F, 0xFC, 0x1F, 0xFC, 0x7F, 0xE0, 0x07, 0xFE, 0x1F, 0xF8,
  0x7F, 0xE0, 0x07, 0xFF, 0x3F, 0xF8, 0xFF, 0xE0, 0x03, 0xFF, 0x3F, 0xF8,
  0xFF, 0xC0, 0x01, 0xFF, 0xBF, 0xF0, 0xFF, 0xC0, 0x01, 0xFF, 0xFF, 0xF0,
  0xFF, 0xC0, 0x00, 0xFF, 0xFF, 0xE0, 0xFF, 0xC0, 0x00, 0xFF, 0xFF, 0xE0,
  0xFF, 0xC0, 0x00, 0x7F, 0xFF, 0xC0, 0xFF, 0xC0, 0x00, 0x3F, 0xFF, 0xC0,
  0xFF, 0xC0, 0x00, 0x3F, 0xFF, 0x80, 0xFF, 0xC0, 0x00, 0x1F, 0xFF, 0x00,
  0xFF, 0xC0, 0x00, 0x1F, 0xFF, 0x00, 0xFF, 0xE0, 0x00, 0x3F, 0xFF, 0xC0,
  0x7F, 0xE0, 0x00, 0x7F, 0xFF, 0xE0, 0x7F, 0xF0, 0x00, 0xFF, 0xFF, 0xF8,
  0x7F, 0xF8, 0x01, 0xFF, 0xFF, 0xFF, 0x3F, 0xFC, 0x0F, 0xFF, 0xFF, 0xFF,
  0x3F, 0xFF, 0xFF, 0xFF, 0xFF, 0xFF, 0x1F, 0xFF, 0xFF, 0xFF, 0xBF, 0xFF,
  0x1F, 0xFF, 0xFF, 0xFF, 0x1F, 0xFF, 0x0F, 0xFF, 0xFF, 0xFE, 0x0F, 0xFF,
  0x07, 0xFF, 0xFF, 0xFC, 0x07, 0xFF, 0x03, 0xFF, 0xFF, 0xF8, 0x03, 0xFF,
  0x01, 0xFF, 0xFF, 0xE0, 0x01, 0xFF, 0x00, 0x7F, 0xFF, 0x80, 0x00, 0x7F,
  0x00, 0x0F, 0xFC, 0x00, 0x00, 0x1F, 0xFF, 0xBF, 0xEF, 0xFB, 0xFE, 0xFF,
  0xBF, 0xEF, 0xF3, 0xFC, 0xFF, 0x3F, 0xCF, 0xF3, 0xFC, 0xFF, 0x3F, 0x8F,
  0xE3, 0xF8, 0xFE, 0x3F, 0x8F, 0xE3, 0xF0, 0xFC, 0x3F, 0x0F, 0xC3, 0xF0,
  0x00, 0x00, 0x00, 0x00, 0xFC, 0x00, 0x7F, 0x80, 0x3F, 0xF0, 0x0F, 0xFE,
  0x03, 0xFF, 0xC0, 0x7F, 0xF8, 0x1F, 0xFF, 0x07, 0xFF, 0x00, 0xFF, 0xC0,
  0x3F, 0xF0, 0x07, 0xFC, 0x01, 0xFF, 0x80, 0x3F, 0xF0, 0x07, 0xFC, 0x01,
  0xFF, 0x80, 0x3F, 0xF0, 0x07, 0xFC, 0x00, 0xFF, 0x80, 0x3F, 0xF0, 0x07,
  0xFE, 0x00, 0xFF, 0xC0, 0x1F, 0xF8, 0x03, 0xFF, 0x00, 0x7F, 0xC0, 0x0F,
  0xF8, 0x03, 0xFF, 0x00, 0x7F, 0xE0, 0x0F, 0xFC, 0x01, 0xFF, 0x80, 0x3F,
  0xF0, 0x07, 0xFE, 0x00, 0xFF, 0xC0, 0x1F, 0xF8, 0x03, 0xFF, 0x00, 0x7F,
  0xE0, 0x0F, 0xFC, 0x01, 0xFF, 0x80, 0x3F, 0xF0, 0x07, 0xFE, 0x00, 0xFF,
  0xC0, 0x1F, 0xF8, 0x03, 0xFF, 0x00, 0x7F, 0xE0, 0x0F, 0xFC, 0x01, 0xFF,
  0x80, 0x3F, 0xF0, 0x07, 0xFE, 0x00, 0xFF, 0xC0, 0x1F, 0xF8, 0x03, 0xFF,
  0x00, 0x7F, 0xE0, 0x0F, 0xFC, 0x01, 0xFF, 0x80, 0x3F, 0xF0, 0x07, 0xFE,
  0x00, 0xFF, 0xC0, 0x1F, 0xF8, 0x03, 0xFF, 0x00, 0x7F, 0xE0, 0x0F, 0xFC,
  0x01, 0xFF, 0x80, 0x3F, 0xF0, 0x07, 0xFE, 0x00, 0xFF, 0xC0, 0x1F, 0xF8,
  0x03, 0xFF, 0x00, 0x7F, 0xE0, 0x0F, 0xFC, 0x01, 0xFF, 0x80, 0x3F, 0xF0,
  0x07, 0xFE, 0x00, 0xFF, 0xC0, 0x1F, 0xF8, 0x03, 0xFF, 0x00, 0x3F, 0xE0,
  0x07, 0xFC, 0x00, 0xFF, 0xC0, 0x1F, 0xF8, 0x03, 0xFF, 0x00, 0x7F, 0xE0,
  0x0F, 0xFC, 0x00, 0xFF, 0x80, 0x1F, 0xF8, 0x03, 0xFF, 0x00, 0x3F, 0xE0,
  0x07, 0xFC, 0x00, 0xFF, 0xC0, 0x0F, 0xF8, 0x01, 0xFF, 0x80, 0x3F, 0xF0,
  0x03, 0xFF, 0x00, 0x7F, 0xF8, 0x07, 0xFF, 0xC0, 0x7F, 0xF8, 0x07, 0xFF,
  0x00, 0x7F, 0xE0, 0x07, 0xFC, 0x00, 0x3F, 0x80, 0x01, 0xF0, 0x00, 0x00,
  0x1F, 0x80, 0x03, 0xFC, 0x00, 0x7F, 0xE0, 0x0F, 0xFE, 0x01, 0xFF, 0xE0,
  0x3F, 0xFC, 0x07, 0xFF, 0xC0, 0x1F, 0xFC, 0x01, 0xFF, 0x80, 0x1F, 0xF8,
  0x01, 0xFF, 0x00, 0x3F, 0xF0, 0x07, 0xFE, 0x00, 0x7F, 0xC0, 0x0F, 0xFC,
  0x01, 0xFF, 0x80, 0x1F, 0xF0, 0x03, 0xFE, 0x00, 0x7F, 0xE0, 0x0F, 0xFC,
  0x01, 0xFF, 0x80, 0x3F, 0xF0, 0x07, 0xFE, 0x00, 0x7F, 0xC0, 0x0F, 0xF8,
  0x01, 0xFF, 0x80, 0x3F, 0xF0, 0x07, 0xFE, 0x00, 0xFF, 0xC0, 0x1F, 0xF8,
  0x03, 0xFF, 0x00, 0x7F, 0xE0, 0x0F, 0xFC, 0x01, 0xFF, 0x80, 0x3F, 0xF0,
  0x07, 0xFE, 0x00, 0xFF, 0xC0, 0x1F, 0xF8, 0x03, 0xFF, 0x00, 0x7F, 0xE0,
  0x0F, 0xFC, 0x01, 0xFF, 0x80, 0x3F, 0xF0, 0x07, 0xFE, 0x00, 0xFF, 0xC0,
  0x1F, 0xF8, 0x03, 0xFF, 0x00, 0x7F, 0xE0, 0x0F, 0xFC, 0x01, 0xFF, 0x80,
  0x3F, 0xF0, 0x07, 0xFE, 0x00, 0xFF, 0xC0, 0x1F, 0xF8, 0x03, 0xFF, 0x00,
  0x7F, 0xE0, 0x0F, 0xFC, 0x01, 0xFF, 0x80, 0x3F, 0xF0, 0x07, 0xFE, 0x00,
  0xFF, 0xC0, 0x1F, 0xF8, 0x03, 0xFF, 0x00, 0x7F, 0xE0, 0x0F, 0xFC, 0x01,
  0xFF, 0x80, 0x3F, 0xF0, 0x07, 0xFE, 0x00, 0xFF, 0xC0, 0x1F, 0xF8, 0x03,
  0xFF, 0x00, 0x7F, 0xE0, 0x0F, 0xFC, 0x01, 0xFF, 0x00, 0x3F, 0xE0, 0x0F,
  0xFC, 0x01, 0xFF, 0x80, 0x3F, 0xF0, 0x07, 0xFE, 0x00, 0xFF, 0xC0, 0x1F,
  0xF0, 0x03, 0xFE, 0x00, 0xFF, 0xC0, 0x1F, 0xF8, 0x03, 0xFE, 0x00, 0x7F,
  0xC0, 0x1F, 0xF8, 0x03, 0xFE, 0x00, 0xFF, 0xC0, 0x1F, 0xF8, 0x07, 0xFE,
  0x03, 0xFF, 0x81, 0xFF, 0xF0, 0x3F, 0xFC, 0x07, 0xFF, 0x00, 0xFF, 0xC0,
  0x1F, 0xF0, 0x03, 0xF8, 0x00, 0x78, 0x00, 0x00, 0x00, 0x07, 0xF8, 0x00,
  0x00, 0x03, 0xFC, 0x00, 0x00, 0x01, 0xFE, 0x00, 0x00, 0x00, 0xFE, 0x00,
  0x00, 0x00, 0x7F, 0x00, 0x00, 0x00, 0x3F, 0x80, 0x00, 0x00, 0x1F, 0xC0,
  0x00, 0x00, 0x0F, 0xE0, 0x00, 0x10, 0x03, 0xF0, 0x06, 0x1E, 0x01, 0xF8,
  0x0F, 0x0F, 0xC0, 0xFC, 0x1F, 0xC7, 0xF8, 0x7E, 0x1F, 0xE7, 0xFF, 0x3F,
  0x3F, 0xF3, 0xFF, 0xFF, 0xFF, 0xFF, 0xFF, 0xFF, 0xFF, 0xFE, 0x3F, 0xFF,
  0xFF, 0xF8, 0x03, 0xFF, 0xFF, 0xF0, 0x00, 0x7F, 0xFF, 0xC0, 0x00, 0x07,
  0xFF, 0x80, 0x00, 0x01, 0xFF, 0x80, 0x00, 0x01, 0xFF, 0xE0, 0x00, 0x01,
  0xFF, 0xF0, 0x00, 0x01, 0xFD, 0xFC, 0x00, 0x00, 0xFE, 0x7F, 0x00, 0x00,
  0xFE, 0x3F, 0xC0, 0x00, 0xFF, 0x0F, 0xE0, 0x00, 0x7F, 0x07, 0xF8, 0x00,
  0x7F, 0x81, 0xFE, 0x00, 0x7F, 0x80, 0xFF, 0x00, 0x7F, 0xC0, 0x3F, 0xC0,
  0x1F, 0xC0, 0x1F, 0xC0, 0x03, 0xE0, 0x07, 0xC0, 0x00, 0xE0, 0x03, 0x80,
  0x00, 0x00, 0x00, 0x00, 0x00, 0x00, 0x03, 0xFC, 0x00, 0x00, 0x00, 0x3F,
  0xC0, 0x00, 0x00, 0x03, 0xFC, 0x00, 0x00, 0x00, 0x3F, 0xC0, 0x00, 0x00,
  0x03, 0xFC, 0x00, 0x00, 0x00, 0x3F, 0xC0, 0x00, 0x00, 0x03, 0xFC, 0x00,
  0x00, 0x00, 0x3F, 0xC0, 0x00, 0x00, 0x03, 0xFC, 0x00, 0x00, 0x00, 0x3F,
  0xC0, 0x00, 0x00, 0x03, 0xFC, 0x00, 0x00, 0x00, 0x3F, 0xC0, 0x00, 0x00,
  0x03, 0xFC, 0x00, 0x00, 0x00, 0x3F, 0xC0, 0x00, 0x00, 0x03, 0xFC, 0x00,
  0x00, 0x00, 0x3F, 0xC0, 0x00, 0xFF, 0xFF, 0xFF, 0xFF, 0xFF, 0xFF, 0xFF,
  0xFF, 0xFF, 0xFF, 0xFF, 0xFF, 0xFF, 0xFF, 0xFF, 0xFF, 0xFF, 0xFF, 0xFF,
  0xFF, 0xFF, 0xFF, 0xFF, 0xFF, 0xFF, 0xFF, 0xFF, 0xFF, 0xFF, 0xFF, 0xFF,
  0xFF, 0xFF, 0xFF, 0xFF, 0xFF, 0x00, 0x03, 0xFC, 0x00, 0x00, 0x00, 0x3F,
  0xC0, 0x00, 0x00, 0x03, 0xFC, 0x00, 0x00, 0x00, 0x3F, 0xC0, 0x00, 0x00,
  0x03, 0xFC, 0x00, 0x00, 0x00, 0x3F, 0xC0, 0x00, 0x00, 0x03, 0xFC, 0x00,
  0x00, 0x00, 0x3F, 0xC0, 0x00, 0x00, 0x03, 0xFC, 0x00, 0x00, 0x00, 0x3F,
  0xC0, 0x00, 0x00, 0x03, 0xFC, 0x00, 0x00, 0x00, 0x3F, 0xC0, 0x00, 0x00,
  0x03, 0xFC, 0x00, 0x00, 0x00, 0x3F, 0xC0, 0x00, 0x00, 0x03, 0xFC, 0x00,
  0x00, 0x00, 0x3F, 0xC0, 0x00, 0xFF, 0xFF, 0xFF, 0xFF, 0xFF, 0xFF, 0xFF,
  0xFF, 0xFF, 0xFF, 0xFF, 0xFF, 0xFF, 0xFF, 0xFF, 0x81, 0xF0, 0x3E, 0x0F,
  0xC1, 0xF8, 0x3E, 0x0F, 0xC3, 0xF8, 0xFE, 0x7F, 0xCF, 0xF0, 0xF8, 0x1E,
  0x03, 0x00, 0xFF, 0xFF, 0xFF, 0xFF, 0xFF, 0xFF, 0xFF, 0xFF, 0xFF, 0xFF,
  0xFF, 0xFF, 0xFF, 0xFF, 0xFF, 0xFF, 0xFF, 0xFF, 0xFF, 0xFF, 0xFF, 0xFF,
  0xFF, 0xFF, 0xFF, 0xFF, 0xFF, 0xFF, 0xFF, 0xFF, 0xFF, 0xFF, 0xFF, 0xFF,
  0xFF, 0xFF, 0xFF, 0x00, 0x00, 0x07, 0xFC, 0x00, 0x00, 0x1F, 0xF0, 0x00,
  0x00, 0x7F, 0xC0, 0x00, 0x03, 0xFE, 0x00, 0x00, 0x0F, 0xF8, 0x00, 0x00,
  0x3F, 0xE0, 0x00, 0x01, 0xFF, 0x80, 0x00, 0x07, 0xFC, 0x00, 0x00, 0x1F,
  0xF0, 0x00, 0x00, 0x7F, 0xC0, 0x00, 0x03, 0xFE, 0x00, 0x00, 0x0F, 0xF8,
  0x00, 0x00, 0x3F, 0xE0, 0x00, 0x00, 0xFF, 0x80, 0x00, 0x07, 0xFC, 0x00,
  0x00, 0x1F, 0xF0, 0x00, 0x00, 0x7F, 0xC0, 0x00, 0x01, 0xFF, 0x00, 0x00,
  0x0F, 0xF8, 0x00, 0x00, 0x3F, 0xE0, 0x00, 0x00, 0xFF, 0x80, 0x00, 0x07,
  0xFE, 0x00, 0x00, 0x1F, 0xF0, 0x00, 0x00, 0x7F, 0xC0, 0x00, 0x01, 0xFF,
  0x00, 0x00, 0x0F, 0xF8, 0x00, 0x00, 0x3F, 0xE0, 0x00, 0x00, 0xFF, 0x80,
  0x00, 0x03, 0xFE, 0x00, 0x00, 0x1F, 0xF0, 0x00, 0x00, 0x7F, 0xC0, 0x00,
  0x01, 0xFF, 0x00, 0x00, 0x07, 0xFC, 0x00, 0x00, 0x3F, 0xE0, 0x00, 0x00,
  0xFF, 0x80, 0x00, 0x03, 0xFE, 0x00, 0x00, 0x1F, 0xF8, 0x00, 0x00, 0x7F,
  0xC0, 0x00, 0x01, 0xFF, 0x00, 0x00, 0x07, 0xFC, 0x00, 0x00, 0x3F, 0xE0,
  0x00, 0x00, 0xFF, 0x80, 0x00, 0x03, 0xFE, 0x00, 0x00, 0x0F, 0xF8, 0x00,
  0x00, 0x7F, 0xC0, 0x00, 0x01, 0xFF, 0x00, 0x00, 0x07, 0xFC, 0x00, 0x00,
  0x3F, 0xF0, 0x00, 0x00, 0xFF, 0x80, 0x00, 0x03, 0xFE, 0x00, 0x00, 0x0F,
  0xF8, 0x00, 0x00, 0x7F, 0xE0, 0x00, 0x01, 0xFF, 0x00, 0x00, 0x07, 0xFC,
  0x00, 0x00, 0x1F, 0xF0, 0x00, 0x00, 0xFF, 0x80, 0x00, 0x03, 0xFE, 0x00,
  0x00, 0x0F, 0xF8, 0x00, 0x00, 0x3F, 0xE0, 0x00, 0x01, 0xFF, 0x00, 0x00,
  0x07, 0xFC, 0x00, 0x00, 0x1F, 0xF0, 0x00, 0x00, 0xFF, 0xC0, 0x00, 0x03,
  0xFE, 0x00, 0x00, 0x0F, 0xF8, 0x00, 0x00, 0x3F, 0xE0, 0x00, 0x01, 0xFF,
  0x00, 0x00, 0x07, 0xFC, 0x00, 0x00, 0x1F, 0xF0, 0x00, 0x00, 0x7F, 0xC0,
  0x00, 0x03, 0xFE, 0x00, 0x00, 0x0F, 0xF8, 0x00, 0x00, 0x3F, 0xE0, 0x00,
  0x00, 0xFF, 0x80, 0x00, 0x07, 0xFC, 0x00, 0x00, 0x1F, 0xF0, 0x00, 0x00,
  0x7F, 0xC0, 0x00, 0x03, 0xFF, 0x00, 0x00, 0x0F, 0xF8, 0x00, 0x00, 0x3F,
  0xE0, 0x00, 0x00, 0x00, 0x00, 0x10, 0x00, 0x00, 0x00, 0x1F, 0xFF, 0xC0,
  0x00, 0x00, 0xFF, 0xFF, 0xE0, 0x00, 0x07, 0xFF, 0xFF, 0xF0, 0x00, 0x1F,
  0xFF, 0xFF, 0xF0, 0x00, 0x7F, 0xFF, 0xFF, 0xF0, 0x01, 0xFF, 0xFF, 0xFF,
  0xF0, 0x07, 0xFF, 0xFF, 0xFF, 0xF0, 0x0F, 0xFF, 0xFF, 0xFF, 0xE0, 0x3F,
  0xFC, 0x01, 0xFF, 0xE0, 0xFF, 0xF0, 0x01, 0xFF, 0xE1, 0xFF, 0xC0, 0x01,
  0xFF, 0xC3, 0xFF, 0x00, 0x01, 0xFF, 0x8F, 0xFE, 0x00, 0x03, 0xFF, 0x9F,
  0xF8, 0x00, 0x03, 0xFF, 0x3F, 0xF0, 0x00, 0x07, 0xFE, 0x7F, 0xE0, 0x00,
  0x0F, 0xFD, 0xFF, 0x80, 0x00, 0x0F, 0xFF, 0xFF, 0x00, 0x00, 0x1F, 0xFF,
  0xFE, 0x00, 0x00, 0x3F, 0xFF, 0xFC, 0x00, 0x00, 0x7F, 0xFF, 0xF8, 0x00,
  0x00, 0xFF, 0xFF, 0xF0, 0x00, 0x01, 0xFF, 0xFF, 0xE0, 0x00, 0x03, 0xFF,
  0xFF, 0xC0, 0x00, 0x07, 0xFF, 0xFF, 0x80, 0x00, 0x0F, 0xFF, 0xFF, 0x00,
  0x00, 0x1F, 0xFF, 0xFE, 0x00, 0x00, 0x3F, 0xFF, 0xFC, 0x00, 0x00, 0x7F,
  0xFF, 0xF8, 0x00, 0x00, 0xFF, 0xFF, 0xF0, 0x00, 0x01, 0xFF, 0xFF, 0xE0,
  0x00, 0x03, 0xFF, 0xFF, 0xC0, 0x00, 0x07, 0xFF, 0xFF, 0x80, 0x00, 0x0F,
  0xFF, 0xFF, 0x00, 0x00, 0x1F, 0xFF, 0xFE, 0x00, 0x00, 0x3F, 0xFF, 0xFC,
  0x00, 0x00, 0x7F, 0xFF, 0xF8, 0x00, 0x00, 0xFF, 0xFF, 0xF0, 0x00, 0x01,
  0xFF, 0xFF, 0xE0, 0x00, 0x03, 0xFF, 0xFF, 0xC0, 0x00, 0x07, 0xFF, 0xFF,
  0x80, 0x00, 0x0F, 0xFF, 0xFF, 0x00, 0x00, 0x1F, 0xFF, 0xFE, 0x00, 0x00,
  0x3F, 0xFF, 0xFC, 0x00, 0x00, 0x7F, 0xFF, 0xF8, 0x00, 0x00, 0xFF, 0xFF,
  0xF0, 0x00, 0x01, 0xFF, 0xFF, 0xE0, 0x00, 0x03, 0xFF, 0xFF, 0xC0, 0x00,
  0x07, 0xFF, 0xFF, 0x80, 0x00, 0x0F, 0xFF, 0xFF, 0x00, 0x00, 0x1F, 0xFF,
  0xFE, 0x00, 0x00, 0x3F, 0xFF, 0xFC, 0x00, 0x00, 0x7F, 0xFF, 0xF8, 0x00,
  0x00, 0xFF, 0xFF, 0xF0, 0x00, 0x01, 0xFF, 0xFF, 0xE0, 0x00, 0x03, 0xFF,
  0xFF, 0xC0, 0x00, 0x07, 0xFF, 0xFF, 0x80, 0x00, 0x0F, 0xFF, 0xFF, 0x00,
  0x00, 0x1F, 0xFF, 0xFE, 0x00, 0x00, 0x3F, 0xFF, 0xFC, 0x00, 0x00, 0x7F,
  0xFF, 0xF8, 0x00, 0x00, 0xFF, 0xFF, 0xF0, 0x00, 0x01, 0xFF, 0xFF, 0xE0,
  0x00, 0x03, 0xFF, 0x7F, 0xE0, 0x00, 0x0F, 0xFC, 0xFF, 0xC0, 0x00, 0x1F,
  0xF9, 0xFF, 0x80, 0x00, 0x3F, 0xF3, 0xFF, 0x80, 0x00, 0xFF, 0xE3, 0xFF,
  0x00, 0x01, 0xFF, 0x87, 0xFF, 0x00, 0x07, 0xFF, 0x0F, 0xFE, 0x00, 0x0F,
  0xFE, 0x0F, 0xFE, 0x00, 0x3F, 0xF8, 0x1F, 0xFF, 0x01, 0xFF, 0xF0, 0x1F,
  0xFF, 0xFF, 0xFF, 0xC0, 0x1F, 0xFF, 0xFF, 0xFF, 0x00, 0x1F, 0xFF, 0xFF,
  0xFC, 0x00, 0x1F, 0xFF, 0xFF, 0xF0, 0x00, 0x1F, 0xFF, 0xFF, 0xC0, 0x00,
  0x1F, 0xFF, 0xFF, 0x00, 0x00, 0x0F, 0xFF, 0xF8, 0x00, 0x00, 0x03, 0xFF,
  0x80, 0x00, 0x00, 0x00, 0xFF, 0x00, 0x01, 0xFF, 0x00, 0x03, 0xFF, 0x00,
  0x07, 0xFF, 0x00, 0x1F, 0xFF, 0x00, 0x7F, 0xFF, 0x01, 0xFF, 0xFF, 0x0F,
  0xFF, 0xFF, 0x7F, 0xFF, 0xFF, 0xFF, 0xFF, 0xFF, 0xFF, 0xFF, 0xFF, 0xFF,
  0xFF, 0xFF, 0xFF, 0xFF, 0xFF, 0xFF, 0xFF, 0xFF, 0xFF, 0xF3, 0xFF, 0xFE,
  0x03, 0xFF, 0x80, 0x03, 0xFF, 0x00, 0x03, 0xFF, 0x00, 0x03, 0xFF, 0x00,
  0x03, 0xFF, 0x00, 0x03, 0xFF, 0x00, 0x03, 0xFF, 0x00, 0x03, 0xFF, 0x00,
  0x03, 0xFF, 0x00, 0x03, 0xFF, 0x00, 0x03, 0xFF, 0x00, 0x03, 0xFF, 0x00,
  0x03, 0xFF, 0x00, 0x03, 0xFF, 0x00, 0x03, 0xFF, 0x00, 0x03, 0xFF, 0x00,
  0x03, 0xFF, 0x00, 0x03, 0xFF, 0x00, 0x03, 0xFF, 0x00, 0x03, 0xFF, 0x00,
  0x03, 0xFF, 0x00, 0x03, 0xFF, 0x00, 0x03, 0xFF, 0x00, 0x03, 0xFF, 0x00,
  0x03, 0xFF, 0x00, 0x03, 0xFF, 0x00, 0x03, 0xFF, 0x00, 0x03, 0xFF, 0x00,
  0x03, 0xFF, 0x00, 0x03, 0xFF, 0x00, 0x03, 0xFF, 0x00, 0x03, 0xFF, 0x00,
  0x03, 0xFF, 0x00, 0x03, 0xFF, 0x00, 0x03, 0xFF, 0x00, 0x03, 0xFF, 0x00,
  0x03, 0xFF, 0x00, 0x03, 0xFF, 0x00, 0x03, 0xFF, 0x00, 0x03, 0xFF, 0x00,
  0x03, 0xFF, 0x00, 0x03, 0xFF, 0x00, 0x03, 0xFF, 0x00, 0x03, 0xFF, 0x00,
  0x03, 0xFF, 0x00, 0x03, 0xFF, 0x00, 0x03, 0xFF, 0x00, 0x03, 0xFF, 0x00,
  0x03, 0xFF, 0x00, 0x03, 0xFF, 0x00, 0x03, 0xFF, 0x00, 0x03, 0xFF, 0x00,
  0x03, 0xFF, 0x00, 0x03, 0xFF, 0x00, 0x03, 0xFF, 0x00, 0x03, 0xFF, 0x00,
  0x03, 0xFF, 0x00, 0x03, 0xFF, 0x00, 0x03, 0xFF, 0x00, 0x03, 0xFF, 0x00,
  0x03, 0xFF, 0x00, 0x03, 0xFF, 0x00, 0x03, 0xFF, 0x00, 0x03, 0xFF, 0x00,
  0x03, 0xFF, 0x00, 0x00, 0x00, 0x00, 0x00, 0x00, 0x0F, 0xFF, 0xC0, 0x00,
  0x00, 0xFF, 0xFF, 0xF0, 0x00, 0x03, 0xFF, 0xFF, 0xF8, 0x00, 0x1F, 0xFF,
  0xFF, 0xF8, 0x00, 0x7F, 0xFF, 0xFF, 0xF8, 0x01, 0xFF, 0xFF, 0xFF, 0xF8,
  0x03, 0xFF, 0xFF, 0xFF, 0xF8, 0x0F, 0xFF, 0xFF, 0xFF, 0xF0, 0x1F, 0xFE,
  0x00, 0xFF, 0xF0, 0x7F, 0xF8, 0x00, 0xFF, 0xE0, 0xFF, 0xE0, 0x00, 0xFF,
  0xE3, 0xFF, 0x80, 0x00, 0xFF, 0xC7, 0xFF, 0x00, 0x01, 0xFF, 0x8F, 0xFC,
  0x00, 0x03, 0xFF, 0x1F, 0xF8, 0x00, 0x03, 0xFF, 0x7F, 0xF0, 0x00, 0x07,
  0xFE, 0xFF, 0xC0, 0x00, 0x0F, 0xFD, 0xFF, 0x80, 0x00, 0x1F, 0xFB, 0xFF,
  0x00, 0x00, 0x3F, 0xF7, 0xFE, 0x00, 0x00, 0x7F, 0xEF, 0xFC, 0x00, 0x00,
  0xFF, 0xDF, 0xF8, 0x00, 0x01, 0xFF, 0xBF, 0xF0, 0x00, 0x03, 0xFF, 0x7F,
  0xE0, 0x00, 0x07, 0xFE, 0xFF, 0xC0, 0x00, 0x0F, 0xFC, 0x00, 0x00, 0x00,
  0x3F, 0xF8, 0x00, 0x00, 0x00, 0x7F, 0xE0, 0x00, 0x00, 0x00, 0xFF, 0xC0,
  0x00, 0x00, 0x03, 0xFF, 0x80, 0x00, 0x00, 0x07, 0xFF, 0x00, 0x00, 0x00,
  0x1F, 0xFC, 0x00, 0x00, 0x00, 0x3F, 0xF8, 0x00, 0x00, 0x00, 0xFF, 0xE0,
  0x00, 0x00, 0x01, 0xFF, 0xC0, 0x00, 0x00, 0x07, 0xFF, 0x80, 0x00, 0x00,
  0x0F, 0xFE, 0x00, 0x00, 0x00, 0x3F, 0xF8, 0x00, 0x00, 0x00, 0xFF, 0xF0,
  0x00, 0x00, 0x01, 0xFF, 0xC0, 0x00, 0x00, 0x07, 0xFF, 0x80, 0x00, 0x00,
  0x1F, 0xFE, 0x00, 0x00, 0x00, 0x3F, 0xF8, 0x00, 0x00, 0x00, 0xFF, 0xF0,
  0x00, 0x00, 0x03, 0xFF, 0xC0, 0x00, 0x00, 0x07, 0xFF, 0x00, 0x00, 0x00,
  0x1F, 0xFE, 0x00, 0x00, 0x00, 0x3F, 0xF8, 0x00, 0x00, 0x00, 0xFF, 0xE0,
  0x00, 0x00, 0x03, 0xFF, 0xC0, 0x00, 0x00, 0x07, 0xFF, 0x00, 0x00, 0x00,
  0x1F, 0xFC, 0x00, 0x00, 0x00, 0x7F, 0xF8, 0x00, 0x00, 0x00, 0xFF, 0xE0,
  0x00, 0x00, 0x03, 0xFF, 0x80, 0x00, 0x00, 0x0F, 0xFF, 0x00, 0x00, 0x00,
  0x1F, 0xFC, 0x00, 0x00, 0x00, 0x7F, 0xF8, 0x00, 0x00, 0x00, 0xFF, 0xE0,
  0x00, 0x00, 0x03, 0xFF, 0x80, 0x00, 0x00, 0x0F, 0xFF, 0x00, 0x00, 0x00,
  0x1F, 0xFC, 0x00, 0x00, 0x00, 0x7F, 0xF0, 0x00, 0x00, 0x01, 0xFF, 0xE0,
  0x00, 0x00, 0x03, 0xFF, 0x80, 0x00, 0x00, 0x0F, 0xFE, 0x00, 0x00, 0x00,
  0x3F, 0xFC, 0x00, 0x00, 0x00, 0x7F, 0xF0, 0x00, 0x00, 0x01, 0xFF, 0xC0,
  0x00, 0x00, 0x07, 0xFF, 0x80, 0x00, 0x00, 0x0F, 0xFE, 0x00, 0x00, 0x00,
  0x3F, 0xF8, 0x00, 0x00, 0x00, 0x7F, 0xFF, 0xFF, 0xFF, 0xF9, 0xFF, 0xFF,
  0xFF, 0xFF, 0xF3, 0xFF, 0xFF, 0xFF, 0xFF, 0xE7, 0xFF, 0xFF, 0xFF, 0xFF,
  0xCF, 0xFF, 0xFF, 0xFF, 0xFF, 0x9F, 0xFF, 0xFF, 0xFF, 0xFF, 0x3F, 0xFF,
  0xFF, 0xFF, 0xFE, 0x7F, 0xFF, 0xFF, 0xFF, 0xFC, 0xFF, 0xFF, 0xFF, 0xFF,
  0xF8, 0x00, 0x00, 0x10, 0x00, 0x00, 0x00, 0x1F, 0xFF, 0xC0, 0x00, 0x01,
  0xFF, 0xFF, 0xF0, 0x00, 0x07, 0xFF, 0xFF, 0xF0, 0x00, 0x3F, 0xFF, 0xFF,
  0xF8, 0x00, 0xFF, 0xFF, 0xFF, 0xF8, 0x03, 0xFF, 0xFF, 0xFF, 0xF8, 0x0F,
  0xFF, 0xFF, 0xFF, 0xF0, 0x1F, 0xFF, 0xFF, 0xFF, 0xF0, 0x7F, 0xFC, 0x01,
  0xFF, 0xF0, 0xFF, 0xE0, 0x00, 0xFF, 0xE3, 0xFF, 0x80, 0x00, 0xFF, 0xC7,
  0xFF, 0x00, 0x01, 0xFF, 0xCF, 0xFC, 0x00, 0x01, 0xFF, 0x9F, 0xF8, 0x00,
  0x03, 0xFF, 0x7F, 0xF0, 0x00, 0x07, 0xFF, 0xFF, 0xC0, 0x00, 0x07, 0xFF,
  0xFF, 0x80, 0x00, 0x0F, 0xFF, 0xFF, 0x00, 0x00, 0x1F, 0xFF, 0xFE, 0x00,
  0x00, 0x3F, 0xFF, 0xFC, 0x00, 0x00, 0x7F, 0xFF, 0xF8, 0x00, 0x00, 0xFF,
  0xFF, 0xF0, 0x00, 0x01, 0xFF, 0x80, 0x00, 0x00, 0x03, 0xFF, 0x00, 0x00,
  0x00, 0x07, 0xFE, 0x00, 0x00, 0x00, 0x0F, 0xFC, 0x00, 0x00, 0x00, 0x3F,
  0xF0, 0x00, 0x00, 0x00, 0x7F, 0xE0, 0x00, 0x00, 0x00, 0xFF, 0xC0, 0x00,
  0x00, 0x03, 0xFF, 0x80, 0x00, 0x00, 0x0F, 0xFE, 0x00, 0x00, 0x00, 0x3F,
  0xFC, 0x00, 0x00, 0x03, 0xFF, 0xF0, 0x00, 0x00, 0xFF, 0xFF, 0xC0, 0x00,
  0x01, 0xFF, 0xFF, 0x00, 0x00, 0x03, 0xFF, 0xFC, 0x00, 0x00, 0x07, 0xFF,
  0xF0, 0x00, 0x00, 0x0F, 0xFF, 0x80, 0x00, 0x00, 0x1F, 0xFC, 0x00, 0x00,
  0x00, 0x3F, 0xFF, 0x00, 0x00, 0x00, 0x7F, 0xFF, 0x00, 0x00, 0x00, 0xFF,
  0xFF, 0x00, 0x00, 0x01, 0xFF, 0xFF, 0x00, 0x00, 0x03, 0xFF, 0xFF, 0x00,
  0x00, 0x00, 0x3F, 0xFF, 0x00, 0x00, 0x00, 0x1F, 0xFE, 0x00, 0x00, 0x00,
  0x1F, 0xFE, 0x00, 0x00, 0x00, 0x1F, 0xFC, 0x00, 0x00, 0x00, 0x1F, 0xFC,
  0x00, 0x00, 0x00, 0x3F, 0xF8, 0x00, 0x00, 0x00, 0x3F, 0xF0, 0x00, 0x00,
  0x00, 0x7F, 0xE0, 0x00, 0x00, 0x00, 0xFF, 0xE0, 0x00, 0x00, 0x00, 0xFF,
  0xC0, 0x00, 0x00, 0x01, 0xFF, 0x80, 0x00, 0x00, 0x03, 0xFF, 0x00, 0x00,
  0x00, 0x07, 0xFE, 0x00, 0x00, 0x00, 0x0F, 0xFC, 0x00, 0x00, 0x00, 0x1F,
  0xFF, 0xFE, 0x00, 0x00, 0x3F, 0xFF, 0xFC, 0x00, 0x00, 0x7F, 0xFF, 0xF8,
  0x00, 0x00, 0xFF, 0xFF, 0xF0, 0x00, 0x01, 0xFF, 0xFF, 0xE0, 0x00, 0x03,
  0xFF, 0xFF, 0xC0, 0x00, 0x07, 0xFF, 0xFF, 0x80, 0x00, 0x1F, 0xFB, 0xFF,
  0x80, 0x00, 0x3F, 0xF3, 0xFF, 0x00, 0x00, 0x7F, 0xE7, 0xFE, 0x00, 0x01,
  0xFF, 0xCF, 0xFE, 0x00, 0x03, 0xFF, 0x1F, 0xFE, 0x00, 0x0F, 0xFE, 0x1F,
  0xFE, 0x00, 0x3F, 0xFC, 0x3F, 0xFF, 0x01, 0xFF, 0xF0, 0x3F, 0xFF, 0xFF,
  0xFF, 0xE0, 0x7F, 0xFF, 0xFF, 0xFF, 0x80, 0x7F, 0xFF, 0xFF, 0xFF, 0x00,
  0x7F, 0xFF, 0xFF, 0xFC, 0x00, 0x7F, 0xFF, 0xFF, 0xF0, 0x00, 0x7F, 0xFF,
  0xFF, 0xC0, 0x00, 0x3F, 0xFF, 0xFE, 0x00, 0x00, 0x1F, 0xFF, 0xF0, 0x00,
  0x00, 0x07, 0xFF, 0x00, 0x00, 0x00, 0x00, 0x0F, 0xFF, 0x80, 0x00, 0x00,
  0x03, 0xFF, 0xE0, 0x00, 0x00, 0x00, 0xFF, 0xF8, 0x00, 0x00, 0x00, 0x7F,
  0xFE, 0x00, 0x00, 0x00, 0x1F, 0xFF, 0x80, 0x00, 0x00, 0x0F, 0xFF, 0xE0,
  0x00, 0x00, 0x03, 0xFF, 0xF8, 0x00, 0x00, 0x01, 0xFF, 0xFE, 0x00, 0x00,
  0x00, 0x7F, 0xFF, 0x80, 0x00, 0x00, 0x3F, 0xFF, 0xE0, 0x00, 0x00, 0x0F,
  0xFF, 0xF8, 0x00, 0x00, 0x03, 0xFF, 0xFE, 0x00, 0x00, 0x01, 0xFF, 0xFF,
  0x80, 0x00, 0x00, 0x7F, 0xFF, 0xE0, 0x00, 0x00, 0x3F, 0xDF, 0xF8, 0x00,
  0x00, 0x0F, 0xF7, 0xFE, 0x00, 0x00, 0x07, 0xFD, 0xFF, 0x80, 0x00, 0x01,
  0xFE, 0x7F, 0xE0, 0x00, 0x00, 0x7F, 0x9F, 0xF8, 0x00, 0x00, 0x3F, 0xE7,
  0xFE, 0x00, 0x00, 0x0F, 0xF1, 0xFF, 0x80, 0x00, 0x07, 0xFC, 0x7F, 0xE0,
  0x00, 0x01, 0xFF, 0x1F, 0xF8, 0x00, 0x00, 0xFF, 0x87, 0xFE, 0x00, 0x00,
  0x3F, 0xE1, 0xFF, 0x80, 0x00, 0x0F, 0xF0, 0x7F, 0xE0, 0x00, 0x07, 0xFC,
  0x1F, 0xF8, 0x00, 0x01, 0xFF, 0x07, 0xFE, 0x00, 0x00, 0xFF, 0x81, 0xFF,
  0x80, 0x00, 0x3F, 0xE0, 0x7F, 0xE0, 0x00, 0x1F, 0xF8, 0x1F, 0xF8, 0x00,
  0x07, 0xFC, 0x07, 0xFE, 0x00, 0x03, 0xFF, 0x01, 0xFF, 0x80, 0x00, 0xFF,
  0xC0, 0x7F, 0xE0, 0x00, 0x3F, 0xE0, 0x1F, 0xF8, 0x00, 0x1F, 0xF8, 0x07,
  0xFE, 0x00, 0x07, 0xFE, 0x01, 0xFF, 0x80, 0x03, 0xFF, 0x00, 0x7F, 0xE0,
  0x00, 0xFF, 0xC0, 0x1F, 0xF8, 0x00, 0x7F, 0xE0, 0x07, 0xFE, 0x00, 0x1F,
  0xF8, 0x01, 0xFF, 0x80, 0x07, 0xFE, 0x00, 0x7F, 0xE0, 0x03, 0xFF, 0x00,
  0x1F, 0xF8, 0x00, 0xFF, 0xC0, 0x07, 0xFE, 0x00, 0x7F, 0xF0, 0x01, 0xFF,
  0x80, 0x1F, 0xF8, 0x00, 0x7F, 0xE0, 0x0F, 0xFE, 0x00, 0x1F, 0xF8, 0x03,
  0xFF, 0x80, 0x07, 0xFE, 0x00, 0xFF, 0xC0, 0x01, 0xFF, 0x80, 0x3F, 0xFF,
  0xFF, 0xFF, 0xFF, 0xFF, 0xFF, 0xFF, 0xFF, 0xFF, 0xFF, 0xFF, 0xFF, 0xFF,
  0xFF, 0xFF, 0xFF, 0xFF, 0xFF, 0xFF, 0xFF, 0xFF, 0xFF, 0xFF, 0xFF, 0xFF,
  0xFF, 0xFF, 0xFF, 0xFF, 0xFF, 0xFF, 0xFF, 0xFF, 0xFF, 0xFF, 0xFF, 0xFF,
  0xFF, 0xFF, 0xFF, 0xFF, 0xFF, 0xFF, 0xFF, 0xFF, 0xFF, 0xF0, 0x00, 0x00,
  0x1F, 0xF8, 0x00, 0x00, 0x00, 0x07, 0xFE, 0x00, 0x00, 0x00, 0x01, 0xFF,
  0x80, 0x00, 0x00, 0x00, 0x7F, 0xE0, 0x00, 0x00, 0x00, 0x1F, 0xF8, 0x00,
  0x00, 0x00, 0x07, 0xFE, 0x00, 0x00, 0x00, 0x01, 0xFF, 0x80, 0x00, 0x00,
  0x00, 0x7F, 0xE0, 0x00, 0x00, 0x00, 0x1F, 0xF8, 0x00, 0x00, 0x00, 0x07,
  0xFE, 0x00, 0x00, 0x00, 0x01, 0xFF, 0x80, 0x00, 0x00, 0x00, 0x7F, 0xE0,
  0x00, 0x00, 0x00, 0x1F, 0xF8, 0x00, 0x00, 0x00, 0x07, 0xFE, 0x00, 0x00,
  0x00, 0x01, 0xFF, 0x80, 0x00, 0x00, 0x00, 0x7F, 0xE0, 0x00, 0x00, 0x00,
  0x1F, 0xF8, 0x00, 0x00, 0x00, 0x07, 0xFE, 0x00, 0x00, 0x00, 0x01, 0xFF,
  0x80, 0x00, 0x00, 0x00, 0x7F, 0xE0, 0x00, 0x00, 0x00, 0x1F, 0xF8, 0x00,
  0x00, 0x00, 0x07, 0xFE, 0x00, 0x3F, 0xFF, 0xFF, 0xFF, 0xF0, 0x7F, 0xFF,
  0xFF, 0xFF, 0xE0, 0xFF, 0xFF, 0xFF, 0xFF, 0xC1, 0xFF, 0xFF, 0xFF, 0xFF,
  0x83, 0xFF, 0xFF, 0xFF, 0xFF, 0x07, 0xFF, 0xFF, 0xFF, 0xFE, 0x0F, 0xFF,
  0xFF, 0xFF, 0xFC, 0x1F, 0xFF, 0xFF, 0xFF, 0xF8, 0x3F, 0xFF, 0xFF, 0xFF,
  0xF0, 0x7F, 0xFF, 0xFF, 0xFF, 0xE0, 0xFF, 0x80, 0x00, 0x00, 0x01, 0xFF,
  0x00, 0x00, 0x00, 0x03, 0xFE, 0x00, 0x00, 0x00, 0x07, 0xFC, 0x00, 0x00,
  0x00, 0x0F, 0xF8, 0x00, 0x00, 0x00, 0x1F, 0xF0, 0x00, 0x00, 0x00, 0x3F,
  0xE0, 0x00, 0x00, 0x00, 0x7F, 0xC0, 0x00, 0x00, 0x00, 0xFF, 0x80, 0x00,
  0x00, 0x01, 0xFF, 0x00, 0x00, 0x00, 0x03, 0xFE, 0x00, 0x00, 0x00, 0x07,
  0xFC, 0x00, 0x00, 0x00, 0x0F, 0xF8, 0x00, 0x00, 0x00, 0x1F, 0xF0, 0x00,
  0x00, 0x00, 0x3F, 0xE0, 0x00, 0x00, 0x00, 0x7F, 0xC0, 0x00, 0x00, 0x00,
  0xFF, 0x80, 0x00, 0x00, 0x01, 0xFF, 0x00, 0x00, 0x00, 0x03, 0xFE, 0x03,
  0xFE, 0x00, 0x07, 0xFC, 0x3F, 0xFF, 0x80, 0x0F, 0xF9, 0xFF, 0xFF, 0xC0,
  0x1F, 0xF7, 0xFF, 0xFF, 0xC0, 0x3F, 0xFF, 0xFF, 0xFF, 0xC0, 0x7F, 0xFF,
  0xFF, 0xFF, 0xC0, 0xFF, 0xFF, 0xFF, 0xFF, 0x81, 0xFF, 0xFF, 0xFF, 0xFF,
  0x83, 0xFF, 0xF8, 0x1F, 0xFF, 0x07, 0xFF, 0xC0, 0x0F, 0xFF, 0x0F, 0xFE,
  0x00, 0x0F, 0xFE, 0x1F, 0xF8, 0x00, 0x0F, 0xFE, 0x3F, 0xF0, 0x00, 0x1F,
  0xFC, 0x7F, 0xC0, 0x00, 0x1F, 0xF8, 0xFF, 0x80, 0x00, 0x3F, 0xF0, 0x00,
  0x00, 0x00, 0x7F, 0xE0, 0x00, 0x00, 0x00, 0xFF, 0xE0, 0x00, 0x00, 0x00,
  0xFF, 0xC0, 0x00, 0x00, 0x01, 0xFF, 0x80, 0x00, 0x00, 0x03, 0xFF, 0x00,
  0x00, 0x00, 0x07, 0xFE, 0x00, 0x00, 0x00, 0x0F, 0xFC, 0x00, 0x00, 0x00,
  0x1F, 0xF8, 0x00, 0x00, 0x00, 0x3F, 0xF0, 0x00, 0x00, 0x00, 0x7F, 0xE0,
  0x00, 0x00, 0x00, 0xFF, 0xC0, 0x00, 0x00, 0x01, 0xFF, 0x80, 0x00, 0x00,
  0x03, 0xFF, 0x00, 0x00, 0x00, 0x07, 0xFF, 0xFF, 0x80, 0x00, 0x0F, 0xFF,
  0xFF, 0x00, 0x00, 0x1F, 0xFF, 0xFE, 0x00, 0x00, 0x3F, 0xFF, 0xFC, 0x00,
  0x00, 0x7F, 0xDF, 0xF8, 0x00, 0x00, 0xFF, 0xBF, 0xF0, 0x00, 0x03, 0xFF,
  0x7F, 0xF0, 0x00, 0x07, 0xFE, 0x7F, 0xE0, 0x00, 0x0F, 0xFC, 0xFF, 0xC0,
  0x00, 0x1F, 0xF9, 0xFF, 0x80, 0x00, 0x3F, 0xE3, 0xFF, 0x80, 0x00, 0xFF,
  0xC7, 0xFF, 0x00, 0x01, 0xFF, 0x87, 0xFF, 0x00, 0x07, 0xFE, 0x0F, 0xFF,
  0x00, 0x1F, 0xFC, 0x0F, 0xFF, 0x80, 0xFF, 0xF0, 0x1F, 0xFF, 0xFF, 0xFF,
  0xE0, 0x1F, 0xFF, 0xFF, 0xFF, 0x80, 0x1F, 0xFF, 0xFF, 0xFE, 0x00, 0x1F,
  0xFF, 0xFF, 0xF8, 0x00, 0x1F, 0xFF, 0xFF, 0xE0, 0x00, 0x1F, 0xFF, 0xFF,
  0x80, 0x00, 0x0F, 0xFF, 0xFC, 0x00, 0x00, 0x01, 0xFF, 0x80, 0x00, 0x00,
  0x00, 0x10, 0x00, 0x00, 0x00, 0x07, 0xFF, 0xE0, 0x00, 0x00, 0x3F, 0xFF,
  0xFC, 0x00, 0x00, 0x7F, 0xFF, 0xFF, 0x00, 0x00, 0xFF, 0xFF, 0xFF, 0x80,
  0x01, 0xFF, 0xFF, 0xFF, 0xC0, 0x03, 0xFF, 0xFF, 0xFF, 0xE0, 0x07, 0xFF,
  0xFF, 0xFF, 0xF0, 0x0F, 0xFF, 0xFF, 0xFF, 0xF0, 0x0F, 0xFF, 0x00, 0x7F,
  0xF8, 0x1F, 0xFC, 0x00, 0x3F, 0xF8, 0x1F, 0xF8, 0x00, 0x1F, 0xFC, 0x3F,
  0xF8, 0x00, 0x0F, 0xFC, 0x3F, 0xF0, 0x00, 0x0F, 0xFC, 0x3F, 0xF0, 0x00,
  0x0F, 0xFE, 0x3F, 0xE0, 0x00, 0x07, 0xFE, 0x7F, 0xE0, 0x00, 0x07, 0xFE,
  0x7F, 0xE0, 0x00, 0x07, 0xFE, 0x7F, 0xC0, 0x00, 0x07, 0xFE, 0x7F, 0xC0,
  0x00, 0x07, 0xFE, 0x7F, 0xC0, 0x00, 0x00, 0x00, 0xFF, 0xC0, 0x00, 0x00,
  0x00, 0xFF, 0xC0, 0x00, 0x00, 0x00, 0xFF, 0xC0, 0x00, 0x00, 0x00, 0xFF,
  0xC0, 0x00, 0x00, 0x00, 0xFF, 0xC0, 0x00, 0x00, 0x00, 0xFF, 0xC0, 0x00,
  0x00, 0x00, 0xFF, 0xC0, 0x00, 0x00, 0x00, 0xFF, 0xC0, 0x00, 0x00, 0x00,
  0xFF, 0xC0, 0x00, 0x00, 0x00, 0xFF, 0xC0, 0x00, 0x00, 0x00, 0xFF, 0xC0,
  0x00, 0x00, 0x00, 0xFF, 0xC0, 0x7F, 0xE0, 0x00, 0xFF, 0xC1, 0xFF, 0xFC,
  0x00, 0xFF, 0xC7, 0xFF, 0xFF, 0x00, 0xFF, 0xCF, 0xFF, 0xFF, 0xC0, 0xFF,
  0xDF, 0xFF, 0xFF, 0xE0, 0xFF, 0xFF, 0xFF, 0xFF, 0xE0, 0xFF, 0xFF, 0xFF,
  0xFF, 0xF0, 0xFF, 0xFF, 0xFF, 0xFF, 0xF8, 0xFF, 0xFF, 0x01, 0xFF, 0xF8,
  0xFF, 0xFC, 0x00, 0x7F, 0xFC, 0xFF, 0xF8, 0x00, 0x3F, 0xFC, 0xFF, 0xF0,
  0x00, 0x1F, 0xFC, 0xFF, 0xE0, 0x00, 0x1F, 0xFE, 0xFF, 0xC0, 0x00, 0x0F,
  0xFE, 0xFF, 0xC0, 0x00, 0x0F, 0xFE, 0xFF, 0xC0, 0x00, 0x0F, 0xFE, 0xFF,
  0xC0, 0x00, 0x0F, 0xFF, 0xFF, 0xC0, 0x00, 0x07, 0xFF, 0xFF, 0xC0, 0x00,
  0x07, 0xFF, 0xFF, 0xC0, 0x00, 0x07, 0xFF, 0xFF, 0xC0, 0x00, 0x07, 0xFF,
  0xFF, 0xC0, 0x00, 0x07, 0xFF, 0xFF, 0xC0, 0x00, 0x07, 0xFF, 0xFF, 0xC0,
  0x00, 0x07, 0xFF, 0xFF, 0xC0, 0x00, 0x07, 0xFF, 0xFF, 0xC0, 0x00, 0x07,
  0xFF, 0xFF, 0xC0, 0x00, 0x07, 0xFF, 0xFF, 0xC0, 0x00, 0x07, 0xFF, 0xFF,
  0xC0, 0x00, 0x07, 0xFF, 0xFF, 0xC0, 0x00, 0x07, 0xFF, 0xFF, 0xC0, 0x00,
  0x07, 0xFF, 0x7F, 0xC0, 0x00, 0x07, 0xFE, 0x7F, 0xE0, 0x00, 0x0F, 0xFE,
  0x7F, 0xE0, 0x00, 0x0F, 0xFE, 0x7F, 0xE0, 0x00, 0x0F, 0xFE, 0x3F, 0xF0,
  0x00, 0x1F, 0xFC, 0x3F, 0xF0, 0x00, 0x1F, 0xFC, 0x3F, 0xF8, 0x00, 0x3F,
  0xFC, 0x1F, 0xF8, 0x00, 0x3F, 0xF8, 0x1F, 0xFC, 0x00, 0x7F, 0xF8, 0x1F,
  0xFF, 0x01, 0xFF, 0xF8, 0x0F, 0xFF, 0xFF, 0xFF, 0xF0, 0x07, 0xFF, 0xFF,
  0xFF, 0xE0, 0x07, 0xFF, 0xFF, 0xFF, 0xC0, 0x03, 0xFF, 0xFF, 0xFF, 0xC0,
  0x01, 0xFF, 0xFF, 0xFF, 0x80, 0x00, 0xFF, 0xFF, 0xFF, 0x00, 0x00, 0x3F,
  0xFF, 0xFC, 0x00, 0x00, 0x0F, 0xFF, 0xF0, 0x00, 0x00, 0x01, 0xFF, 0x80,
  0x00, 0xFF, 0xFF, 0xFF, 0xFF, 0xFF, 0xFF, 0xFF, 0xFF, 0xFF, 0xFF, 0xFF,
  0xFF, 0xFF, 0xFF, 0xFF, 0xFF, 0xFF, 0xFF, 0xFF, 0xFF, 0xFF, 0xFF, 0xFF,
  0xFF, 0xFF, 0xFF, 0xFF, 0xFF, 0xFF, 0xFF, 0xFF, 0xFF, 0x00, 0x00, 0x07,
  0xFE, 0x00, 0x00, 0x07, 0xFE, 0x00, 0x00, 0x07, 0xFE, 0x00, 0x00, 0x07,
  0xFE, 0x00, 0x00, 0x07, 0xFE, 0x00, 0x00, 0x0F, 0xFC, 0x00, 0x00, 0x0F,
  0xFC, 0x00, 0x00, 0x0F, 0xFC, 0x00, 0x00, 0x0F, 0xFC, 0x00, 0x00, 0x0F,
  0xFC, 0x00, 0x00, 0x1F, 0xF8, 0x00, 0x00, 0x1F, 0xF8, 0x00, 0x00, 0x1F,
  0xF8, 0x00, 0x00, 0x1F, 0xF8, 0x00, 0x00, 0x1F, 0xF8, 0x00, 0x00, 0x3F,
  0xF0, 0x00, 0x00, 0x3F, 0xF0, 0x00, 0x00, 0x3F, 0xF0, 0x00, 0x00, 0x3F,
  0xF0, 0x00, 0x00, 0x3F, 0xF0, 0x00, 0x00, 0x7F, 0xE0, 0x00, 0x00, 0x7F,
  0xE0, 0x00, 0x00, 0x7F, 0xE0, 0x00, 0x00, 0x7F, 0xE0, 0x00, 0x00, 0x7F,
  0xE0, 0x00, 0x00, 0xFF, 0xC0, 0x00, 0x00, 0xFF, 0xC0, 0x00, 0x00, 0xFF,
  0xC0, 0x00, 0x00, 0xFF, 0xC0, 0x00, 0x00, 0xFF, 0xC0, 0x00, 0x01, 0xFF,
  0x80, 0x00, 0x01, 0xFF, 0x80, 0x00, 0x01, 0xFF, 0x80, 0x00, 0x01, 0xFF,
  0x80, 0x00, 0x01, 0xFF, 0x80, 0x00, 0x03, 0xFF, 0x00, 0x00, 0x03, 0xFF,
  0x00, 0x00, 0x03, 0xFF, 0x00, 0x00, 0x03, 0xFF, 0x00, 0x00, 0x03, 0xFF,
  0x00, 0x00, 0x07, 0xFE, 0x00, 0x00, 0x07, 0xFE, 0x00, 0x00, 0x07, 0xFE,
  0x00, 0x00, 0x07, 0xFE, 0x00, 0x00, 0x07, 0xFE, 0x00, 0x00, 0x0F, 0xFC,
  0x00, 0x00, 0x0F, 0xFC, 0x00, 0x00, 0x0F, 0xFC, 0x00, 0x00, 0x0F, 0xFC,
  0x00, 0x00, 0x0F, 0xFC, 0x00, 0x00, 0x1F, 0xF8, 0x00, 0x00, 0x1F, 0xF8,
  0x00, 0x00, 0x1F, 0xF8, 0x00, 0x00, 0x1F, 0xF8, 0x00, 0x00, 0x1F, 0xF8,
  0x00, 0x00, 0x3F, 0xF0, 0x00, 0x00, 0x3F, 0xF0, 0x00, 0x00, 0x3F, 0xF0,
  0x00, 0x00, 0x3F, 0xF0, 0x00, 0x00, 0x3F, 0xF0, 0x00, 0x00, 0x7F, 0xE0,
  0x00, 0x00, 0x7F, 0xE0, 0x00, 0x00, 0x7F, 0xE0, 0x00, 0x00, 0x7F, 0xE0,
  0x00, 0x00, 0x7F, 0xE0, 0x00, 0x00, 0xFF, 0xC0, 0x00, 0x00, 0xFF, 0xC0,
  0x00, 0x00, 0xFF, 0xC0, 0x00, 0x00, 0xFF, 0xC0, 0x00, 0x00, 0xFF, 0xC0,
  0x00, 0x01, 0xFF, 0x80, 0x00, 0x01, 0xFF, 0x80, 0x00, 0x00, 0x00, 0x10,
  0x00, 0x00, 0x00, 0x1F, 0xFF, 0xC0, 0x00, 0x00, 0xFF, 0xFF, 0xE0, 0x00,
  0x07, 0xFF, 0xFF, 0xF0, 0x00, 0x1F, 0xFF, 0xFF, 0xF0, 0x00, 0x7F, 0xFF,
  0xFF, 0xF0, 0x01, 0xFF, 0xFF, 0xFF, 0xF0, 0x07, 0xFF, 0xFF, 0xFF, 0xF0,
  0x0F, 0xFF, 0xFF, 0xFF, 0xE0, 0x3F, 0xFC, 0x01, 0xFF, 0xE0, 0x7F, 0xF0,
  0x01, 0xFF, 0xC1, 0xFF, 0xC0, 0x01, 0xFF, 0xC3, 0xFF, 0x80, 0x03, 0xFF,
  0x87, 0xFE, 0x00, 0x03, 0xFF, 0x0F, 0xFC, 0x00, 0x07, 0xFE, 0x3F, 0xF8,
  0x00, 0x0F, 0xFE, 0x7F, 0xE0, 0x00, 0x0F, 0xFC, 0xFF, 0xC0, 0x00, 0x1F,
  0xF9, 0xFF, 0x80, 0x00, 0x3F, 0xF3, 0xFF, 0x00, 0x00, 0x7F, 0xE7, 0xFE,
  0x00, 0x00, 0xFF, 0xCF, 0xFC, 0x00, 0x01, 0xFF, 0x9F, 0xF8, 0x00, 0x03,
  0xFF, 0x3F, 0xF0, 0x00, 0x07, 0xFE, 0x7F, 0xE0, 0x00, 0x0F, 0xFC, 0xFF,
  0xC0, 0x00, 0x1F, 0xF9, 0xFF, 0xC0, 0x00, 0x7F, 0xE1, 0xFF, 0x80, 0x00,
  0xFF, 0xC3, 0xFF, 0x00, 0x01, 0xFF, 0x87, 0xFF, 0x00, 0x07, 0xFF, 0x07,
  0xFE, 0x00, 0x0F, 0xFC, 0x0F, 0xFE, 0x00, 0x3F, 0xF8, 0x0F, 0xFE, 0x00,
  0xFF, 0xE0, 0x1F, 0xFF, 0x03, 0xFF, 0xC0, 0x1F, 0xFF, 0xFF, 0xFF, 0x00,
  0x1F, 0xFF, 0xFF, 0xFC, 0x00, 0x1F, 0xFF, 0xFF, 0xF0, 0x00, 0x1F, 0xFF,
  0xFF, 0xC0, 0x00, 0x1F, 0xFF, 0xFF, 0x00, 0x00, 0x3F, 0xFF, 0xFE, 0x00,
  0x01, 0xFF, 0xFF, 0xFF, 0x00, 0x07, 0xFF, 0xFF, 0xFF, 0x00, 0x1F, 0xFF,
  0xFF, 0xFF, 0x00, 0x7F, 0xFF, 0xFF, 0xFF, 0x00, 0xFF, 0xF8, 0x1F, 0xFE,
  0x03, 0xFF, 0xC0, 0x1F, 0xFE, 0x0F, 0xFE, 0x00, 0x0F, 0xFE, 0x1F, 0xFC,
  0x00, 0x1F, 0xFC, 0x3F, 0xF0, 0x00, 0x1F, 0xF8, 0xFF, 0xE0, 0x00, 0x3F,
  0xF9, 0xFF, 0x80, 0x00, 0x3F, 0xF3, 0xFF, 0x00, 0x00, 0x7F, 0xEF, 0xFE,
  0x00, 0x00, 0xFF, 0xFF, 0xF8, 0x00, 0x00, 0xFF, 0xFF, 0xF0, 0x00, 0x01,
  0xFF, 0xFF, 0xE0, 0x00, 0x03, 0xFF, 0xFF, 0xC0, 0x00, 0x07, 0xFF, 0xFF,
  0x80, 0x00, 0x0F, 0xFF, 0xFF, 0x00, 0x00, 0x1F, 0xFF, 0xFE, 0x00, 0x00,
  0x3F, 0xFF, 0xFC, 0x00, 0x00, 0x7F, 0xFF, 0xF8, 0x00, 0x00, 0xFF, 0xFF,
  0xF0, 0x00, 0x01, 0xFF, 0xFF, 0xE0, 0x00, 0x03, 0xFF, 0xFF, 0xC0, 0x00,
  0x07, 0xFF, 0xFF, 0xC0, 0x00, 0x1F, 0xF9, 0xFF, 0x80, 0x00, 0x3F, 0xF3,
  0xFF, 0x00, 0x00, 0x7F, 0xE7, 0xFE, 0x00, 0x00, 0xFF, 0xCF, 0xFE, 0x00,
  0x03, 0xFF, 0x8F, 0xFC, 0x00, 0x07, 0xFE, 0x1F, 0xFC, 0x00, 0x1F, 0xFC,
  0x3F, 0xFC, 0x00, 0x7F, 0xF0, 0x3F, 0xFE, 0x03, 0xFF, 0xE0, 0x3F, 0xFF,
  0xFF, 0xFF, 0x80, 0x7F, 0xFF, 0xFF, 0xFF, 0x00, 0x7F, 0xFF, 0xFF, 0xFC,
  0x00, 0x7F, 0xFF, 0xFF, 0xF0, 0x00, 0x7F, 0xFF, 0xFF, 0xC0, 0x00, 0x3F,
  0xFF, 0xFE, 0x00, 0x00, 0x1F, 0xFF, 0xF0, 0x00, 0x00, 0x07, 0xFF, 0x00,
  0x00, 0x00, 0x00, 0x10, 0x00, 0x00, 0x00, 0x0F, 0xFF, 0x80, 0x00, 0x00,
  0xFF, 0xFF, 0xC0, 0x00, 0x03, 0xFF, 0xFF, 0xE0, 0x00, 0x0F, 0xFF, 0xFF,
  0xE0, 0x00, 0x7F, 0xFF, 0xFF, 0xE0, 0x00, 0xFF, 0xFF, 0xFF, 0xE0, 0x03,
  0xFF, 0xFF, 0xFF, 0xE0, 0x0F, 0xFF, 0xFF, 0xFF, 0xE0, 0x3F, 0xFC, 0x01,
  0xFF, 0xC0, 0x7F, 0xF0, 0x01, 0xFF, 0xC0, 0xFF, 0xC0, 0x01, 0xFF, 0x83,
  0xFF, 0x00, 0x01, 0xFF, 0x87, 0xFE, 0x00, 0x03, 0xFF, 0x0F, 0xF8, 0x00,
  0x03, 0xFE, 0x3F, 0xF0, 0x00, 0x07, 0xFE, 0x7F, 0xE0, 0x00, 0x0F, 0xFC,
  0xFF, 0xC0, 0x00, 0x1F, 0xF9, 0xFF, 0x00, 0x00, 0x1F, 0xF7, 0xFE, 0x00,
  0x00, 0x3F, 0xEF, 0xFC, 0x00, 0x00, 0x7F, 0xFF, 0xF8, 0x00, 0x00, 0xFF,
  0xFF, 0xF0, 0x00, 0x01, 0xFF, 0xFF, 0xE0, 0x00, 0x03, 0xFF, 0xFF, 0xC0,
  0x00, 0x07, 0xFF, 0xFF, 0x80, 0x00, 0x0F, 0xFF, 0xFF, 0x00, 0x00, 0x1F,
  0xFF, 0xFE, 0x00, 0x00, 0x3F, 0xFF, 0xFC, 0x00, 0x00, 0x7F, 0xFF, 0xF8,
  0x00, 0x00, 0xFF, 0xFF, 0xF0, 0x00, 0x01, 0xFF, 0xFF, 0xE0, 0x00, 0x03,
  0xFF, 0xFF, 0xE0, 0x00, 0x07, 0xFF, 0xFF, 0xC0, 0x00, 0x0F, 0xFD, 0xFF,
  0x80, 0x00, 0x1F, 0xFB, 0xFF, 0x00, 0x00, 0x3F, 0xF7, 0xFF, 0x00, 0x00,
  0xFF, 0xEF, 0xFE, 0x00, 0x03, 0xFF, 0xCF, 0xFE, 0x00, 0x0F, 0xFF, 0x9F,
  0xFE, 0x00, 0x3F, 0xFF, 0x3F, 0xFF, 0x01, 0xFF, 0xFE, 0x3F, 0xFF, 0xFF,
  0xFF, 0xFC, 0x7F, 0xFF, 0xFF, 0xFF, 0xF8, 0x7F, 0xFF, 0xFF, 0xFF, 0xF0,
  0x7F, 0xFF, 0xFF, 0x7F, 0xE0, 0x7F, 0xFF, 0xFC, 0xFF, 0xC0, 0x7F, 0xFF,
  0xF1, 0xFF, 0x80, 0x3F, 0xFF, 0xC3, 0xFF, 0x00, 0x0F, 0xFC, 0x07, 0xFE,
  0x00, 0x00, 0x00, 0x0F, 0xFC, 0x00, 0x00, 0x00, 0x1F, 0xF8, 0x00, 0x00,
  0x00, 0x3F, 0xF0, 0x00, 0x00, 0x00, 0x7F, 0xE0, 0x00, 0x00, 0x00, 0xFF,
  0xC0, 0x00, 0x00, 0x01, 0xFF, 0x80, 0x00, 0x00, 0x03, 0xFF, 0x00, 0x00,
  0x00, 0x07, 0xFE, 0x00, 0x00, 0x00, 0x0F, 0xFC, 0x00, 0x00, 0x00, 0x1F,
  0xF8, 0x00, 0x00, 0x00, 0x3F, 0xF0, 0x00, 0x00, 0x00, 0x7F, 0xFF, 0xF8,
  0x00, 0x00, 0xFF, 0xBF, 0xF0, 0x00, 0x01, 0xFF, 0x7F, 0xE0, 0x00, 0x07,
  0xFE, 0xFF, 0xC0, 0x00, 0x0F, 0xFD, 0xFF, 0x80, 0x00, 0x1F, 0xFB, 0xFF,
  0x80, 0x00, 0x3F, 0xF7, 0xFF, 0x00, 0x00, 0xFF, 0xC7, 0xFE, 0x00, 0x01,
  0xFF, 0x8F, 0xFE, 0x00, 0x07, 0xFF, 0x1F, 0xFC, 0x00, 0x1F, 0xFC, 0x1F,
  0xFE, 0x00, 0x7F, 0xF8, 0x3F, 0xFF, 0x01, 0xFF, 0xE0, 0x3F, 0xFF, 0xFF,
  0xFF, 0xC0, 0x7F, 0xFF, 0xFF, 0xFF, 0x00, 0x7F, 0xFF, 0xFF, 0xFE, 0x00,
  0x7F, 0xFF, 0xFF, 0xF8, 0x00, 0x7F, 0xFF, 0xFF, 0xE0, 0x00, 0x7F, 0xFF,
  0xFF, 0x80, 0x00, 0x3F, 0xFF, 0xFE, 0x00, 0x00, 0x1F, 0xFF, 0xF0, 0x00,
  0x00, 0x07, 0xFE, 0x00, 0x00, 0xFF, 0xFF, 0xFF, 0xFF, 0xFF, 0xFF, 0xFF,
  0xFF, 0xFF, 0xFF, 0xFF, 0xFF, 0xFF, 0xFC, 0x00, 0x00, 0x00, 0x00, 0x00,
  0x00, 0x00, 0x00, 0x00, 0x00, 0x00, 0x00, 0x00, 0x00, 0x00, 0x00, 0x00,
  0x00, 0x00, 0x00, 0x00, 0x00, 0x00, 0x00, 0x00, 0x00, 0xFF, 0xFF, 0xFF,
  0xFF, 0xFF, 0xFF, 0xFF, 0xFF, 0xFF, 0xFF, 0xFF, 0xFF, 0xFF, 0xFC, 0xFF,
  0xDF, 0xFB, 0xFF, 0x7F, 0xEF, 0xFD, 0xFF, 0xBF, 0xF7, 0xFE, 0xFF, 0xDF,
  0xFB, 0xFF, 0x7F, 0xE0, 0x00, 0x00, 0x00, 0x00, 0x00, 0x00, 0x00, 0x00,
  0x00, 0x00, 0x00, 0x00, 0x00, 0x00, 0x00, 0x00, 0x00, 0x00, 0x00, 0x00,
  0x00, 0x00, 0x00, 0x00, 0x00, 0x00, 0x00, 0x00, 0x00, 0x00, 0x00, 0x00,
  0x00, 0x00, 0x00, 0x3F, 0xFF, 0xFF, 0xFF, 0xFF, 0xFF, 0xFF, 0xFF, 0xFF,
  0xFF, 0xFF, 0xFF, 0xFF, 0xFF, 0xFF, 0xE0, 0xFC, 0x1F, 0x83, 0xF0, 0x7E,
  0x1F, 0x83, 0xF1, 0xFE, 0xFF, 0x8F, 0xF1, 0xF8, 0x3C, 0x00, 0x00, 0x00,
  0x00, 0x00, 0x00, 0x00, 0x03, 0x00, 0x00, 0x00, 0xF0, 0x00, 0x00, 0x3F,
  0x00, 0x00, 0x0F, 0xF0, 0x00, 0x03, 0xFF, 0x00, 0x00, 0x7F, 0xF0, 0x00,
  0x1F, 0xFF, 0x00, 0x07, 0xFF, 0xF0, 0x01, 0xFF, 0xFF, 0x00, 0x7F, 0xFF,
  0xF0, 0x1F, 0xFF, 0xFE, 0x07, 0xFF, 0xFF, 0x80, 0xFF, 0xFF, 0xE0, 0x3F,
  0xFF, 0xF8, 0x0F, 0xFF, 0xFE, 0x00, 0xFF, 0xFF, 0x80, 0x0F, 0xFF, 0xE0,
  0x00, 0xFF, 0xF8, 0x00, 0x0F, 0xFC, 0x00, 0x00, 0xFF, 0x00, 0x00, 0x0F,
  0xFC, 0x00, 0x00, 0xFF, 0xF0, 0x00, 0x0F, 0xFF, 0xC0, 0x00, 0xFF, 0xFF,
  0x00, 0x0F, 0xFF, 0xFC, 0x00, 0x7F, 0xFF, 0xF0, 0x01, 0xFF, 0xFF, 0xC0,
  0x0F, 0xFF, 0xFF, 0x00, 0x3F, 0xFF, 0xFC, 0x00, 0xFF, 0xFF, 0xF0, 0x03,
  0xFF, 0xFF, 0x00, 0x0F, 0xFF, 0xF0, 0x00, 0x3F, 0xFF, 0x00, 0x00, 0xFF,
  0xF0, 0x00, 0x07, 0xFF, 0x00, 0x00, 0x1F, 0xF0, 0x00, 0x00, 0x7F, 0x00,
  0x00, 0x01, 0xF0, 0x00, 0x00, 0x07, 0x00, 0x00, 0x00, 0x10, 0xFF, 0xFF,
  0xFF, 0xFF, 0xFF, 0xFF, 0xFF, 0xFF, 0xFF, 0xFF, 0xFF, 0xFF, 0xFF, 0xFF,
  0xFF, 0xFF, 0xFF, 0xFF, 0xFF, 0xFF, 0xFF, 0xFF, 0xFF, 0xFF, 0xFF, 0xFF,
  0xFF, 0xFF, 0xFF, 0xFF, 0x00, 0x00, 0x00, 0x00, 0x00, 0x00, 0x00, 0x00,
  0x00, 0x00, 0x00, 0x00, 0x00, 0x00, 0x00, 0x00, 0x00, 0x00, 0x00, 0x00,
  0x00, 0x00, 0x00, 0x00, 0x00, 0x00, 0x00, 0x00, 0x00, 0x00, 0x00, 0x00,
  0x00, 0x00, 0x00, 0x00, 0x00, 0x0F, 0xFF, 0xFF, 0xFF, 0xFF, 0xFF, 0xFF,
  0xFF, 0xFF, 0xFF, 0xFF, 0xFF, 0xFF, 0xFF, 0xFF, 0xFF, 0xFF, 0xFF, 0xFF,
  0xFF, 0xFF, 0xFF, 0xFF, 0xFF, 0xFF, 0xFF, 0xFF, 0xFF, 0xFF, 0xFF, 0xF0,
  0x00, 0x00, 0x00, 0x0C, 0x00, 0x00, 0x00, 0xF0, 0x00, 0x00, 0x0F, 0xC0,
  0x00, 0x00, 0xFF, 0x00, 0x00, 0x0F, 0xFC, 0x00, 0x00, 0xFF, 0xE0, 0x00,
  0x0F, 0xFF, 0x80, 0x00, 0xFF, 0xFE, 0x00, 0x0F, 0xFF, 0xF8, 0x00, 0xFF,
  0xFF, 0xE0, 0x07, 0xFF, 0xFF, 0x80, 0x1F, 0xFF, 0xFE, 0x00, 0x7F, 0xFF,
  0xF0, 0x01, 0xFF, 0xFF, 0xC0, 0x07, 0xFF, 0xFF, 0x00, 0x1F, 0xFF, 0xF0,
  0x00, 0x7F, 0xFF, 0x00, 0x01, 0xFF, 0xF0, 0x00, 0x03, 0xFF, 0x00, 0x00,
  0x0F, 0xF0, 0x00, 0x03, 0xFF, 0x00, 0x00, 0xFF, 0xF0, 0x00, 0x3F, 0xFF,
  0x00, 0x0F, 0xFF, 0xF0, 0x03, 0xFF, 0xFF, 0x00, 0xFF, 0xFF, 0xE0, 0x3F,
  0xFF, 0xF8, 0x0F, 0xFF, 0xFF, 0x03, 0xFF, 0xFF, 0xC0, 0xFF, 0xFF, 0xF0,
  0x0F, 0xFF, 0xFC, 0x00, 0xFF, 0xFF, 0x00, 0x0F, 0xFF, 0xC0, 0x00, 0xFF,
  0xF0, 0x00, 0x0F, 0xFE, 0x00, 0x00, 0xFF, 0x80, 0x00, 0x0F, 0xE0, 0x00,
  0x00, 0xF8, 0x00, 0x00, 0x0E, 0x00, 0x00, 0x00, 0x80, 0x00, 0x00, 0x00,
  0x00, 0x00, 0x20, 0x00, 0x00, 0x00, 0x7F, 0xFF, 0x00, 0x00, 0x07, 0xFF,
  0xFF, 0x00, 0x00, 0x7F, 0xFF, 0xFF, 0x00, 0x03, 0xFF, 0xFF, 0xFE, 0x00,
  0x1F, 0xFF, 0xFF, 0xFE, 0x00, 0xFF, 0xFF, 0xFF, 0xFC, 0x07, 0xFF, 0xFF,
  0xFF, 0xF0, 0x3F, 0xFF, 0xFF, 0xFF, 0xE0, 0xFF, 0xFF, 0xFF, 0xFF, 0xC7,
  0xFF, 0xC0, 0x1F, 0xFF, 0x1F, 0xFE, 0x00, 0x1F, 0xFC, 0x7F, 0xF0, 0x00,
  0x3F, 0xFB, 0xFF, 0x80, 0x00, 0xFF, 0xEF, 0xFE, 0x00, 0x01, 0xFF, 0xBF,
  0xF0, 0x00, 0x07, 0xFF, 0xFF, 0xC0, 0x00, 0x1F, 0xFF, 0xFF, 0x00, 0x00,
  0x3F, 0xFF, 0xFC, 0x00, 0x00, 0xFF, 0xFF, 0xF0, 0x00, 0x03, 0xFF, 0xFF,
  0xC0, 0x00, 0x0F, 0xFF, 0xFF, 0x00, 0x00, 0x3F, 0xF7, 0xFC, 0x00, 0x00,
  0xFF, 0xDE, 0x00, 0x00, 0x03, 0xFF, 0x00, 0x00, 0x00, 0x0F, 0xFC, 0x00,
  0x00, 0x00, 0x7F, 0xF0, 0x00, 0x00, 0x01, 0xFF, 0x80, 0x00, 0x00, 0x07,
  0xFE, 0x00, 0x00, 0x00, 0x1F, 0xF8, 0x00, 0x00, 0x00, 0xFF, 0xE0, 0x00,
  0x00, 0x03, 0xFF, 0x00, 0x00, 0x00, 0x1F, 0xFC, 0x00, 0x00, 0x00, 0x7F,
  0xF0, 0x00, 0x00, 0x03, 0xFF, 0x80, 0x00, 0x00, 0x1F, 0xFE, 0x00, 0x00,
  0x00, 0x7F, 0xF0, 0x00, 0x00, 0x03, 0xFF, 0x80, 0x00, 0x00, 0x1F, 0xFE,
  0x00, 0x00, 0x00, 0xFF, 0xF0, 0x00, 0x00, 0x03, 0xFF, 0x80, 0x00, 0x00,
  0x1F, 0xFE, 0x00, 0x00, 0x00, 0xFF, 0xF0, 0x00, 0x00, 0x07, 0xFF, 0x80,
  0x00, 0x00, 0x3F, 0xFC, 0x00, 0x00, 0x01, 0xFF, 0xE0, 0x00, 0x00, 0x1F,
  0xFF, 0x00, 0x00, 0x00, 0xFF, 0xF8, 0x00, 0x00, 0x07, 0xFF, 0xC0, 0x00,
  0x00, 0x3F, 0xFE, 0x00, 0x00, 0x00, 0xFF, 0xF0, 0x00, 0x00, 0x03, 0xFF,
  0x80, 0x00, 0x00, 0x0F, 0xFC, 0x00, 0x00, 0x00, 0x3F, 0xF0, 0x00, 0x00,
  0x00, 0xFF, 0xC0, 0x00, 0x00, 0x03, 0xFF, 0x00, 0x00, 0x00, 0x0F, 0xFC,
  0x00, 0x00, 0x00, 0x3F, 0xF0, 0x00, 0x00, 0x00, 0xFF, 0xC0, 0x00, 0x00,
  0x03, 0xFF, 0x00, 0x00, 0x00, 0x0F, 0xFC, 0x00, 0x00, 0x00, 0x3F, 0xF0,
  0x00, 0x00, 0x00, 0x00, 0x00, 0x00, 0x00, 0x00, 0x00, 0x00, 0x00, 0x00,
  0x00, 0x00, 0x00, 0x00, 0x00, 0x00, 0x00, 0x00, 0x00, 0x00, 0x00, 0x00,
  0x00, 0x00, 0x00, 0x00, 0x00, 0x00, 0x00, 0x00, 0x00, 0x00, 0x00, 0x00,
  0x00, 0x00, 0x00, 0x00, 0x00, 0x00, 0x00, 0x00, 0x00, 0x03, 0xFF, 0x00,
  0x00, 0x00, 0x0F, 0xFC, 0x00, 0x00, 0x00, 0x3F, 0xF0, 0x00, 0x00, 0x00,
  0xFF, 0xC0, 0x00, 0x00, 0x03, 0xFF, 0x00, 0x00, 0x00, 0x0F, 0xFC, 0x00,
  0x00, 0x00, 0x3F, 0xF0, 0x00, 0x00, 0x00, 0xFF, 0xC0, 0x00, 0x00, 0x03,
  0xFF, 0x00, 0x00, 0x00, 0x0F, 0xFC, 0x00, 0x00, 0x00, 0x3F, 0xF0, 0x00,
  0x00, 0x00, 0x00, 0x00, 0x00, 0x07, 0xFF, 0xE0, 0x00, 0x00, 0x00, 0x00,
  0x00, 0x00, 0x01, 0xFF, 0xFF, 0xFE, 0x00, 0x00, 0x00, 0x00, 0x00, 0x00,
  0x3F, 0xFF, 0xFF, 0xFF, 0x80, 0x00, 0x00, 0x00, 0x00, 0x01, 0xFF, 0xFF,
  0xFF, 0xFF, 0xC0, 0x00, 0x00, 0x00, 0x00, 0x0F, 0xFF, 0xFF, 0xFF, 0xFF,
  0xE0, 0x00, 0x00, 0x00, 0x00, 0x7F, 0xFF, 0xFF, 0xFF, 0xFF, 0xE0, 0x00,
  0x00, 0x00, 0x03, 0xFF, 0xFF, 0xFF, 0xFF, 0xFF, 0xE0, 0x00, 0x00, 0x00,
  0x1F, 0xFF, 0xFF, 0xFF, 0xFF, 0xFF, 0xF0, 0x00, 0x00, 0x00, 0x7F, 0xFF,
  0xFC, 0x00, 0x3F, 0xFF, 0xF0, 0x00, 0x00, 0x01, 0xFF, 0xFF, 0x80, 0x00,
  0x07, 0xFF, 0xF0, 0x00, 0x00, 0x07, 0xFF, 0xF8, 0x00, 0x00, 0x03, 0xFF,
  0xF0, 0x00, 0x00, 0x1F, 0xFF, 0xC0, 0x00, 0x00, 0x01, 0xFF, 0xF0, 0x00,
  0x00, 0x7F, 0xFE, 0x00, 0x00, 0x00, 0x00, 0xFF, 0xE0, 0x00, 0x01, 0xFF,
  0xF8, 0x00, 0x00, 0x00, 0x00, 0xFF, 0xE0, 0x00, 0x07, 0xFF, 0xC0, 0x00,
  0x00, 0x00, 0x00, 0xFF, 0xE0, 0x00, 0x1F, 0xFF, 0x00, 0x00, 0x00, 0x00,
  0x00, 0xFF, 0xC0, 0x00, 0x7F, 0xFC, 0x00, 0x00, 0x00, 0x00, 0x00, 0xFF,
  0xC0, 0x00, 0xFF, 0xF0, 0x00, 0x00, 0x00, 0x00, 0x00, 0xFF, 0x80, 0x03,
  0xFF, 0xC0, 0x00, 0x00, 0x00, 0x00, 0x01, 0xFF, 0x80, 0x07, 0xFF, 0x80,
  0x00, 0x00, 0x00, 0x00, 0x01, 0xFF, 0x00, 0x1F, 0xFE, 0x00, 0x00, 0x0F,
  0xE0, 0x00, 0x01, 0xFF, 0x00, 0x7F, 0xF8, 0x00, 0x00, 0xFF, 0xF3, 0xFC,
  0x03, 0xFE, 0x00, 0xFF, 0xE0, 0x00, 0x07, 0xFF, 0xFF, 0xF8, 0x03, 0xFC,
  0x03, 0xFF, 0xC0, 0x00, 0x1F, 0xFF, 0xFF, 0xF0, 0x07, 0xFC, 0x07, 0xFF,
  0x00, 0x00, 0x7F, 0xFF, 0xFF, 0xE0, 0x07, 0xF8, 0x0F, 0xFE, 0x00, 0x03,
  0xFF, 0xFF, 0xFF, 0x80, 0x0F, 0xF0, 0x3F, 0xF8, 0x00, 0x0F, 0xFF, 0xFF,
  0xFF, 0x00, 0x1F, 0xF0, 0x7F, 0xF0, 0x00, 0x1F, 0xFF, 0xFF, 0xFE, 0x00,
  0x3F, 0xE1, 0xFF, 0xC0, 0x00, 0x7F, 0xFE, 0x07, 0xFC, 0x00, 0x3F, 0xC3,
  0xFF, 0x80, 0x01, 0xFF, 0xF0, 0x1F, 0xF8, 0x00, 0x7F, 0x87, 0xFE, 0x00,
  0x07, 0xFF, 0xC0, 0x3F, 0xF0, 0x00, 0xFF, 0x1F, 0xFC, 0x00, 0x0F, 0xFE,
  0x00, 0x7F, 0xC0, 0x01, 0xFF, 0x3F, 0xF8, 0x00, 0x3F, 0xF8, 0x00, 0xFF,
  0x80, 0x01, 0xFE, 0x7F, 0xE0, 0x00, 0x7F, 0xF0, 0x01, 0xFF, 0x00, 0x03,
  0xFC, 0xFF, 0xC0, 0x01, 0xFF, 0xC0, 0x03, 0xFE, 0x00, 0x07, 0xF9, 0xFF,
  0x80, 0x03, 0xFF, 0x00, 0x07, 0xFC, 0x00, 0x0F, 0xF7, 0xFF, 0x00, 0x0F,
  0xFE, 0x00, 0x1F, 0xF8, 0x00, 0x1F, 0xEF, 0xFC, 0x00, 0x1F, 0xF8, 0x00,
  0x3F, 0xE0, 0x00, 0x3F, 0xDF, 0xF8, 0x00, 0x7F, 0xF0, 0x00, 0x7F, 0xC0,
  0x00, 0x7F, 0xBF, 0xF0, 0x00, 0xFF, 0xC0, 0x00, 0xFF, 0x80, 0x00, 0xFF,
  0x7F, 0xE0, 0x01, 0xFF, 0x80, 0x01, 0xFF, 0x00, 0x01, 0xFE, 0xFF, 0xC0,
  0x07, 0xFF, 0x00, 0x03, 0xFE, 0x00, 0x03, 0xFF, 0xFF, 0x80, 0x0F, 0xFC,
  0x00, 0x07, 0xFC, 0x00, 0x07, 0xFF, 0xFE, 0x00, 0x1F, 0xF8, 0x00, 0x1F,
  0xF0, 0x00, 0x0F, 0xFF, 0xFC, 0x00, 0x3F, 0xF0, 0x00, 0x3F, 0xE0, 0x00,
  0x1F, 0xFF, 0xF8, 0x00, 0x7F, 0xE0, 0x00, 0x7F, 0xC0, 0x00, 0x7F, 0xBF,
  0xF0, 0x01, 0xFF, 0x80, 0x00, 0xFF, 0x80, 0x00, 0xFF, 0x7F, 0xE0, 0x03,
  0xFF, 0x00, 0x01, 0xFF, 0x00, 0x01, 0xFE, 0xFF, 0xC0, 0x07, 0xFE, 0x00,
  0x03, 0xFE, 0x00, 0x03, 0xFD, 0xFF, 0x80, 0x0F, 0xFC, 0x00, 0x0F, 0xF8,
  0x00, 0x07, 0xFB, 0xFF, 0x00, 0x1F, 0xF8, 0x00, 0x1F, 0xF0, 0x00, 0x1F,
  0xE7, 0xFE, 0x00, 0x3F, 0xF0, 0x00, 0x3F, 0xE0, 0x00, 0x3F, 0xCF, 0xFC,
  0x00, 0x7F, 0xE0, 0x00, 0x7F, 0xC0, 0x00, 0x7F, 0x9F, 0xF8, 0x00, 0xFF,
  0xC0, 0x00, 0xFF, 0x80, 0x01, 0xFE, 0x3F, 0xF0, 0x01, 0xFF, 0x80, 0x03,
  0xFF, 0x00, 0x03, 0xFC, 0x7F, 0xE0, 0x03, 0xFF, 0x00, 0x07, 0xFC, 0x00,
  0x0F, 0xF0, 0xFF, 0xC0, 0x07, 0xFE, 0x00, 0x0F, 0xF8, 0x00, 0x1F, 0xE1,
  0xFF, 0x80, 0x07, 0xFE, 0x00, 0x3F, 0xF0, 0x00, 0x7F, 0x83, 0xFF, 0x00,
  0x0F, 0xFC, 0x00, 0x7F, 0xE0, 0x01, 0xFF, 0x07, 0xFF, 0x00, 0x1F, 0xFC,
  0x01, 0xFF, 0xC0, 0x03, 0xFC, 0x07, 0xFE, 0x00, 0x3F, 0xF8, 0x07, 0xFF,
  0x80, 0x0F, 0xF0, 0x0F, 0xFC, 0x00, 0x3F, 0xFC, 0x3F, 0xFF, 0x00, 0x3F,
  0xE0, 0x1F, 0xF8, 0x00, 0x7F, 0xFF, 0xFF, 0xFE, 0x01, 0xFF, 0x80, 0x3F,
  0xF0, 0x00, 0x7F, 0xFF, 0xFB, 0xFE, 0x0F, 0xFE, 0x00, 0x7F, 0xF0, 0x00,
  0xFF, 0xFF, 0xF3, 0xFF, 0xFF, 0xF8, 0x00, 0xFF, 0xE0, 0x00, 0xFF, 0xFF,
  0xC7, 0xFF, 0xFF, 0xE0, 0x00, 0xFF, 0xC0, 0x00, 0xFF, 0xFF, 0x87, 0xFF,
  0xFF, 0x00, 0x01, 0xFF, 0xC0, 0x00, 0xFF, 0xFE, 0x07, 0xFF, 0xFC, 0x00,
  0x03, 0xFF, 0x80, 0x00, 0x7F, 0xF8, 0x07, 0xFF, 0xE0, 0x00, 0x03, 0xFF,
  0x00, 0x00, 0x1F, 0x80, 0x03, 0xFC, 0x00, 0x00, 0x07, 0xFF, 0x00, 0x00,
  0x00, 0x00, 0x00, 0x00, 0x00, 0x00, 0x07, 0xFF, 0x00, 0x00, 0x00, 0x00,
  0x00, 0x00, 0x00, 0x00, 0x0F, 0xFE, 0x00, 0x00, 0x00, 0x00, 0x00, 0x00,
  0x00, 0x00, 0x1F, 0xFE, 0x00, 0x00, 0x00, 0x00, 0x00, 0x00, 0x00, 0x00,
  0x1F, 0xFE, 0x00, 0x00, 0x00, 0x00, 0x00, 0x00, 0x00, 0x00, 0x1F, 0xFC,
  0x00, 0x00, 0x00, 0x00, 0x00, 0x00, 0x00, 0x00, 0x3F, 0xFC, 0x00, 0x00,
  0x00, 0x00, 0x00, 0x00, 0x00, 0x00, 0x3F, 0xFC, 0x00, 0x00, 0x00, 0x00,
  0x00, 0x00, 0x00, 0x00, 0x7F, 0xFC, 0x00, 0x00, 0x00, 0x00, 0x00, 0x00,
  0x00, 0x00, 0x7F, 0xFE, 0x00, 0x00, 0x00, 0x00, 0x00, 0x00, 0x00, 0x00,
  0x7F, 0xFE, 0x00, 0x00, 0x00, 0x00, 0x00, 0x00, 0x00, 0x00, 0x7F, 0xFF,
  0x00, 0x00, 0x00, 0x00, 0x00, 0x00, 0x00, 0x00, 0x7F, 0xFF, 0x80, 0x00,
  0x00, 0x00, 0x80, 0x00, 0x00, 0x00, 0x7F, 0xFF, 0xE0, 0x00, 0x00, 0x1F,
  0x00, 0x00, 0x00, 0x00, 0x7F, 0xFF, 0xFE, 0x00, 0x0F, 0xFE, 0x00, 0x00,
  0x00, 0x00, 0x7F, 0xFF, 0xFF, 0xFF, 0xFF, 0xFC, 0x00, 0x00, 0x00, 0x00,
  0x3F, 0xFF, 0xFF, 0xFF, 0xFF, 0xFC, 0x00, 0x00, 0x00, 0x00, 0x3F, 0xFF,
  0xFF, 0xFF, 0xFF, 0xF8, 0x00, 0x00, 0x00, 0x00, 0x1F, 0xFF, 0xFF, 0xFF,
  0xFF, 0xF0, 0x00, 0x00, 0x00, 0x00, 0x0F, 0xFF, 0xFF, 0xFF, 0xFF, 0xE0,
  0x00, 0x00, 0x00, 0x00, 0x03, 0xFF, 0xFF, 0xFF, 0xFF, 0x00, 0x00, 0x00,
  0x00, 0x00, 0x00, 0xFF, 0xFF, 0xFF, 0xE0, 0x00, 0x00, 0x00, 0x00, 0x00,
  0x00, 0x0F, 0xFF, 0xF0, 0x00, 0x00, 0x00, 0x00, 0x00, 0x00, 0x7F, 0xE0,
  0x00, 0x00, 0x00, 0x0F, 0xFF, 0x00, 0x00, 0x00, 0x00, 0xFF, 0xF0, 0x00,
  0x00, 0x00, 0x0F, 0xFF, 0x00, 0x00, 0x00, 0x00, 0xFF, 0xF0, 0x00, 0x00,
  0x00, 0x0F, 0xFF, 0x80, 0x00, 0x00, 0x01, 0xFF, 0xF8, 0x00, 0x00, 0x00,
  0x1F, 0xFF, 0x80, 0x00, 0x00, 0x01, 0xFF, 0xF8, 0x00, 0x00, 0x00, 0x1F,
  0xFF, 0x80, 0x00, 0x00, 0x03, 0xFF, 0xFC, 0x00, 0x00, 0x00, 0x3F, 0xFF,
  0xC0, 0x00, 0x00, 0x03, 0xFF, 0xFC, 0x00, 0x00, 0x00, 0x3F, 0xFF, 0xC0,
  0x00, 0x00, 0x03, 0xFF, 0xFC, 0x00, 0x00, 0x00, 0x7F, 0xFF, 0xE0, 0x00,
  0x00, 0x07, 0xFF, 0xFE, 0x00, 0x00, 0x00, 0x7F, 0xFF, 0xE0, 0x00, 0x00,
  0x07, 0xFD, 0xFE, 0x00, 0x00, 0x00, 0x7F, 0x9F, 0xF0, 0x00, 0x00, 0x0F,
  0xF9, 0xFF, 0x00, 0x00, 0x00, 0xFF, 0x9F, 0xF0, 0x00, 0x00, 0x0F, 0xF9,
  0xFF, 0x00, 0x00, 0x00, 0xFF, 0x8F, 0xF0, 0x00, 0x00, 0x0F, 0xF8, 0xFF,
  0x80, 0x00, 0x01, 0xFF, 0x0F, 0xF8, 0x00, 0x00, 0x1F, 0xF0, 0xFF, 0x80,
  0x00, 0x01, 0xFF, 0x0F, 0xF8, 0x00, 0x00, 0x1F, 0xF0, 0xFF, 0x80, 0x00,
  0x03, 0xFF, 0x07, 0xFC, 0x00, 0x00, 0x3F, 0xE0, 0x7F, 0xC0, 0x00, 0x03,
  0xFE, 0x07, 0xFC, 0x00, 0x00, 0x3F, 0xE0, 0x7F, 0xC0, 0x00, 0x03, 0xFE,
  0x07, 0xFC, 0x00, 0x00, 0x7F, 0xE0, 0x3F, 0xE0, 0x00, 0x07, 0xFE, 0x03,
  0xFE, 0x00, 0x00, 0x7F, 0xC0, 0x3F, 0xE0, 0x00, 0x07, 0xFC, 0x03, 0xFE,
  0x00, 0x00, 0x7F, 0xC0, 0x3F, 0xF0, 0x00, 0x0F, 0xFC, 0x03, 0xFF, 0x00,
  0x00, 0xFF, 0xC0, 0x1F, 0xF0, 0x00, 0x0F, 0xF8, 0x01, 0xFF, 0x00, 0x00,
  0xFF, 0x80, 0x1F, 0xF0, 0x00, 0x0F, 0xF8, 0x01, 0xFF, 0x80, 0x01, 0xFF,
  0x80, 0x1F, 0xF8, 0x00, 0x1F, 0xF8, 0x00, 0xFF, 0x80, 0x01, 0xFF, 0x80,
  0x0F, 0xF8, 0x00, 0x1F, 0xF0, 0x00, 0xFF, 0x80, 0x03, 0xFF, 0x00, 0x0F,
  0xFC, 0x00, 0x3F, 0xF0, 0x00, 0xFF, 0xC0, 0x03, 0xFF, 0x00, 0x0F, 0xFC,
  0x00, 0x3F, 0xF0, 0x00, 0x7F, 0xC0, 0x03, 0xFF, 0xFF, 0xFF, 0xFC, 0x00,
  0x7F, 0xFF, 0xFF, 0xFF, 0xE0, 0x07, 0xFF, 0xFF, 0xFF, 0xFE, 0x00, 0x7F,
  0xFF, 0xFF, 0xFF, 0xE0, 0x07, 0xFF, 0xFF, 0xFF, 0xFE, 0x00, 0x7F, 0xFF,
  0xFF, 0xFF, 0xF0, 0x0F, 0xFF, 0xFF, 0xFF, 0xFF, 0x00, 0xFF, 0xFF, 0xFF,
  0xFF, 0xF0, 0x0F, 0xFC, 0x00, 0x03, 0xFF, 0x00, 0xFF, 0xC0, 0x00, 0x3F,
  0xF0, 0x0F, 0xFC, 0x00, 0x01, 0xFF, 0x81, 0xFF, 0x80, 0x00, 0x1F, 0xF8,
  0x1F, 0xF8, 0x00, 0x01, 0xFF, 0x81, 0xFF, 0x80, 0x00, 0x1F, 0xF8, 0x1F,
  0xF8, 0x00, 0x01, 0xFF, 0x83, 0xFF, 0x80, 0x00, 0x0F, 0xFC, 0x3F, 0xF0,
  0x00, 0x00, 0xFF, 0xC3, 0xFF, 0x00, 0x00, 0x0F, 0xFC, 0x3F, 0xF0, 0x00,
  0x00, 0xFF, 0xC3, 0xFF, 0x00, 0x00, 0x0F, 0xFE, 0x7F, 0xF0, 0x00, 0x00,
  0xFF, 0xE7, 0xFE, 0x00, 0x00, 0x07, 0xFE, 0x7F, 0xE0, 0x00, 0x00, 0x7F,
  0xE7, 0xFE, 0x00, 0x00, 0x07, 0xFE, 0x7F, 0xE0, 0x00, 0x00, 0x7F, 0xFF,
  0xFE, 0x00, 0x00, 0x07, 0xFF, 0xFF, 0xE0, 0x00, 0x00, 0x3F, 0xFF, 0xFC,
  0x00, 0x00, 0x03, 0xFF, 0xFF, 0xFF, 0xFF, 0x80, 0x00, 0x7F, 0xFF, 0xFF,
  0xFC, 0x00, 0x3F, 0xFF, 0xFF, 0xFF, 0x80, 0x1F, 0xFF, 0xFF, 0xFF, 0xF0,
  0x0F, 0xFF, 0xFF, 0xFF, 0xFC, 0x07, 0xFF, 0xFF, 0xFF, 0xFF, 0x03, 0xFF,
  0xFF, 0xFF, 0xFF, 0xC1, 0xFF, 0xFF, 0xFF, 0xFF, 0xF0, 0xFF, 0xE0, 0x03,
  0xFF, 0xFC, 0x7F, 0xF0, 0x00, 0x1F, 0xFE, 0x3F, 0xF8, 0x00, 0x07, 0xFF,
  0x9F, 0xFC, 0x00, 0x01, 0xFF, 0xCF, 0xFE, 0x00, 0x00, 0x7F, 0xE7, 0xFF,
  0x00, 0x00, 0x3F, 0xF3, 0xFF, 0x80, 0x00, 0x1F, 0xFD, 0xFF, 0xC0, 0x00,
  0x07, 0xFE, 0xFF, 0xE0, 0x00, 0x03, 0xFF, 0x7F, 0xF0, 0x00, 0x01, 0xFF,
  0xBF, 0xF8, 0x00, 0x00, 0xFF, 0xDF, 0xFC, 0x00, 0x00, 0x7F, 0xEF, 0xFE,
  0x00, 0x00, 0x3F, 0xF7, 0xFF, 0x00, 0x00, 0x1F, 0xFB, 0xFF, 0x80, 0x00,
  0x0F, 0xFD, 0xFF, 0xC0, 0x00, 0x07, 0xFE, 0xFF, 0xE0, 0x00, 0x03, 0xFF,
  0x7F, 0xF0, 0x00, 0x03, 0xFF, 0x3F, 0xF8, 0x00, 0x01, 0xFF, 0x9F, 0xFC,
  0x00, 0x00, 0xFF, 0xCF, 0xFE, 0x00, 0x00, 0xFF, 0xE7, 0xFF, 0x00, 0x00,
  0x7F, 0xE3, 0xFF, 0x80, 0x00, 0x7F, 0xF1, 0xFF, 0xC0, 0x00, 0xFF, 0xF0,
  0xFF, 0xE0, 0x01, 0xFF, 0xF0, 0x7F, 0xFF, 0xFF, 0xFF, 0xF0, 0x3F, 0xFF,
  0xFF, 0xFF, 0xF0, 0x1F, 0xFF, 0xFF, 0xFF, 0xE0, 0x0F, 0xFF, 0xFF, 0xFF,
  0x80, 0x07, 0xFF, 0xFF, 0xFF, 0xF8, 0x03, 0xFF, 0xFF, 0xFF, 0xFE, 0x01,
  0xFF, 0xFF, 0xFF, 0xFF, 0xC0, 0xFF, 0xFF, 0xFF, 0xFF, 0xF0, 0x7F, 0xF0,
  0x01, 0xFF, 0xFC, 0x3F, 0xF8, 0x00, 0x1F, 0xFF, 0x1F, 0xFC, 0x00, 0x07,
  0xFF, 0x8F, 0xFE, 0x00, 0x01, 0xFF, 0xE7, 0xFF, 0x00, 0x00, 0x7F, 0xF3,
  0xFF, 0x80, 0x00, 0x1F, 0xFD, 0xFF, 0xC0, 0x00, 0x0F, 0xFE, 0xFF, 0xE0,
  0x00, 0x03, 0xFF, 0x7F, 0xF0, 0x00, 0x01, 0xFF, 0xBF, 0xF8, 0x00, 0x00,
  0xFF, 0xFF, 0xFC, 0x00, 0x00, 0x3F, 0xFF, 0xFE, 0x00, 0x00, 0x1F, 0xFF,
  0xFF, 0x00, 0x00, 0x0F, 0xFF, 0xFF, 0x80, 0x00, 0x07, 0xFF, 0xFF, 0xC0,
  0x00, 0x03, 0xFF, 0xFF, 0xE0, 0x00, 0x01, 0xFF, 0xFF, 0xF0, 0x00, 0x00,
  0xFF, 0xFF, 0xF8, 0x00, 0x00, 0x7F, 0xFF, 0xFC, 0x00, 0x00, 0x3F, 0xFF,
  0xFE, 0x00, 0x00, 0x1F, 0xFF, 0xFF, 0x00, 0x00, 0x0F, 0xFF, 0xFF, 0x80,
  0x00, 0x07, 0xFF, 0xFF, 0xC0, 0x00, 0x07, 0xFE, 0xFF, 0xE0, 0x00, 0x03,
  0xFF, 0x7F, 0xF0, 0x00, 0x01, 0xFF, 0xBF, 0xF8, 0x00, 0x01, 0xFF, 0xDF,
  0xFC, 0x00, 0x00, 0xFF, 0xCF, 0xFE, 0x00, 0x00, 0xFF, 0xE7, 0xFF, 0x00,
  0x00, 0xFF, 0xF3, 0xFF, 0x80, 0x00, 0xFF, 0xF1, 0xFF, 0xC0, 0x03, 0xFF,
  0xF8, 0xFF, 0xFF, 0xFF, 0xFF, 0xF8, 0x7F, 0xFF, 0xFF, 0xFF, 0xF8, 0x3F,
  0xFF, 0xFF, 0xFF, 0xF8, 0x1F, 0xFF, 0xFF, 0xFF, 0xF8, 0x0F, 0xFF, 0xFF,
  0xFF, 0xF8, 0x07, 0xFF, 0xFF, 0xFF, 0xF8, 0x03, 0xFF, 0xFF, 0xFF, 0xF0,
  0x01, 0xFF, 0xFF, 0xFF, 0x80, 0x00, 0x00, 0x00, 0x00, 0x00, 0x00, 0x00,
  0x03, 0xFF, 0xFC, 0x00, 0x00, 0x0F, 0xFF, 0xFF, 0xC0, 0x00, 0x0F, 0xFF,
  0xFF, 0xF0, 0x00, 0x1F, 0xFF, 0xFF, 0xFE, 0x00, 0x1F, 0xFF, 0xFF, 0xFF,
  0x80, 0x1F, 0xFF, 0xFF, 0xFF, 0xE0, 0x1F, 0xFF, 0xFF, 0xFF, 0xF0, 0x0F,
  0xFF, 0xFF, 0xFF, 0xFC, 0x0F, 0xFF, 0x80, 0x0F, 0xFE, 0x07, 0xFF, 0x80,
  0x03, 0xFF, 0x87, 0xFF, 0x80, 0x00, 0xFF, 0xC3, 0xFF, 0x80, 0x00, 0x3F,
  0xF1, 0xFF, 0x80, 0x00, 0x1F, 0xF9, 0xFF, 0xC0, 0x00, 0x0F, 0xFC, 0xFF,
  0xE0, 0x00, 0x07, 0xFE, 0x7F, 0xF0, 0x00, 0x01, 0xFF, 0xBF, 0xF0, 0x00,
  0x00, 0xFF, 0xDF, 0xF8, 0x00, 0x00, 0x7F, 0xFF, 0xFC, 0x00, 0x00, 0x3F,
  0xFF, 0xFE, 0x00, 0x00, 0x1F, 0xFF, 0xFF, 0x00, 0x00, 0x0F, 0xFF, 0xFF,
  0x80, 0x00, 0x07, 0xFF, 0xFF, 0xC0, 0x00, 0x03, 0xFF, 0xFF, 0xE0, 0x00,
  0x01, 0xFF, 0xFF, 0xF0, 0x00, 0x00, 0xFF, 0xFF, 0xF8, 0x00, 0x00, 0x7F,
  0xFF, 0xFC, 0x00, 0x00, 0x3F, 0xFF, 0xFE, 0x00, 0x00, 0x1F, 0xFF, 0xFF,
  0x00, 0x00, 0x00, 0x03, 0xFF, 0x80, 0x00, 0x00, 0x01, 0xFF, 0xC0, 0x00,
  0x00, 0x00, 0xFF, 0xE0, 0x00, 0x00, 0x00, 0x7F, 0xF0, 0x00, 0x00, 0x00,
  0x3F, 0xF8, 0x00, 0x00, 0x00, 0x1F, 0xFC, 0x00, 0x00, 0x00, 0x0F, 0xFE,
  0x00, 0x00, 0x00, 0x07, 0xFF, 0x00, 0x00, 0x00, 0x03, 0xFF, 0x80, 0x00,
  0x00, 0x01, 0xFF, 0xC0, 0x00, 0x00, 0x00, 0xFF, 0xE0, 0x00, 0x00, 0x00,
  0x7F, 0xF0, 0x00, 0x00, 0x00, 0x3F, 0xF8, 0x00, 0x00, 0x00, 0x1F, 0xFC,
  0x00, 0x00, 0x00, 0x0F, 0xFE, 0x00, 0x00, 0x00, 0x07, 0xFF, 0x00, 0x00,
  0x00, 0x03, 0xFF, 0x80, 0x00, 0x00, 0x01, 0xFF, 0xC0, 0x00, 0x00, 0x00,
  0xFF, 0xE0, 0x00, 0x00, 0x00, 0x7F, 0xF0, 0x00, 0x00, 0x00, 0x3F, 0xF8,
  0x00, 0x00, 0x00, 0x1F, 0xFC, 0x00, 0x00, 0x3F, 0xFF, 0xFE, 0x00, 0x00,
  0x1F, 0xFF, 0xFF, 0x00, 0x00, 0x0F, 0xFF, 0xFF, 0x80, 0x00, 0x07, 0xFF,
  0xFF, 0xC0, 0x00, 0x03, 0xFF, 0xFF, 0xE0, 0x00, 0x01, 0xFF, 0xFF, 0xF0,
  0x00, 0x00, 0xFF, 0xFF, 0xF8, 0x00, 0x00, 0x7F, 0xFF, 0xFC, 0x00, 0x00,
  0x3F, 0xFF, 0xFE, 0x00, 0x00, 0x1F, 0xFF, 0xFF, 0x00, 0x00, 0x0F, 0xFF,
  0xFF, 0x80, 0x00, 0x07, 0xFE, 0xFF, 0xC0, 0x00, 0x03, 0xFF, 0x7F, 0xF0,
  0x00, 0x01, 0xFF, 0x3F, 0xF8, 0x00, 0x01, 0xFF, 0x9F, 0xFC, 0x00, 0x00,
  0xFF, 0xCF, 0xFE, 0x00, 0x00, 0x7F, 0xE3, 0xFF, 0x80, 0x00, 0x3F, 0xF1,
  0xFF, 0xC0, 0x00, 0x3F, 0xF0, 0xFF, 0xF0, 0x00, 0x3F, 0xF8, 0x3F, 0xFC,
  0x00, 0x3F, 0xFC, 0x1F, 0xFF, 0xC0, 0x7F, 0xFC, 0x07, 0xFF, 0xFF, 0xFF,
  0xFE, 0x03, 0xFF, 0xFF, 0xFF, 0xFE, 0x00, 0xFF, 0xFF, 0xFF, 0xFF, 0x00,
  0x3F, 0xFF, 0xFF, 0xFF, 0x00, 0x0F, 0xFF, 0xFF, 0xFF, 0x00, 0x03, 0xFF,
  0xFF, 0xFF, 0x00, 0x00, 0x7F, 0xFF, 0xFE, 0x00, 0x00, 0x0F, 0xFF, 0xFC,
  0x00, 0x00, 0x00, 0xFF, 0xF0, 0x00, 0x00, 0xFF, 0xFF, 0xFF, 0x00, 0x00,
  0x7F, 0xFF, 0xFF, 0xFC, 0x00, 0x3F, 0xFF, 0xFF, 0xFF, 0x80, 0x1F, 0xFF,
  0xFF, 0xFF, 0xF0, 0x0F, 0xFF, 0xFF, 0xFF, 0xFC, 0x07, 0xFF, 0xFF, 0xFF,
  0xFF, 0x03, 0xFF, 0xFF, 0xFF, 0xFF, 0xC1, 0xFF, 0xFF, 0xFF, 0xFF, 0xF0,
  0xFF, 0xE0, 0x03, 0xFF, 0xFC, 0x7F, 0xF0, 0x00, 0x3F, 0xFE, 0x3F, 0xF8,
  0x00, 0x07, 0xFF, 0x9F, 0xFC, 0x00, 0x03, 0xFF, 0xCF, 0xFE, 0x00, 0x00,
  0xFF, 0xE7, 0xFF, 0x00, 0x00, 0x3F, 0xFB, 0xFF, 0x80, 0x00, 0x1F, 0xFD,
  0xFF, 0xC0, 0x00, 0x0F, 0xFE, 0xFF, 0xE0, 0x00, 0x07, 0xFF, 0x7F, 0xF0,
  0x00, 0x01, 0xFF, 0xFF, 0xF8, 0x00, 0x00, 0xFF, 0xFF, 0xFC, 0x00, 0x00,
  0x7F, 0xFF, 0xFE, 0x00, 0x00, 0x3F, 0xFF, 0xFF, 0x00, 0x00, 0x1F, 0xFF,
  0xFF, 0x80, 0x00, 0x0F, 0xFF, 0xFF, 0xC0, 0x00, 0x07, 0xFF, 0xFF, 0xE0,
  0x00, 0x03, 0xFF, 0xFF, 0xF0, 0x00, 0x01, 0xFF, 0xFF, 0xF8, 0x00, 0x00,
  0xFF, 0xFF, 0xFC, 0x00, 0x00, 0x7F, 0xFF, 0xFE, 0x00, 0x00, 0x3F, 0xFF,
  0xFF, 0x00, 0x00, 0x1F, 0xFF, 0xFF, 0x80, 0x00, 0x0F, 0xFF, 0xFF, 0xC0,
  0x00, 0x07, 0xFF, 0xFF, 0xE0, 0x00, 0x03, 0xFF, 0xFF, 0xF0, 0x00, 0x01,
  0xFF, 0xFF, 0xF8, 0x00, 0x00, 0xFF, 0xFF, 0xFC, 0x00, 0x00, 0x7F, 0xFF,
  0xFE, 0x00, 0x00, 0x3F, 0xFF, 0xFF, 0x00, 0x00, 0x1F, 0xFF, 0xFF, 0x80,
  0x00, 0x0F, 0xFF, 0xFF, 0xC0, 0x00, 0x07, 0xFF, 0xFF, 0xE0, 0x00, 0x03,
  0xFF, 0xFF, 0xF0, 0x00, 0x01, 0xFF, 0xFF, 0xF8, 0x00, 0x00, 0xFF, 0xFF,
  0xFC, 0x00, 0x00, 0x7F, 0xFF, 0xFE, 0x00, 0x00, 0x3F, 0xFF, 0xFF, 0x00,
  0x00, 0x1F, 0xFF, 0xFF, 0x80, 0x00, 0x0F, 0xFF, 0xFF, 0xC0, 0x00, 0x07,
  0xFF, 0xFF, 0xE0, 0x00, 0x03, 0xFF, 0xFF, 0xF0, 0x00, 0x01, 0xFF, 0xFF,
  0xF8, 0x00, 0x00, 0xFF, 0xFF, 0xFC, 0x00, 0x00, 0x7F, 0xFF, 0xFE, 0x00,
  0x00, 0x3F, 0xFF, 0xFF, 0x00, 0x00, 0x1F, 0xFF, 0xFF, 0x80, 0x00, 0x0F,
  0xFF, 0xFF, 0xC0, 0x00, 0x07, 0xFF, 0xFF, 0xE0, 0x00, 0x03, 0xFF, 0xFF,
  0xF0, 0x00, 0x01, 0xFF, 0xFF, 0xF8, 0x00, 0x00, 0xFF, 0xFF, 0xFC, 0x00,
  0x00, 0x7F, 0xFF, 0xFE, 0x00, 0x00, 0x3F, 0xFF, 0xFF, 0x00, 0x00, 0x1F,
  0xFB, 0xFF, 0x80, 0x00, 0x1F, 0xFD, 0xFF, 0xC0, 0x00, 0x0F, 0xFE, 0xFF,
  0xE0, 0x00, 0x07, 0xFF, 0x7F, 0xF0, 0x00, 0x03, 0xFF, 0xBF, 0xF8, 0x00,
  0x03, 0xFF, 0x9F, 0xFC, 0x00, 0x01, 0xFF, 0xCF, 0xFE, 0x00, 0x01, 0xFF,
  0xE7, 0xFF, 0x00, 0x01, 0xFF, 0xE3, 0xFF, 0x80, 0x01, 0xFF, 0xF1, 0xFF,
  0xC0, 0x07, 0xFF, 0xF0, 0xFF, 0xFF, 0xFF, 0xFF, 0xF0, 0x7F, 0xFF, 0xFF,
  0xFF, 0xF8, 0x3F, 0xFF, 0xFF, 0xFF, 0xF8, 0x1F, 0xFF, 0xFF, 0xFF, 0xF8,
  0x0F, 0xFF, 0xFF, 0xFF, 0xF0, 0x07, 0xFF, 0xFF, 0xFF, 0xF0, 0x03, 0xFF,
  0xFF, 0xFF, 0xC0, 0x01, 0xFF, 0xFF, 0xFE, 0x00, 0x00, 0xFF, 0xFF, 0xFF,
  0xFF, 0xFF, 0xFF, 0xFF, 0xFF, 0xFF, 0xFF, 0xFF, 0xFF, 0xFF, 0xFF, 0xFF,
  0xFF, 0xFF, 0xFF, 0xFF, 0xFF, 0xFF, 0xFF, 0xFF, 0xFF, 0xFF, 0xFF, 0xFF,
  0xFF, 0xFF, 0xFF, 0xFF, 0xFF, 0xE0, 0x00, 0x01, 0xFF, 0xC0, 0x00, 0x03,
  0xFF, 0x80, 0x00, 0x07, 0xFF, 0x00, 0x00, 0x0F, 0xFE, 0x00, 0x00, 0x1F,
  0xFC, 0x00, 0x00, 0x3F, 0xF8, 0x00, 0x00, 0x7F, 0xF0, 0x00, 0x00, 0xFF,
  0xE0, 0x00, 0x01, 0xFF, 0xC0, 0x00, 0x03, 0xFF, 0x80, 0x00, 0x07, 0xFF,
  0x00, 0x00, 0x0F, 0xFE, 0x00, 0x00, 0x1F, 0xFC, 0x00, 0x00, 0x3F, 0xF8,
  0x00, 0x00, 0x7F, 0xF0, 0x00, 0x00, 0xFF, 0xE0, 0x00, 0x01, 0xFF, 0xC0,
  0x00, 0x03, 0xFF, 0x80, 0x00, 0x07, 0xFF, 0x00, 0x00, 0x0F, 0xFE, 0x00,
  0x00, 0x1F, 0xFC, 0x00, 0x00, 0x3F, 0xF8, 0x00, 0x00, 0x7F, 0xF0, 0x00,
  0x00, 0xFF, 0xE0, 0x00, 0x01, 0xFF, 0xC0, 0x00, 0x03, 0xFF, 0xFF, 0xFF,
  0x87, 0xFF, 0xFF, 0xFF, 0x0F, 0xFF, 0xFF, 0xFE, 0x1F, 0xFF, 0xFF, 0xFC,
  0x3F, 0xFF, 0xFF, 0xF8, 0x7F, 0xFF, 0xFF, 0xF0, 0xFF, 0xFF, 0xFF, 0xE1,
  0xFF, 0xFF, 0xFF, 0xC3, 0xFF, 0x80, 0x00, 0x07, 0xFF, 0x00, 0x00, 0x0F,
  0xFE, 0x00, 0x00, 0x1F, 0xFC, 0x00, 0x00, 0x3F, 0xF8, 0x00, 0x00, 0x7F,
  0xF0, 0x00, 0x00, 0xFF, 0xE0, 0x00, 0x01, 0xFF, 0xC0, 0x00, 0x03, 0xFF,
  0x80, 0x00, 0x07, 0xFF, 0x00, 0x00, 0x0F, 0xFE, 0x00, 0x00, 0x1F, 0xFC,
  0x00, 0x00, 0x3F, 0xF8, 0x00, 0x00, 0x7F, 0xF0, 0x00, 0x00, 0xFF, 0xE0,
  0x00, 0x01, 0xFF, 0xC0, 0x00, 0x03, 0xFF, 0x80, 0x00, 0x07, 0xFF, 0x00,
  0x00, 0x0F, 0xFE, 0x00, 0x00, 0x1F, 0xFC, 0x00, 0x00, 0x3F, 0xF8, 0x00,
  0x00, 0x7F, 0xF0, 0x00, 0x00, 0xFF, 0xE0, 0x00, 0x01, 0xFF, 0xC0, 0x00,
  0x03, 0xFF, 0x80, 0x00, 0x07, 0xFF, 0x00, 0x00, 0x0F, 0xFE, 0x00, 0x00,
  0x1F, 0xFC, 0x00, 0x00, 0x3F, 0xF8, 0x00, 0x00, 0x7F, 0xF0, 0x00, 0x00,
  0xFF, 0xFF, 0xFF, 0xFF, 0xFF, 0xFF, 0xFF, 0xFF, 0xFF, 0xFF, 0xFF, 0xFF,
  0xFF, 0xFF, 0xFF, 0xFF, 0xFF, 0xFF, 0xFF, 0xFF, 0xFF, 0xFF, 0xFF, 0xFF,
  0xFF, 0xFF, 0xFF, 0xFF, 0xFF, 0xFF, 0xFF, 0xFF, 0xFF, 0xFF, 0xFF, 0xFF,
  0xFF, 0xFF, 0xFF, 0xFF, 0xFF, 0xFF, 0xFF, 0xFF, 0xFF, 0xFF, 0xFF, 0xFF,
  0xFF, 0xFF, 0xFF, 0xFF, 0xFF, 0xFF, 0xFF, 0xFF, 0xFF, 0xFF, 0xFF, 0xFF,
  0xFF, 0xFF, 0xFF, 0xE0, 0x00, 0x01, 0xFF, 0xC0, 0x00, 0x03, 0xFF, 0x80,
  0x00, 0x07, 0xFF, 0x00, 0x00, 0x0F, 0xFE, 0x00, 0x00, 0x1F, 0xFC, 0x00,
  0x00, 0x3F, 0xF8, 0x00, 0x00, 0x7F, 0xF0, 0x00, 0x00, 0xFF, 0xE0, 0x00,
  0x01, 0xFF, 0xC0, 0x00, 0x03, 0xFF, 0x80, 0x00, 0x07, 0xFF, 0x00, 0x00,
  0x0F, 0xFE, 0x00, 0x00, 0x1F, 0xFC, 0x00, 0x00, 0x3F, 0xF8, 0x00, 0x00,
  0x7F, 0xF0, 0x00, 0x00, 0xFF, 0xE0, 0x00, 0x01, 0xFF, 0xC0, 0x00, 0x03,
  0xFF, 0x80, 0x00, 0x07, 0xFF, 0x00, 0x00, 0x0F, 0xFE, 0x00, 0x00, 0x1F,
  0xFC, 0x00, 0x00, 0x3F, 0xF8, 0x00, 0x00, 0x7F, 0xF0, 0x00, 0x00, 0xFF,
  0xE0, 0x00, 0x01, 0xFF, 0xC0, 0x00, 0x03, 0xFF, 0x80, 0x00, 0x07, 0xFF,
  0xFF, 0xFE, 0x0F, 0xFF, 0xFF, 0xFC, 0x1F, 0xFF, 0xFF, 0xF8, 0x3F, 0xFF,
  0xFF, 0xF0, 0x7F, 0xFF, 0xFF, 0xE0, 0xFF, 0xFF, 0xFF, 0xC1, 0xFF, 0xFF,
  0xFF, 0x83, 0xFF, 0xFF, 0xFF, 0x07, 0xFF, 0x00, 0x00, 0x0F, 0xFE, 0x00,
  0x00, 0x1F, 0xFC, 0x00, 0x00, 0x3F, 0xF8, 0x00, 0x00, 0x7F, 0xF0, 0x00,
  0x00, 0xFF, 0xE0, 0x00, 0x01, 0xFF, 0xC0, 0x00, 0x03, 0xFF, 0x80, 0x00,
  0x07, 0xFF, 0x00, 0x00, 0x0F, 0xFE, 0x00, 0x00, 0x1F, 0xFC, 0x00, 0x00,
  0x3F, 0xF8, 0x00, 0x00, 0x7F, 0xF0, 0x00, 0x00, 0xFF, 0xE0, 0x00, 0x01,
  0xFF, 0xC0, 0x00, 0x03, 0xFF, 0x80, 0x00, 0x07, 0xFF, 0x00, 0x00, 0x0F,
  0xFE, 0x00, 0x00, 0x1F, 0xFC, 0x00, 0x00, 0x3F, 0xF8, 0x00, 0x00, 0x7F,
  0xF0, 0x00, 0x00, 0xFF, 0xE0, 0x00, 0x01, 0xFF, 0xC0, 0x00, 0x03, 0xFF,
  0x80, 0x00, 0x07, 0xFF, 0x00, 0x00, 0x0F, 0xFE, 0x00, 0x00, 0x1F, 0xFC,
  0x00, 0x00, 0x3F, 0xF8, 0x00, 0x00, 0x7F, 0xF0, 0x00, 0x00, 0xFF, 0xE0,
  0x00, 0x01, 0xFF, 0xC0, 0x00, 0x03, 0xFF, 0x80, 0x00, 0x07, 0xFF, 0x00,
  0x00, 0x0F, 0xFE, 0x00, 0x00, 0x1F, 0xFC, 0x00, 0x00, 0x3F, 0xF8, 0x00,
  0x00, 0x7F, 0xF0, 0x00, 0x00, 0x00, 0x00, 0x00, 0x00, 0x00, 0x00, 0x00,
  0xFF, 0xFF, 0x80, 0x00, 0x00, 0xFF, 0xFF, 0xFC, 0x00, 0x00, 0x3F, 0xFF,
  0xFF, 0xE0, 0x00, 0x1F, 0xFF, 0xFF, 0xFF, 0x00, 0x07, 0xFF, 0xFF, 0xFF,
  0xF0, 0x01, 0xFF, 0xFF, 0xFF, 0xFF, 0x00, 0x3F, 0xFF, 0xFF, 0xFF, 0xE0,
  0x0F, 0xFF, 0xFF, 0xFF, 0xFE, 0x03, 0xFF, 0xE0, 0x03, 0xFF, 0xE0, 0x7F,
  0xF8, 0x00, 0x1F, 0xFC, 0x1F, 0xFE, 0x00, 0x01, 0xFF, 0x83, 0xFF, 0x80,
  0x00, 0x3F, 0xF8, 0x7F, 0xF0, 0x00, 0x03, 0xFF, 0x1F, 0xFC, 0x00, 0x00,
  0x7F, 0xE3, 0xFF, 0x80, 0x00, 0x0F, 0xFC, 0x7F, 0xF0, 0x00, 0x00, 0xFF,
  0xCF, 0xFC, 0x00, 0x00, 0x1F, 0xF9, 0xFF, 0x80, 0x00, 0x03, 0xFF, 0x3F,
  0xF0, 0x00, 0x00, 0x7F, 0xEF, 0xFE, 0x00, 0x00, 0x0F, 0xFD, 0xFF, 0xC0,
  0x00, 0x01, 0xFF, 0xBF, 0xF8, 0x00, 0x00, 0x3F, 0xF7, 0xFF, 0x00, 0x00,
  0x07, 0xFE, 0xFF, 0xE0, 0x00, 0x00, 0xFF, 0xDF, 0xFC, 0x00, 0x00, 0x1F,
  0xFB, 0xFF, 0x80, 0x00, 0x00, 0x00, 0x7F, 0xF0, 0x00, 0x00, 0x00, 0x0F,
  0xFE, 0x00, 0x00, 0x00, 0x01, 0xFF, 0xC0, 0x00, 0x00, 0x00, 0x3F, 0xF8,
  0x00, 0x00, 0x00, 0x07, 0xFF, 0x00, 0x00, 0x00, 0x00, 0xFF, 0xE0, 0x00,
  0x00, 0x00, 0x1F, 0xFC, 0x00, 0x00, 0x00, 0x03, 0xFF, 0x80, 0x00, 0x00,
  0x00, 0x7F, 0xF0, 0x00, 0x00, 0x00, 0x0F, 0xFE, 0x00, 0x00, 0x00, 0x01,
  0xFF, 0xC0, 0x00, 0x00, 0x00, 0x3F, 0xF8, 0x00, 0x00, 0x00, 0x07, 0xFF,
  0x00, 0x00, 0x00, 0x00, 0xFF, 0xE0, 0x00, 0x00, 0x00, 0x1F, 0xFC, 0x00,
  0x3F, 0xFF, 0xFF, 0xFF, 0x80, 0x07, 0xFF, 0xFF, 0xFF, 0xF0, 0x00, 0xFF,
  0xFF, 0xFF, 0xFE, 0x00, 0x1F, 0xFF, 0xFF, 0xFF, 0xC0, 0x03, 0xFF, 0xFF,
  0xFF, 0xF8, 0x00, 0x7F, 0xFF, 0xFF, 0xFF, 0x00, 0x0F, 0xFF, 0xFF, 0xFF,
  0xE0, 0x01, 0xFF, 0xFF, 0xFF, 0xFC, 0x00, 0x00, 0x0F, 0xFF, 0xFF, 0x80,
  0x00, 0x01, 0xFF, 0xFF, 0xF0, 0x00, 0x00, 0x3F, 0xFF, 0xFE, 0x00, 0x00,
  0x07, 0xFF, 0xFF, 0xC0, 0x00, 0x00, 0xFF, 0xFF, 0xF8, 0x00, 0x00, 0x1F,
  0xFF, 0xFF, 0x00, 0x00, 0x03, 0xFF, 0xFF, 0xE0, 0x00, 0x00, 0x7F, 0xFF,
  0xFC, 0x00, 0x00, 0x0F, 0xFF, 0xFF, 0x80, 0x00, 0x01, 0xFF, 0xFF, 0xF0,
  0x00, 0x00, 0x3F, 0xFF, 0xFE, 0x00, 0x00, 0x07, 0xFF, 0xFF, 0xC0, 0x00,
  0x00, 0xFF, 0xFF, 0xF8, 0x00, 0x00, 0x3F, 0xFB, 0xFF, 0x80, 0x00, 0x07,
  0xFF, 0x7F, 0xF0, 0x00, 0x00, 0xFF, 0xEF, 0xFE, 0x00, 0x00, 0x1F, 0xFD,
  0xFF, 0xC0, 0x00, 0x03, 0xFF, 0xBF, 0xFC, 0x00, 0x00, 0xFF, 0xF3, 0xFF,
  0x80, 0x00, 0x1F, 0xFE, 0x7F, 0xF8, 0x00, 0x07, 0xFF, 0xCF, 0xFF, 0x00,
  0x01, 0xFF, 0xF8, 0xFF, 0xF8, 0x00, 0x7F, 0xFF, 0x1F, 0xFF, 0xC0, 0x3F,
  0xFF, 0xE1, 0xFF, 0xFF, 0xFF, 0xFB, 0xFC, 0x3F, 0xFF, 0xFF, 0xFF, 0x7F,
  0x83, 0xFF, 0xFF, 0xFF, 0xCF, 0xF0, 0x3F, 0xFF, 0xFF, 0xF1, 0xFE, 0x03,
  0xFF, 0xFF, 0xFE, 0x1F, 0xC0, 0x3F, 0xFF, 0xFF, 0x83, 0xF8, 0x01, 0xFF,
  0xFF, 0xC0, 0x7F, 0x00, 0x0F, 0xFF, 0xF0, 0x0F, 0xE0, 0x00, 0x3F, 0xF0,
  0x00, 0x00, 0xFF, 0xE0, 0x00, 0x01, 0xFF, 0xFF, 0xF8, 0x00, 0x00, 0x7F,
  0xFF, 0xFE, 0x00, 0x00, 0x1F, 0xFF, 0xFF, 0x80, 0x00, 0x07, 0xFF, 0xFF,
  0xE0, 0x00, 0x01, 0xFF, 0xFF, 0xF8, 0x00, 0x00, 0x7F, 0xFF, 0xFE, 0x00,
  0x00, 0x1F, 0xFF, 0xFF, 0x80, 0x00, 0x07, 0xFF, 0xFF, 0xE0, 0x00, 0x01,
  0xFF, 0xFF, 0xF8, 0x00, 0x00, 0x7F, 0xFF, 0xFE, 0x00, 0x00, 0x1F, 0xFF,
  0xFF, 0x80, 0x00, 0x07, 0xFF, 0xFF, 0xE0, 0x00, 0x01, 0xFF, 0xFF, 0xF8,
  0x00, 0x00, 0x7F, 0xFF, 0xFE, 0x00, 0x00, 0x1F, 0xFF, 0xFF, 0x80, 0x00,
  0x07, 0xFF, 0xFF, 0xE0, 0x00, 0x01, 0xFF, 0xFF, 0xF8, 0x00, 0x00, 0x7F,
  0xFF, 0xFE, 0x00, 0x00, 0x1F, 0xFF, 0xFF, 0x80, 0x00, 0x07, 0xFF, 0xFF,
  0xE0, 0x00, 0x01, 0xFF, 0xFF, 0xF8, 0x00, 0x00, 0x7F, 0xFF, 0xFE, 0x00,
  0x00, 0x1F, 0xFF, 0xFF, 0x80, 0x00, 0x07, 0xFF, 0xFF, 0xE0, 0x00, 0x01,
  0xFF, 0xFF, 0xF8, 0x00, 0x00, 0x7F, 0xFF, 0xFE, 0x00, 0x00, 0x1F, 0xFF,
  0xFF, 0x80, 0x00, 0x07, 0xFF, 0xFF, 0xE0, 0x00, 0x01, 0xFF, 0xFF, 0xF8,
  0x00, 0x00, 0x7F, 0xFF, 0xFE, 0x00, 0x00, 0x1F, 0xFF, 0xFF, 0x80, 0x00,
  0x07, 0xFF, 0xFF, 0xE0, 0x00, 0x01, 0xFF, 0xFF, 0xF8, 0x00, 0x00, 0x7F,
  0xFF, 0xFF, 0xFF, 0xFF, 0xFF, 0xFF, 0xFF, 0xFF, 0xFF, 0xFF, 0xFF, 0xFF,
  0xFF, 0xFF, 0xFF, 0xFF, 0xFF, 0xFF, 0xFF, 0xFF, 0xFF, 0xFF, 0xFF, 0xFF,
  0xFF, 0xFF, 0xFF, 0xFF, 0xFF, 0xFF, 0xFF, 0xFF, 0xFF, 0xFF, 0xFF, 0xFF,
  0xFF, 0xFF, 0xFF, 0xFF, 0xFF, 0xFF, 0xFF, 0xFE, 0x00, 0x00, 0x1F, 0xFF,
  0xFF, 0x80, 0x00, 0x07, 0xFF, 0xFF, 0xE0, 0x00, 0x01, 0xFF, 0xFF, 0xF8,
  0x00, 0x00, 0x7F, 0xFF, 0xFE, 0x00, 0x00, 0x1F, 0xFF, 0xFF, 0x80, 0x00,
  0x07, 0xFF, 0xFF, 0xE0, 0x00, 0x01, 0xFF, 0xFF, 0xF8, 0x00, 0x00, 0x7F,
  0xFF, 0xFE, 0x00, 0x00, 0x1F, 0xFF, 0xFF, 0x80, 0x00, 0x07, 0xFF, 0xFF,
  0xE0, 0x00, 0x01, 0xFF, 0xFF, 0xF8, 0x00, 0x00, 0x7F, 0xFF, 0xFE, 0x00,
  0x00, 0x1F, 0xFF, 0xFF, 0x80, 0x00, 0x07, 0xFF, 0xFF, 0xE0, 0x00, 0x01,
  0xFF, 0xFF, 0xF8, 0x00, 0x00, 0x7F, 0xFF, 0xFE, 0x00, 0x00, 0x1F, 0xFF,
  0xFF, 0x80, 0x00, 0x07, 0xFF, 0xFF, 0xE0, 0x00, 0x01, 0xFF, 0xFF, 0xF8,
  0x00, 0x00, 0x7F, 0xFF, 0xFE, 0x00, 0x00, 0x1F, 0xFF, 0xFF, 0x80, 0x00,
  0x07, 0xFF, 0xFF, 0xE0, 0x00, 0x01, 0xFF, 0xFF, 0xF8, 0x00, 0x00, 0x7F,
  0xFF, 0xFE, 0x00, 0x00, 0x1F, 0xFF, 0xFF, 0x80, 0x00, 0x07, 0xFF, 0xFF,
  0xE0, 0x00, 0x01, 0xFF, 0xFF, 0xF8, 0x00, 0x00, 0x7F, 0xFF, 0xFE, 0x00,
  0x00, 0x1F, 0xFF, 0xFF, 0x80, 0x00, 0x07, 0xFF, 0xFF, 0xE0, 0x00, 0x01,
  0xFF, 0xFF, 0xF8, 0x00, 0x00, 0x7F, 0xFF, 0xFE, 0x00, 0x00, 0x1F, 0xFF,
  0xFF, 0x80, 0x00, 0x07, 0xFF, 0xFF, 0xE0, 0x00, 0x01, 0xFF, 0xFF, 0xF8,
  0x00, 0x00, 0x7F, 0xFF, 0xFE, 0x00, 0x00, 0x1F, 0xFF, 0xFF, 0x80, 0x00,
  0x07, 0xFF, 0xFF, 0xFF, 0xFF, 0xFF, 0xFF, 0xFF, 0xFF, 0xFF, 0xFF, 0xFF,
  0xFF, 0xFF, 0xFF, 0xFF, 0xFF, 0xFF, 0xFF, 0xFF, 0xFF, 0xFF, 0xFF, 0xFF,
  0xFF, 0xFF, 0xFF, 0xFF, 0xFF, 0xFF, 0xFF, 0xFF, 0xFF, 0xFF, 0xFF, 0xFF,
  0xFF, 0xFF, 0xFF, 0xFF, 0xFF, 0xFF, 0xFF, 0xFF, 0xFF, 0xFF, 0xFF, 0xFF,
  0xFF, 0xFF, 0xFF, 0xFF, 0xFF, 0xFF, 0xFF, 0xFF, 0xFF, 0xFF, 0xFF, 0xFF,
  0xFF, 0xFF, 0xFF, 0xFF, 0xFF, 0xFF, 0xFF, 0xFF, 0xFF, 0xFF, 0xFF, 0xFF,
  0xFF, 0xFF, 0xFF, 0xFF, 0xFF, 0xFF, 0xFF, 0xFF, 0xFF, 0xFF, 0xFF, 0xFF,
  0xFF, 0xFF, 0xFF, 0xFF, 0xFF, 0xFF, 0xFF, 0xFF, 0xFF, 0xFF, 0xFF, 0xFF,
  0xFF, 0xFF, 0xFF, 0xFF, 0xFF, 0xFF, 0xFF, 0xFF, 0xFF, 0xFF, 0xFF, 0xFF,
  0xFF, 0xFF, 0xFF, 0xFF, 0x00, 0x0F, 0xFE, 0x00, 0x1F, 0xFC, 0x00, 0x3F,
  0xF8, 0x00, 0x7F, 0xF0, 0x00, 0xFF, 0xE0, 0x01, 0xFF, 0xC0, 0x03, 0xFF,
  0x80, 0x07, 0xFF, 0x00, 0x0F, 0xFE, 0x00, 0x1F, 0xFC, 0x00, 0x3F, 0xF8,
  0x00, 0x7F, 0xF0, 0x00, 0xFF, 0xE0, 0x01, 0xFF, 0xC0, 0x03, 0xFF, 0x80,
  0x07, 0xFF, 0x00, 0x0F, 0xFE, 0x00, 0x1F, 0xFC, 0x00, 0x3F, 0xF8, 0x00,
  0x7F, 0xF0, 0x00, 0xFF, 0xE0, 0x01, 0xFF, 0xC0, 0x03, 0xFF, 0x80, 0x07,
  0xFF, 0x00, 0x0F, 0xFE, 0x00, 0x1F, 0xFC, 0x00, 0x3F, 0xF8, 0x00, 0x7F,
  0xF0, 0x00, 0xFF, 0xE0, 0x01, 0xFF, 0xC0, 0x03, 0xFF, 0x80, 0x07, 0xFF,
  0x00, 0x0F, 0xFE, 0x00, 0x1F, 0xFC, 0x00, 0x3F, 0xF8, 0x00, 0x7F, 0xF0,
  0x00, 0xFF, 0xE0, 0x01, 0xFF, 0xC0, 0x03, 0xFF, 0x80, 0x07, 0xFF, 0x00,
  0x0F, 0xFE, 0x00, 0x1F, 0xFC, 0x00, 0x3F, 0xF8, 0x00, 0x7F, 0xF0, 0x00,
  0xFF, 0xE0, 0x01, 0xFF, 0xC0, 0x03, 0xFF, 0x80, 0x07, 0xFF, 0x00, 0x0F,
  0xFE, 0x00, 0x1F, 0xFC, 0x00, 0x3F, 0xF8, 0x00, 0x7F, 0xF0, 0x00, 0xFF,
  0xE0, 0x01, 0xFF, 0xC0, 0x03, 0xFF, 0x80, 0x07, 0xFF, 0x00, 0x0F, 0xFE,
  0x00, 0x1F, 0xFC, 0x00, 0x3F, 0xF8, 0x00, 0x7F, 0xF0, 0x00, 0xFF, 0xE0,
  0x01, 0xFF, 0xC0, 0x03, 0xFF, 0x80, 0x07, 0xFF, 0x00, 0x0F, 0xFE, 0x00,
  0x1F, 0xFC, 0x00, 0x3F, 0xF8, 0x00, 0x7F, 0xF0, 0x01, 0xFF, 0xE0, 0x03,
  0xFF, 0x80, 0x07, 0xFF, 0x00, 0x1F, 0xFE, 0x00, 0x7F, 0xFC, 0x07, 0xFF,
  0xF3, 0xFF, 0xFF, 0xE7, 0xFF, 0xFF, 0xCF, 0xFF, 0xFF, 0x1F, 0xFF, 0xFC,
  0x3F, 0xFF, 0xF0, 0x7F, 0xFF, 0xC0, 0xFF, 0xFE, 0x01, 0xFF, 0xE0, 0x00,
  0xFF, 0xE0, 0x00, 0x07, 0xFE, 0x3F, 0xF8, 0x00, 0x03, 0xFF, 0x8F, 0xFE,
  0x00, 0x00, 0xFF, 0xC3, 0xFF, 0x80, 0x00, 0x3F, 0xF0, 0xFF, 0xE0, 0x00,
  0x1F, 0xFC, 0x3F, 0xF8, 0x00, 0x07, 0xFE, 0x0F, 0xFE, 0x00, 0x03, 0xFF,
  0x83, 0xFF, 0x80, 0x00, 0xFF, 0xC0, 0xFF, 0xE0, 0x00, 0x7F, 0xF0, 0x3F,
  0xF8, 0x00, 0x1F, 0xF8, 0x0F, 0xFE, 0x00, 0x0F, 0xFE, 0x03, 0xFF, 0x80,
  0x03, 0xFF, 0x00, 0xFF, 0xE0, 0x01, 0xFF, 0xC0, 0x3F, 0xF8, 0x00, 0x7F,
  0xF0, 0x0F, 0xFE, 0x00, 0x3F, 0xF8, 0x03, 0xFF, 0x80, 0x0F, 0xFE, 0x00,
  0xFF, 0xE0, 0x07, 0xFF, 0x00, 0x3F, 0xF8, 0x01, 0xFF, 0xC0, 0x0F, 0xFE,
  0x00, 0xFF, 0xE0, 0x03, 0xFF, 0x80, 0x3F, 0xF8, 0x00, 0xFF, 0xE0, 0x1F,
  0xFC, 0x00, 0x3F, 0xF8, 0x07, 0xFF, 0x00, 0x0F, 0xFE, 0x03, 0xFF, 0xC0,
  0x03, 0xFF, 0x80, 0xFF, 0xE0, 0x00, 0xFF, 0xE0, 0x7F, 0xF8, 0x00, 0x3F,
  0xF8, 0x1F, 0xFC, 0x00, 0x0F, 0xFE, 0x0F, 0xFF, 0x00, 0x03, 0xFF, 0x83,
  0xFF, 0x80, 0x00, 0xFF, 0xE1, 0xFF, 0xE0, 0x00, 0x3F, 0xF8, 0x7F, 0xF0,
  0x00, 0x0F, 0xFE, 0x3F, 0xFC, 0x00, 0x03, 0xFF, 0x8F, 0xFF, 0x00, 0x00,
  0xFF, 0xE3, 0xFF, 0x80, 0x00, 0x3F, 0xF9, 0xFF, 0xE0, 0x00, 0x0F, 0xFE,
  0x7F, 0xF0, 0x00, 0x03, 0xFF, 0xBF, 0xFC, 0x00, 0x00, 0xFF, 0xEF, 0xFF,
  0x00, 0x00, 0x3F, 0xFF, 0xFF, 0xE0, 0x00, 0x0F, 0xFF, 0xFF, 0xF8, 0x00,
  0x03, 0xFF, 0xFF, 0xFF, 0x00, 0x00, 0xFF, 0xFF, 0xFF, 0xC0, 0x00, 0x3F,
  0xFF, 0xFF, 0xF0, 0x00, 0x0F, 0xFF, 0xFF, 0xFE, 0x00, 0x03, 0xFF, 0xFD,
  0xFF, 0x80, 0x00, 0xFF, 0xFE, 0x7F, 0xF0, 0x00, 0x3F, 0xFF, 0x1F, 0xFC,
  0x00, 0x0F, 0xFF, 0xC3, 0xFF, 0x00, 0x03, 0xFF, 0xE0, 0xFF, 0xE0, 0x00,
  0xFF, 0xF8, 0x1F, 0xF8, 0x00, 0x3F, 0xFC, 0x07, 0xFF, 0x00, 0x0F, 0xFF,
  0x01, 0xFF, 0xC0, 0x03, 0xFF, 0x80, 0x3F, 0xF0, 0x00, 0xFF, 0xE0, 0x0F,
  0xFE, 0x00, 0x3F, 0xF8, 0x01, 0xFF, 0x80, 0x0F, 0xFE, 0x00, 0x7F, 0xF0,
  0x03, 0xFF, 0x80, 0x1F, 0xFC, 0x00, 0xFF, 0xE0, 0x03, 0xFF, 0x00, 0x3F,
  0xF8, 0x00, 0xFF, 0xE0, 0x0F, 0xFE, 0x00, 0x1F, 0xF8, 0x03, 0xFF, 0x80,
  0x07, 0xFF, 0x00, 0xFF, 0xE0, 0x01, 0xFF, 0xC0, 0x3F, 0xF8, 0x00, 0x3F,
  0xF8, 0x0F, 0xFE, 0x00, 0x0F, 0xFE, 0x03, 0xFF, 0x80, 0x01, 0xFF, 0x80,
  0xFF, 0xE0, 0x00, 0x7F, 0xF0, 0x3F, 0xF8, 0x00, 0x1F, 0xFC, 0x0F, 0xFE,
  0x00, 0x03, 0xFF, 0x83, 0xFF, 0x80, 0x00, 0xFF, 0xE0, 0xFF, 0xE0, 0x00,
  0x1F, 0xF8, 0x3F, 0xF8, 0x00, 0x07, 0xFF, 0x0F, 0xFE, 0x00, 0x01, 0xFF,
  0xC3, 0xFF, 0x80, 0x00, 0x3F, 0xF8, 0xFF, 0xE0, 0x00, 0x0F, 0xFE, 0x3F,
  0xF8, 0x00, 0x01, 0xFF, 0x8F, 0xFE, 0x00, 0x00, 0x7F, 0xF3, 0xFF, 0x80,
  0x00, 0x1F, 0xFC, 0xFF, 0xE0, 0x00, 0x03, 0xFF, 0xBF, 0xF8, 0x00, 0x00,
  0xFF, 0xEF, 0xFE, 0x00, 0x00, 0x1F, 0xFB, 0xFF, 0x80, 0x00, 0x07, 0xFF,
  0xFF, 0xE0, 0x00, 0x00, 0xFF, 0xE0, 0x00, 0x00, 0xFF, 0xE0, 0x00, 0x00,
  0xFF, 0xE0, 0x00, 0x00, 0xFF, 0xE0, 0x00, 0x00, 0xFF, 0xE0, 0x00, 0x00,
  0xFF, 0xE0, 0x00, 0x00, 0xFF, 0xE0, 0x00, 0x00, 0xFF, 0xE0, 0x00, 0x00,
  0xFF, 0xE0, 0x00, 0x00, 0xFF, 0xE0, 0x00, 0x00, 0xFF, 0xE0, 0x00, 0x00,
  0xFF, 0xE0, 0x00, 0x00, 0xFF, 0xE0, 0x00, 0x00, 0xFF, 0xE0, 0x00, 0x00,
  0xFF, 0xE0, 0x00, 0x00, 0xFF, 0xE0, 0x00, 0x00, 0xFF, 0xE0, 0x00, 0x00,
  0xFF, 0xE0, 0x00, 0x00, 0xFF, 0xE0, 0x00, 0x00, 0xFF, 0xE0, 0x00, 0x00,
  0xFF, 0xE0, 0x00, 0x00, 0xFF, 0xE0, 0x00, 0x00, 0xFF, 0xE0, 0x00, 0x00,
  0xFF, 0xE0, 0x00, 0x00, 0xFF, 0xE0, 0x00, 0x00, 0xFF, 0xE0, 0x00, 0x00,
  0xFF, 0xE0, 0x00, 0x00, 0xFF, 0xE0, 0x00, 0x00, 0xFF, 0xE0, 0x00, 0x00,
  0xFF, 0xE0, 0x00, 0x00, 0xFF, 0xE0, 0x00, 0x00, 0xFF, 0xE0, 0x00, 0x00,
  0xFF, 0xE0, 0x00, 0x00, 0xFF, 0xE0, 0x00, 0x00, 0xFF, 0xE0, 0x00, 0x00,
  0xFF, 0xE0, 0x00, 0x00, 0xFF, 0xE0, 0x00, 0x00, 0xFF, 0xE0, 0x00, 0x00,
  0xFF, 0xE0, 0x00, 0x00, 0xFF, 0xE0, 0x00, 0x00, 0xFF, 0xE0, 0x00, 0x00,
  0xFF, 0xE0, 0x00, 0x00, 0xFF, 0xE0, 0x00, 0x00, 0xFF, 0xE0, 0x00, 0x00,
  0xFF, 0xE0, 0x00, 0x00, 0xFF, 0xE0, 0x00, 0x00, 0xFF, 0xE0, 0x00, 0x00,
  0xFF, 0xE0, 0x00, 0x00, 0xFF, 0xE0, 0x00, 0x00, 0xFF, 0xE0, 0x00, 0x00,
  0xFF, 0xE0, 0x00, 0x00, 0xFF, 0xE0, 0x00, 0x00, 0xFF, 0xE0, 0x00, 0x00,
  0xFF, 0xE0, 0x00, 0x00, 0xFF, 0xE0, 0x00, 0x00, 0xFF, 0xE0, 0x00, 0x00,
  0xFF, 0xE0, 0x00, 0x00, 0xFF, 0xE0, 0x00, 0x00, 0xFF, 0xE0, 0x00, 0x00,
  0xFF, 0xE0, 0x00, 0x00, 0xFF, 0xE0, 0x00, 0x00, 0xFF, 0xE0, 0x00, 0x00,
  0xFF, 0xE0, 0x00, 0x00, 0xFF, 0xE0, 0x00, 0x00, 0xFF, 0xE0, 0x00, 0x00,
  0xFF, 0xE0, 0x00, 0x00, 0xFF, 0xE0, 0x00, 0x00, 0xFF, 0xE0, 0x00, 0x00,
  0xFF, 0xE0, 0x00, 0x00, 0xFF, 0xE0, 0x00, 0x00, 0xFF, 0xE0, 0x00, 0x00,
  0xFF, 0xFF, 0xFF, 0xFF, 0xFF, 0xFF, 0xFF, 0xFF, 0xFF, 0xFF, 0xFF, 0xFF,
  0xFF, 0xFF, 0xFF, 0xFF, 0xFF, 0xFF, 0xFF, 0xFF, 0xFF, 0xFF, 0xFF, 0xFF,
  0xFF, 0xFF, 0xFF, 0xFF, 0xFF, 0xFF, 0xFF, 0xFF, 0x7F, 0xF0, 0x00, 0x00,
  0x00, 0xFF, 0xE7, 0xFF, 0x00, 0x00, 0x00, 0x0F, 0xFE, 0x7F, 0xF0, 0x00,
  0x00, 0x00, 0xFF, 0xE7, 0xFF, 0x80, 0x00, 0x00, 0x1F, 0xFE, 0x7F, 0xF8,
  0x00, 0x00, 0x01, 0xFF, 0xE7, 0xFF, 0x80, 0x00, 0x00, 0x1F, 0xFE, 0x7F,
  0xF8, 0x00, 0x00, 0x01, 0xFF, 0xE7, 0xFF, 0xC0, 0x00, 0x00, 0x1F, 0xFE,
  0x7F, 0xFC, 0x00, 0x00, 0x03, 0xFF, 0xE7, 0xFF, 0xC0, 0x00, 0x00, 0x3F,
  0xFE, 0x7F, 0xFC, 0x00, 0x00, 0x03, 0xFF, 0xE7, 0xFF, 0xC0, 0x00, 0x00,
  0x3F, 0xFE, 0x7F, 0xFE, 0x00, 0x00, 0x07, 0xFF, 0xE7, 0xFF, 0xE0, 0x00,
  0x00, 0x7F, 0xFE, 0x7F, 0xFE, 0x00, 0x00, 0x07, 0xFF, 0xE7, 0xFF, 0xE0,
  0x00, 0x00, 0x7F, 0xFE, 0x7F, 0xFF, 0x00, 0x00, 0x07, 0xFF, 0xE7, 0xFF,
  0xF0, 0x00, 0x00, 0xFF, 0xFE, 0x7F, 0xFF, 0x00, 0x00, 0x0F, 0xFF, 0xE7,
  0xFF, 0xF0, 0x00, 0x00, 0xFF, 0xFE, 0x7F, 0xFF, 0x00, 0x00, 0x0F, 0xFF,
  0xE7, 0xFF, 0xF8, 0x00, 0x01, 0xFF, 0xFE, 0x7F, 0xFF, 0x80, 0x00, 0x1F,
  0xFF, 0xE7, 0xFF, 0xF8, 0x00, 0x01, 0xFF, 0xFE, 0x7F, 0xBF, 0x80, 0x00,
  0x1F, 0xDF, 0xE7, 0xFB, 0xF8, 0x00, 0x01, 0xFD, 0xFE, 0x7F, 0xBF, 0xC0,
  0x00, 0x3F, 0xDF, 0xE7, 0xFB, 0xFC, 0x00, 0x03, 0xFD, 0xFE, 0x7F, 0x9F,
  0xC0, 0x00, 0x3F, 0x9F, 0xE7, 0xF9, 0xFC, 0x00, 0x03, 0xF9, 0xFE, 0xFF,
  0x9F, 0xE0, 0x00, 0x7F, 0x9F, 0xEF, 0xF9, 0xFE, 0x00, 0x07, 0xF9, 0xFF,
  0xFF, 0x8F, 0xE0, 0x00, 0x7F, 0x1F, 0xFF, 0xF8, 0xFE, 0x00, 0x07, 0xF1,
  0xFF, 0xFF, 0x8F, 0xE0, 0x00, 0x7F, 0x1F, 0xFF, 0xF8, 0xFF, 0x00, 0x0F,
  0xF1, 0xFF, 0xFF, 0x8F, 0xF0, 0x00, 0xFF, 0x1F, 0xFF, 0xF8, 0x7F, 0x00,
  0x0F, 0xE1, 0xFF, 0xFF, 0x87, 0xF0, 0x00, 0xFE, 0x1F, 0xFF, 0xF8, 0x7F,
  0x80, 0x0F, 0xE1, 0xFF, 0xFF, 0x87, 0xF8, 0x01, 0xFE, 0x1F, 0xFF, 0xF8,
  0x3F, 0x80, 0x1F, 0xC1, 0xFF, 0xFF, 0x83, 0xF8, 0x01, 0xFC, 0x1F, 0xFF,
  0xF8, 0x3F, 0x80, 0x1F, 0xC1, 0xFF, 0xFF, 0x83, 0xFC, 0x03, 0xFC, 0x1F,
  0xFF, 0xF8, 0x1F, 0xC0, 0x3F, 0x81, 0xFF, 0xFF, 0x81, 0xFC, 0x03, 0xF8,
  0x1F, 0xFF, 0xF8, 0x1F, 0xC0, 0x3F, 0x81, 0xFF, 0xFF, 0x81, 0xFC, 0x03,
  0xF8, 0x1F, 0xFF, 0xF8, 0x0F, 0xE0, 0x7F, 0x01, 0xFF, 0xFF, 0x80, 0xFE,
  0x07, 0xF0, 0x1F, 0xFF, 0xF8, 0x0F, 0xE0, 0x7F, 0x01, 0xFF, 0xFF, 0x80,
  0xFE, 0x07, 0xF0, 0x1F, 0xFF, 0xF8, 0x07, 0xF0, 0xFE, 0x01, 0xFF, 0xFF,
  0x80, 0x7F, 0x0F, 0xE0, 0x1F, 0xFF, 0xF8, 0x07, 0xF0, 0xFE, 0x01, 0xFF,
  0xFF, 0x80, 0x7F, 0x0F, 0xE0, 0x1F, 0xFF, 0xF8, 0x07, 0xF0, 0xFE, 0x01,
  0xFF, 0xFF, 0x80, 0x3F, 0x9F, 0xC0, 0x1F, 0xFF, 0xF8, 0x03, 0xF9, 0xFC,
  0x01, 0xFF, 0xFF, 0x80, 0x3F, 0x9F, 0xC0, 0x1F, 0xFF, 0xF8, 0x03, 0xF9,
  0xFC, 0x01, 0xFF, 0xFF, 0x80, 0x1F, 0x9F, 0x80, 0x1F, 0xFF, 0xF8, 0x01,
  0xFF, 0xF8, 0x01, 0xFF, 0xFF, 0x80, 0x1F, 0xFF, 0x80, 0x1F, 0xFF, 0xF8,
  0x01, 0xFF, 0xF8, 0x01, 0xFF, 0xFF, 0x80, 0x0F, 0xFF, 0x00, 0x1F, 0xFF,
  0xF8, 0x00, 0xFF, 0xF0, 0x01, 0xFF, 0xFF, 0x80, 0x0F, 0xFF, 0x00, 0x1F,
  0xFF, 0xF8, 0x00, 0xFF, 0xF0, 0x01, 0xFF, 0xFF, 0x80, 0x07, 0xFE, 0x00,
  0x1F, 0xFF, 0xF8, 0x00, 0x7F, 0xE0, 0x01, 0xFF, 0xFF, 0x80, 0x07, 0xFE,
  0x00, 0x1F, 0xFF, 0xF8, 0x00, 0x7F, 0xE0, 0x01, 0xFF, 0xFF, 0x80, 0x03,
  0xFC, 0x00, 0x1F, 0xFF, 0xF8, 0x00, 0x3F, 0xC0, 0x01, 0xFF, 0xFF, 0x80,
  0x03, 0xFC, 0x00, 0x1F, 0xFF, 0xF8, 0x00, 0x3F, 0xC0, 0x01, 0xFF, 0xFF,
  0x80, 0x03, 0xFC, 0x00, 0x1F, 0xFF, 0xF8, 0x00, 0x1F, 0x80, 0x01, 0xFF,
  0xFF, 0x00, 0x00, 0x03, 0xFF, 0xFF, 0x00, 0x00, 0x07, 0xFF, 0xFE, 0x00,
  0x00, 0x0F, 0xFF, 0xFC, 0x00, 0x00, 0x1F, 0xFF, 0xFC, 0x00, 0x00, 0x3F,
  0xFF, 0xF8, 0x00, 0x00, 0x7F, 0xFF, 0xF8, 0x00, 0x00, 0xFF, 0xFF, 0xF0,
  0x00, 0x01, 0xFF, 0xFF, 0xF0, 0x00, 0x03, 0xFF, 0xFF, 0xE0, 0x00, 0x07,
  0xFF, 0xFF, 0xC0, 0x00, 0x0F, 0xFF, 0xFF, 0xC0, 0x00, 0x1F, 0xFF, 0xFF,
  0x80, 0x00, 0x3F, 0xFF, 0xFF, 0x80, 0x00, 0x7F, 0xFF, 0xFF, 0x00, 0x00,
  0xFF, 0xFF, 0xFE, 0x00, 0x01, 0xFF, 0xFF, 0xFE, 0x00, 0x03, 0xFF, 0xFF,
  0xFC, 0x00, 0x07, 0xFF, 0xFF, 0xFC, 0x00, 0x0F, 0xFF, 0xFF, 0xF8, 0x00,
  0x1F, 0xFF, 0xFF, 0xF8, 0x00, 0x3F, 0xFF, 0xFF, 0xF0, 0x00, 0x7F, 0xFF,
  0xFF, 0xE0, 0x00, 0xFF, 0xFF, 0xFF, 0xE0, 0x01, 0xFF, 0xFF, 0xFF, 0xC0,
  0x03, 0xFF, 0xFF, 0xFF, 0xC0, 0x07, 0xFF, 0xFF, 0xFF, 0x80, 0x0F, 0xFF,
  0xFE, 0xFF, 0x00, 0x1F, 0xFF, 0xFD, 0xFF, 0x00, 0x3F, 0xFF, 0xF9, 0xFE,
  0x00, 0x7F, 0xFF, 0xF3, 0xFE, 0x00, 0xFF, 0xFF, 0xE7, 0xFC, 0x01, 0xFF,
  0xFF, 0xC7, 0xF8, 0x03, 0xFF, 0xFF, 0x8F, 0xF8, 0x07, 0xFF, 0xFF, 0x0F,
  0xF0, 0x0F, 0xFF, 0xFE, 0x1F, 0xF0, 0x1F, 0xFF, 0xFC, 0x3F, 0xE0, 0x3F,
  0xFF, 0xF8, 0x3F, 0xE0, 0x7F, 0xFF, 0xF0, 0x7F, 0xC0, 0xFF, 0xFF, 0xE0,
  0x7F, 0x81, 0xFF, 0xFF, 0xC0, 0xFF, 0x83, 0xFF, 0xFF, 0x80, 0xFF, 0x07,
  0xFF, 0xFF, 0x01, 0xFF, 0x0F, 0xFF, 0xFE, 0x03, 0xFE, 0x1F, 0xFF, 0xFC,
  0x03, 0xFC, 0x3F, 0xFF, 0xF8, 0x07, 0xFC, 0x7F, 0xFF, 0xF0, 0x07, 0xF8,
  0xFF, 0xFF, 0xE0, 0x0F, 0xF9, 0xFF, 0xFF, 0xC0, 0x1F, 0xF3, 0xFF, 0xFF,
  0x80, 0x1F, 0xF7, 0xFF, 0xFF, 0x00, 0x3F, 0xEF, 0xFF, 0xFE, 0x00, 0x3F,
  0xDF, 0xFF, 0xFC, 0x00, 0x7F, 0xFF, 0xFF, 0xF8, 0x00, 0xFF, 0xFF, 0xFF,
  0xF0, 0x00, 0xFF, 0xFF, 0xFF, 0xE0, 0x01, 0xFF, 0xFF, 0xFF, 0xC0, 0x01,
  0xFF, 0xFF, 0xFF, 0x80, 0x03, 0xFF, 0xFF, 0xFF, 0x00, 0x07, 0xFF, 0xFF,
  0xFE, 0x00, 0x07, 0xFF, 0xFF, 0xFC, 0x00, 0x0F, 0xFF, 0xFF, 0xF8, 0x00,
  0x0F, 0xFF, 0xFF, 0xF0, 0x00, 0x1F, 0xFF, 0xFF, 0xE0, 0x00, 0x3F, 0xFF,
  0xFF, 0xC0, 0x00, 0x3F, 0xFF, 0xFF, 0x80, 0x00, 0x7F, 0xFF, 0xFF, 0x00,
  0x00, 0x7F, 0xFF, 0xFE, 0x00, 0x00, 0xFF, 0xFF, 0xFC, 0x00, 0x01, 0xFF,
  0xFF, 0xF8, 0x00, 0x01, 0xFF, 0xFF, 0xF0, 0x00, 0x03, 0xFF, 0xFF, 0xE0,
  0x00, 0x03, 0xFF, 0xFF, 0xC0, 0x00, 0x07, 0xFF, 0xFF, 0x80, 0x00, 0x0F,
  0xFF, 0xFF, 0x00, 0x00, 0x0F, 0xFF, 0xFE, 0x00, 0x00, 0x1F, 0xFF, 0xFC,
  0x00, 0x00, 0x1F, 0xFF, 0xF8, 0x00, 0x00, 0x3F, 0xFF, 0xF0, 0x00, 0x00,
  0x7F, 0xFF, 0xE0, 0x00, 0x00, 0x7F, 0x00, 0x00, 0x04, 0x00, 0x00, 0x00,
  0x00, 0xFF, 0xFF, 0x80, 0x00, 0x00, 0x7F, 0xFF, 0xFC, 0x00, 0x00, 0x3F,
  0xFF, 0xFF, 0xE0, 0x00, 0x1F, 0xFF, 0xFF, 0xFE, 0x00, 0x07, 0xFF, 0xFF,
  0xFF, 0xF0, 0x01, 0xFF, 0xFF, 0xFF, 0xFF, 0x00, 0x3F, 0xFF, 0xFF, 0xFF,
  0xE0, 0x0F, 0xFF, 0xFF, 0xFF, 0xFE, 0x03, 0xFF, 0xE0, 0x03, 0xFF, 0xE0,
  0x7F, 0xF0, 0x00, 0x3F, 0xFC, 0x1F, 0xFE, 0x00, 0x03, 0xFF, 0xC3, 0xFF,
  0x80, 0x00, 0x3F, 0xF8, 0x7F, 0xE0, 0x00, 0x03, 0xFF, 0x1F, 0xFC, 0x00,
  0x00, 0x7F, 0xF3, 0xFF, 0x80, 0x00, 0x0F, 0xFE, 0x7F, 0xE0, 0x00, 0x01,
  0xFF, 0xCF, 0xFC, 0x00, 0x00, 0x1F, 0xFB, 0xFF, 0x80, 0x00, 0x03, 0xFF,
  0x7F, 0xF0, 0x00, 0x00, 0x7F, 0xFF, 0xFE, 0x00, 0x00, 0x0F, 0xFF, 0xFF,
  0xC0, 0x00, 0x01, 0xFF, 0xFF, 0xF8, 0x00, 0x00, 0x3F, 0xFF, 0xFF, 0x00,
  0x00, 0x07, 0xFF, 0xFF, 0xE0, 0x00, 0x00, 0xFF, 0xFF, 0xFC, 0x00, 0x00,
  0x1F, 0xFF, 0xFF, 0x80, 0x00, 0x03, 0xFF, 0xFF, 0xF0, 0x00, 0x00, 0x7F,
  0xFF, 0xFE, 0x00, 0x00, 0x0F, 0xFF, 0xFF, 0xC0, 0x00, 0x01, 0xFF, 0xFF,
  0xF8, 0x00, 0x00, 0x3F, 0xFF, 0xFF, 0x00, 0x00, 0x07, 0xFF, 0xFF, 0xE0,
  0x00, 0x00, 0xFF, 0xFF, 0xFC, 0x00, 0x00, 0x1F, 0xFF, 0xFF, 0x80, 0x00,
  0x03, 0xFF, 0xFF, 0xF0, 0x00, 0x00, 0x7F, 0xFF, 0xFE, 0x00, 0x00, 0x0F,
  0xFF, 0xFF, 0xC0, 0x00, 0x01, 0xFF, 0xFF, 0xF8, 0x00, 0x00, 0x3F, 0xFF,
  0xFF, 0x00, 0x00, 0x07, 0xFF, 0xFF, 0xE0, 0x00, 0x00, 0xFF, 0xFF, 0xFC,
  0x00, 0x00, 0x1F, 0xFF, 0xFF, 0x80, 0x00, 0x03, 0xFF, 0xFF, 0xF0, 0x00,
  0x00, 0x7F, 0xFF, 0xFE, 0x00, 0x00, 0x0F, 0xFF, 0xFF, 0xC0, 0x00, 0x01,
  0xFF, 0xFF, 0xF8, 0x00, 0x00, 0x3F, 0xFF, 0xFF, 0x00, 0x00, 0x07, 0xFF,
  0xFF, 0xE0, 0x00, 0x00, 0xFF, 0xFF, 0xFC, 0x00, 0x00, 0x1F, 0xFF, 0xFF,
  0x80, 0x00, 0x03, 0xFF, 0xFF, 0xF0, 0x00, 0x00, 0x7F, 0xFF, 0xFE, 0x00,
  0x00, 0x0F, 0xFF, 0xFF, 0xC0, 0x00, 0x01, 0xFF, 0xFF, 0xF8, 0x00, 0x00,
  0x3F, 0xFF, 0xFF, 0x00, 0x00, 0x07, 0xFF, 0xFF, 0xE0, 0x00, 0x00, 0xFF,
  0xFF, 0xFC, 0x00, 0x00, 0x1F, 0xFF, 0xFF, 0x80, 0x00, 0x03, 0xFF, 0xFF,
  0xF0, 0x00, 0x00, 0x7F, 0xFF, 0xFE, 0x00, 0x00, 0x0F, 0xFF, 0xFF, 0xC0,
  0x00, 0x01, 0xFF, 0xFF, 0xF8, 0x00, 0x00, 0x3F, 0xFF, 0xFF, 0x00, 0x00,
  0x07, 0xFE, 0x7F, 0xE0, 0x00, 0x01, 0xFF, 0xCF, 0xFE, 0x00, 0x00, 0x3F,
  0xF9, 0xFF, 0xC0, 0x00, 0x07, 0xFF, 0x3F, 0xF8, 0x00, 0x00, 0xFF, 0xE3,
  0xFF, 0x80, 0x00, 0x3F, 0xF8, 0x7F, 0xF0, 0x00, 0x07, 0xFF, 0x0F, 0xFF,
  0x00, 0x01, 0xFF, 0xE0, 0xFF, 0xF0, 0x00, 0x7F, 0xF8, 0x1F, 0xFF, 0xC0,
  0x3F, 0xFF, 0x01, 0xFF, 0xFF, 0xFF, 0xFF, 0xC0, 0x3F, 0xFF, 0xFF, 0xFF,
  0xF0, 0x03, 0xFF, 0xFF, 0xFF, 0xFE, 0x00, 0x3F, 0xFF, 0xFF, 0xFF, 0x80,
  0x03, 0xFF, 0xFF, 0xFF, 0xE0, 0x00, 0x3F, 0xFF, 0xFF, 0xF8, 0x00, 0x01,
  0xFF, 0xFF, 0xFC, 0x00, 0x00, 0x0F, 0xFF, 0xFE, 0x00, 0x00, 0x00, 0x1F,
  0xFC, 0x00, 0x00, 0xFF, 0xFF, 0xFF, 0x80, 0x01, 0xFF, 0xFF, 0xFF, 0xF0,
  0x03, 0xFF, 0xFF, 0xFF, 0xF8, 0x07, 0xFF, 0xFF, 0xFF, 0xF8, 0x0F, 0xFF,
  0xFF, 0xFF, 0xF8, 0x1F, 0xFF, 0xFF, 0xFF, 0xF8, 0x3F, 0xFF, 0xFF, 0xFF,
  0xF8, 0x7F, 0xFF, 0xFF, 0xFF, 0xF8, 0xFF, 0xE0, 0x03, 0xFF, 0xF1, 0xFF,
  0xC0, 0x00, 0xFF, 0xF3, 0xFF, 0x80, 0x00, 0xFF, 0xE7, 0xFF, 0x00, 0x00,
  0xFF, 0xEF, 0xFE, 0x00, 0x00, 0xFF, 0xDF, 0xFC, 0x00, 0x01, 0xFF, 0xBF,
  0xF8, 0x00, 0x03, 0xFF, 0x7F, 0xF0, 0x00, 0x03, 0xFE, 0xFF, 0xE0, 0x00,
  0x07, 0xFF, 0xFF, 0xC0, 0x00, 0x0F, 0xFF, 0xFF, 0x80, 0x00, 0x1F, 0xFF,
  0xFF, 0x00, 0x00, 0x3F, 0xFF, 0xFE, 0x00, 0x00, 0x7F, 0xFF, 0xFC, 0x00,
  0x00, 0xFF, 0xFF, 0xF8, 0x00, 0x01, 0xFF, 0xFF, 0xF0, 0x00, 0x03, 0xFF,
  0xFF, 0xE0, 0x00, 0x07, 0xFF, 0xFF, 0xC0, 0x00, 0x0F, 0xFF, 0xFF, 0x80,
  0x00, 0x1F, 0xFF, 0xFF, 0x00, 0x00, 0x3F, 0xFF, 0xFE, 0x00, 0x00, 0xFF,
  0xDF, 0xFC, 0x00, 0x01, 0xFF, 0xBF, 0xF8, 0x00, 0x03, 0xFF, 0x7F, 0xF0,
  0x00, 0x0F, 0xFE, 0xFF, 0xE0, 0x00, 0x3F, 0xF9, 0xFF, 0xC0, 0x00, 0xFF,
  0xF3, 0xFF, 0x80, 0x0F, 0xFF, 0xC7, 0xFF, 0xFF, 0xFF, 0xFF, 0x8F, 0xFF,
  0xFF, 0xFF, 0xFE, 0x1F, 0xFF, 0xFF, 0xFF, 0xF8, 0x3F, 0xFF, 0xFF, 0xFF,
  0xE0, 0x7F, 0xFF, 0xFF, 0xFF, 0x80, 0xFF, 0xFF, 0xFF, 0xFC, 0x01, 0xFF,
  0xFF, 0xFF, 0xE0, 0x03, 0xFF, 0xFF, 0xFE, 0x00, 0x07, 0xFF, 0x00, 0x00,
  0x00, 0x0F, 0xFE, 0x00, 0x00, 0x00, 0x1F, 0xFC, 0x00, 0x00, 0x00, 0x3F,
  0xF8, 0x00, 0x00, 0x00, 0x7F, 0xF0, 0x00, 0x00, 0x00, 0xFF, 0xE0, 0x00,
  0x00, 0x01, 0xFF, 0xC0, 0x00, 0x00, 0x03, 0xFF, 0x80, 0x00, 0x00, 0x07,
  0xFF, 0x00, 0x00, 0x00, 0x0F, 0xFE, 0x00, 0x00, 0x00, 0x1F, 0xFC, 0x00,
  0x00, 0x00, 0x3F, 0xF8, 0x00, 0x00, 0x00, 0x7F, 0xF0, 0x00, 0x00, 0x00,
  0xFF, 0xE0, 0x00, 0x00, 0x01, 0xFF, 0xC0, 0x00, 0x00, 0x03, 0xFF, 0x80,
  0x00, 0x00, 0x07, 0xFF, 0x00, 0x00, 0x00, 0x0F, 0xFE, 0x00, 0x00, 0x00,
  0x1F, 0xFC, 0x00, 0x00, 0x00, 0x3F, 0xF8, 0x00, 0x00, 0x00, 0x7F, 0xF0,
  0x00, 0x00, 0x00, 0xFF, 0xE0, 0x00, 0x00, 0x01, 0xFF, 0xC0, 0x00, 0x00,
  0x03, 0xFF, 0x80, 0x00, 0x00, 0x07, 0xFF, 0x00, 0x00, 0x00, 0x0F, 0xFE,
  0x00, 0x00, 0x00, 0x1F, 0xFC, 0x00, 0x00, 0x00, 0x3F, 0xF8, 0x00, 0x00,
  0x00, 0x7F, 0xF0, 0x00, 0x00, 0x00, 0xFF, 0xE0, 0x00, 0x00, 0x01, 0xFF,
  0xC0, 0x00, 0x00, 0x03, 0xFF, 0x80, 0x00, 0x00, 0x07, 0xFF, 0x00, 0x00,
  0x00, 0x0F, 0xFE, 0x00, 0x00, 0x00, 0x1F, 0xFC, 0x00, 0x00, 0x00, 0x3F,
  0xF8, 0x00, 0x00, 0x00, 0x7F, 0xF0, 0x00, 0x00, 0x00, 0x00, 0x00, 0x04,
  0x00, 0x00, 0x00, 0x00, 0xFF, 0xFF, 0x80, 0x00, 0x00, 0x7F, 0xFF, 0xFC,
  0x00, 0x00, 0x3F, 0xFF, 0xFF, 0xE0, 0x00, 0x1F, 0xFF, 0xFF, 0xFE, 0x00,
  0x07, 0xFF, 0xFF, 0xFF, 0xF0, 0x01, 0xFF, 0xFF, 0xFF, 0xFF, 0x00, 0x3F,
  0xFF, 0xFF, 0xFF, 0xE0, 0x0F, 0xFF, 0xFF, 0xFF, 0xFE, 0x03, 0xFF, 0xE0,
  0x03, 0xFF, 0xE0, 0x7F, 0xF0, 0x00, 0x3F, 0xFC, 0x1F, 0xFE, 0x00, 0x03,
  0xFF, 0xC3, 0xFF, 0x80, 0x00, 0x3F, 0xF8, 0x7F, 0xE0, 0x00, 0x03, 0xFF,
  0x1F, 0xFC, 0x00, 0x00, 0x7F, 0xF3, 0xFF, 0x80, 0x00, 0x0F, 0xFE, 0x7F,
  0xE0, 0x00, 0x01, 0xFF, 0xCF, 0xFC, 0x00, 0x00, 0x1F, 0xFB, 0xFF, 0x80,
  0x00, 0x03, 0xFF, 0x7F, 0xF0, 0x00, 0x00, 0x7F, 0xFF, 0xFE, 0x00, 0x00,
  0x0F, 0xFF, 0xFF, 0xC0, 0x00, 0x01, 0xFF, 0xFF, 0xF8, 0x00, 0x00, 0x3F,
  0xFF, 0xFF, 0x00, 0x00, 0x07, 0xFF, 0xFF, 0xE0, 0x00, 0x00, 0xFF, 0xFF,
  0xFC, 0x00, 0x00, 0x1F, 0xFF, 0xFF, 0x80, 0x00, 0x03, 0xFF, 0xFF, 0xF0,
  0x00, 0x00, 0x7F, 0xFF, 0xFE, 0x00, 0x00, 0x0F, 0xFF, 0xFF, 0xC0, 0x00,
  0x01, 0xFF, 0xFF, 0xF8, 0x00, 0x00, 0x3F, 0xFF, 0xFF, 0x00, 0x00, 0x07,
  0xFF, 0xFF, 0xE0, 0x00, 0x00, 0xFF, 0xFF, 0xFC, 0x00, 0x00, 0x1F, 0xFF,
  0xFF, 0x80, 0x00, 0x03, 0xFF, 0xFF, 0xF0, 0x00, 0x00, 0x7F, 0xFF, 0xFE,
  0x00, 0x00, 0x0F, 0xFF, 0xFF, 0xC0, 0x00, 0x01, 0xFF, 0xFF, 0xF8, 0x00,
  0x00, 0x3F, 0xFF, 0xFF, 0x00, 0x00, 0x07, 0xFF, 0xFF, 0xE0, 0x00, 0x00,
  0xFF, 0xFF, 0xFC, 0x00, 0x00, 0x1F, 0xFF, 0xFF, 0x80, 0x00, 0x03, 0xFF,
  0xFF, 0xF0, 0x00, 0x00, 0x7F, 0xFF, 0xFE, 0x00, 0x00, 0x0F, 0xFF, 0xFF,
  0xC0, 0x00, 0x01, 0xFF, 0xFF, 0xF8, 0x00, 0x00, 0x3F, 0xFF, 0xFF, 0x00,
  0x00, 0x07, 0xFF, 0xFF, 0xE0, 0x00, 0x00, 0xFF, 0xFF, 0xFC, 0x00, 0x00,
  0x1F, 0xFF, 0xFF, 0x80, 0x00, 0x03, 0xFF, 0xFF, 0xF0, 0x00, 0x00, 0x7F,
  0xFF, 0xFE, 0x00, 0x00, 0x0F, 0xFF, 0xFF, 0xC0, 0x00, 0x01, 0xFF, 0xFF,
  0xF8, 0x00, 0x00, 0x3F, 0xFF, 0xFF, 0x00, 0x00, 0x07, 0xFF, 0xFF, 0xE0,
  0x00, 0x00, 0xFF, 0xFF, 0xFC, 0x00, 0x00, 0x1F, 0xFF, 0xFF, 0x80, 0x00,
  0x03, 0xFF, 0xFF, 0xF0, 0x00, 0x00, 0x7F, 0xFF, 0xFE, 0x00, 0x00, 0x0F,
  0xFF, 0xFF, 0xC0, 0x00, 0x01, 0xFF, 0xFF, 0xF8, 0x00, 0x00, 0x3F, 0xFF,
  0xFF, 0x00, 0x00, 0x07, 0xFE, 0x7F, 0xE0, 0x00, 0x00, 0xFF, 0xCF, 0xFE,
  0x00, 0x00, 0x3F, 0xF9, 0xFF, 0xC0, 0x00, 0x07, 0xFF, 0x3F, 0xF8, 0x00,
  0x00, 0xFF, 0xE3, 0xFF, 0x80, 0x00, 0x3F, 0xF8, 0x7F, 0xF0, 0x00, 0x07,
  0xFF, 0x0F, 0xFF, 0x00, 0x01, 0xFF, 0xE0, 0xFF, 0xF0, 0x00, 0x7F, 0xF8,
  0x1F, 0xFF, 0xC0, 0x3F, 0xFF, 0x01, 0xFF, 0xFF, 0xFF, 0xFF, 0xC0, 0x3F,
  0xFF, 0xFF, 0xFF, 0xF0, 0x03, 0xFF, 0xFF, 0xFF, 0xFE, 0x00, 0x3F, 0xFF,
  0xFF, 0xFF, 0x80, 0x03, 0xFF, 0xFF, 0xFF, 0xE0, 0x00, 0x3F, 0xFF, 0xFF,
  0xF0, 0x00, 0x01, 0xFF, 0xFF, 0xFC, 0x00, 0x00, 0x0F, 0xFF, 0xFF, 0x00,
  0x00, 0x00, 0x1F, 0xFF, 0xF0, 0x00, 0x00, 0x00, 0x03, 0xFE, 0x00, 0x00,
  0x00, 0x00, 0x7F, 0xE0, 0x00, 0x00, 0x00, 0x07, 0xFE, 0x00, 0x00, 0x00,
  0x00, 0x7F, 0xE0, 0x00, 0x00, 0x00, 0x07, 0xFE, 0x00, 0x00, 0x00, 0x00,
  0xFF, 0xE0, 0x00, 0x00, 0x00, 0x0F, 0xFE, 0x00, 0x00, 0x00, 0x00, 0xFF,
  0xC0, 0x00, 0x00, 0x00, 0x0F, 0xF8, 0x00, 0x00, 0x00, 0x01, 0xFF, 0x00,
  0x00, 0x00, 0x00, 0x1F, 0xC0, 0x00, 0x00, 0x00, 0x01, 0xF8, 0x00, 0x00,
  0x00, 0x00, 0x1F, 0x00, 0x00, 0x00, 0x00, 0x00, 0xE0, 0x00, 0x00, 0x00,
  0x00, 0x0C, 0x00, 0xFF, 0xFF, 0xFE, 0x00, 0x00, 0xFF, 0xFF, 0xFF, 0xE0,
  0x00, 0xFF, 0xFF, 0xFF, 0xFC, 0x00, 0xFF, 0xFF, 0xFF, 0xFE, 0x00, 0xFF,
  0xFF, 0xFF, 0xFF, 0x80, 0xFF, 0xFF, 0xFF, 0xFF, 0xC0, 0xFF, 0xFF, 0xFF,
  0xFF, 0xE0, 0xFF, 0xFF, 0xFF, 0xFF, 0xF0, 0xFF, 0xE0, 0x07, 0xFF, 0xF0,
  0xFF, 0xE0, 0x00, 0xFF, 0xF8, 0xFF, 0xE0, 0x00, 0x3F, 0xF8, 0xFF, 0xE0,
  0x00, 0x1F, 0xFC, 0xFF, 0xE0, 0x00, 0x1F, 0xFC, 0xFF, 0xE0, 0x00, 0x0F,
  0xFC, 0xFF, 0xE0, 0x00, 0x0F, 0xFC, 0xFF, 0xE0, 0x00, 0x0F, 0xFE, 0xFF,
  0xE0, 0x00, 0x07, 0xFE, 0xFF, 0xE0, 0x00, 0x07, 0xFE, 0xFF, 0xE0, 0x00,
  0x07, 0xFE, 0xFF, 0xE0, 0x00, 0x07, 0xFE, 0xFF, 0xE0, 0x00, 0x07, 0xFE,
  0xFF, 0xE0, 0x00, 0x07, 0xFE, 0xFF, 0xE0, 0x00, 0x07, 0xFE, 0xFF, 0xE0,
  0x00, 0x07, 0xFE, 0xFF, 0xE0, 0x00, 0x07, 0xFE, 0xFF, 0xE0, 0x00, 0x07,
  0xFE, 0xFF, 0xE0, 0x00, 0x07, 0xFE, 0xFF, 0xE0, 0x00, 0x0F, 0xFE, 0xFF,
  0xE0, 0x00, 0x0F, 0xFC, 0xFF, 0xE0, 0x00, 0x0F, 0xFC, 0xFF, 0xE0, 0x00,
  0x1F, 0xFC, 0xFF, 0xE0, 0x00, 0x3F, 0xFC, 0xFF, 0xE0, 0x00, 0x7F, 0xF8,
  0xFF, 0xE0, 0x00, 0xFF, 0xF8, 0xFF, 0xE0, 0x07, 0xFF, 0xF0, 0xFF, 0xFF,
  0xFF, 0xFF, 0xF0, 0xFF, 0xFF, 0xFF, 0xFF, 0xE0, 0xFF, 0xFF, 0xFF, 0xFF,
  0xC0, 0xFF, 0xFF, 0xFF, 0xFF, 0x80, 0xFF, 0xFF, 0xFF, 0xFF, 0x00, 0xFF,
  0xFF, 0xFF, 0xFC, 0x00, 0xFF, 0xFF, 0xFF, 0xFC, 0x00, 0xFF, 0xFF, 0xFF,
  0xFC, 0x00, 0xFF, 0xE0, 0x0F, 0xFE, 0x00, 0xFF, 0xE0, 0x0F, 0xFE, 0x00,
  0xFF, 0xE0, 0x07, 0xFE, 0x00, 0xFF, 0xE0, 0x07, 0xFE, 0x00, 0xFF, 0xE0,
  0x07, 0xFF, 0x00, 0xFF, 0xE0, 0x07, 0xFF, 0x00, 0xFF, 0xE0, 0x03, 0xFF,
  0x00, 0xFF, 0xE0, 0x03, 0xFF, 0x80, 0xFF, 0xE0, 0x03, 0xFF, 0x80, 0xFF,
  0xE0, 0x01, 0xFF, 0x80, 0xFF, 0xE0, 0x01, 0xFF, 0x80, 0xFF, 0xE0, 0x01,
  0xFF, 0xC0, 0xFF, 0xE0, 0x01, 0xFF, 0xC0, 0xFF, 0xE0, 0x00, 0xFF, 0xC0,
  0xFF, 0xE0, 0x00, 0xFF, 0xC0, 0xFF, 0xE0, 0x00, 0xFF, 0xE0, 0xFF, 0xE0,
  0x00, 0x7F, 0xE0, 0xFF, 0xE0, 0x00, 0x7F, 0xE0, 0xFF, 0xE0, 0x00, 0x7F,
  0xE0, 0xFF, 0xE0, 0x00, 0x7F, 0xF0, 0xFF, 0xE0, 0x00, 0x3F, 0xF0, 0xFF,
  0xE0, 0x00, 0x3F, 0xF0, 0xFF, 0xE0, 0x00, 0x3F, 0xF8, 0xFF, 0xE0, 0x00,
  0x1F, 0xF8, 0xFF, 0xE0, 0x00, 0x1F, 0xF8, 0xFF, 0xE0, 0x00, 0x1F, 0xF8,
  0xFF, 0xE0, 0x00, 0x1F, 0xFC, 0xFF, 0xE0, 0x00, 0x0F, 0xFC, 0xFF, 0xE0,
  0x00, 0x0F, 0xFC, 0xFF, 0xE0, 0x00, 0x0F, 0xFC, 0xFF, 0xE0, 0x00, 0x07,
  0xFE, 0xFF, 0xE0, 0x00, 0x07, 0xFE, 0xFF, 0xE0, 0x00, 0x07, 0xFE, 0xFF,
  0xE0, 0x00, 0x07, 0xFF, 0xFF, 0xE0, 0x00, 0x03, 0xFF, 0xFF, 0xE0, 0x00,
  0x03, 0xFF, 0xFF, 0xE0, 0x00, 0x03, 0xFF, 0x00, 0x00, 0x20, 0x00, 0x00,
  0x00, 0x0F, 0xFF, 0xC0, 0x00, 0x00, 0x7F, 0xFF, 0xF8, 0x00, 0x01, 0xFF,
  0xFF, 0xFE, 0x00, 0x03, 0xFF, 0xFF, 0xFF, 0x00, 0x07, 0xFF, 0xFF, 0xFF,
  0x80, 0x0F, 0xFF, 0xFF, 0xFF, 0xC0, 0x1F, 0xFF, 0xFF, 0xFF, 0xE0, 0x3F,
  0xFF, 0xFF, 0xFF, 0xE0, 0x3F, 0xFC, 0x00, 0xFF, 0xF0, 0x7F, 0xF8, 0x00,
  0x7F, 0xF0, 0x7F, 0xF0, 0x00, 0x3F, 0xF8, 0x7F, 0xE0, 0x00, 0x1F, 0xF8,
  0x7F, 0xE0, 0x00, 0x1F, 0xF8, 0xFF, 0xC0, 0x00, 0x0F, 0xFC, 0xFF, 0xC0,
  0x00, 0x0F, 0xFC, 0xFF, 0xC0, 0x00, 0x07, 0xFC, 0xFF, 0xC0, 0x00, 0x07,
  0xFC, 0xFF, 0xC0, 0x00, 0x07, 0xFE, 0xFF, 0xC0, 0x00, 0x07, 0xFE, 0xFF,
  0xC0, 0x00, 0x07, 0xFE, 0xFF, 0xE0, 0x00, 0x07, 0xF0, 0xFF, 0xE0, 0x00,
  0x03, 0x00, 0xFF, 0xE0, 0x00, 0x00, 0x00, 0xFF, 0xF0, 0x00, 0x00, 0x00,
  0x7F, 0xF8, 0x00, 0x00, 0x00, 0x7F, 0xF8, 0x00, 0x00, 0x00, 0x7F, 0xFC,
  0x00, 0x00, 0x00, 0x3F, 0xFE, 0x00, 0x00, 0x00, 0x3F, 0xFF, 0x80, 0x00,
  0x00, 0x1F, 0xFF, 0xC0, 0x00, 0x00, 0x1F, 0xFF, 0xE0, 0x00, 0x00, 0x0F,
  0xFF, 0xF0, 0x00, 0x00, 0x07, 0xFF, 0xF8, 0x00, 0x00, 0x03, 0xFF, 0xFC,
  0x00, 0x00, 0x01, 0xFF, 0xFE, 0x00, 0x00, 0x00, 0xFF, 0xFF, 0x00, 0x00,
  0x00, 0x7F, 0xFF, 0xC0, 0x00, 0x00, 0x3F, 0xFF, 0xE0, 0x00, 0x00, 0x1F,
  0xFF, 0xF0, 0x00, 0x00, 0x0F, 0xFF, 0xF8, 0x00, 0x00, 0x07, 0xFF, 0xFC,
  0x00, 0x00, 0x01, 0xFF, 0xFE, 0x00, 0x00, 0x00, 0xFF, 0xFF, 0x00, 0x00,
  0x00, 0x7F, 0xFF, 0x80, 0x00, 0x00, 0x3F, 0xFF, 0xC0, 0x00, 0x00, 0x1F,
  0xFF, 0xC0, 0x00, 0x00, 0x0F, 0xFF, 0xE0, 0x00, 0x00, 0x07, 0xFF, 0xF0,
  0x00, 0x00, 0x03, 0xFF, 0xF0, 0x00, 0x00, 0x00, 0xFF, 0xF8, 0x00, 0x00,
  0x00, 0x7F, 0xFC, 0x00, 0x00, 0x00, 0x7F, 0xFC, 0x00, 0x00, 0x00, 0x3F,
  0xFC, 0x00, 0x00, 0x00, 0x1F, 0xFE, 0x00, 0x00, 0x00, 0x0F, 0xFE, 0x01,
  0xC0, 0x00, 0x0F, 0xFE, 0x1F, 0xC0, 0x00, 0x07, 0xFF, 0xFF, 0xC0, 0x00,
  0x07, 0xFF, 0xFF, 0xC0, 0x00, 0x03, 0xFF, 0xFF, 0xC0, 0x00, 0x03, 0xFF,
  0xFF, 0xC0, 0x00, 0x03, 0xFF, 0xFF, 0xE0, 0x00, 0x03, 0xFF, 0xFF, 0xE0,
  0x00, 0x03, 0xFF, 0xFF, 0xE0, 0x00, 0x03, 0xFF, 0x7F, 0xF0, 0x00, 0x03,
  0xFF, 0x7F, 0xF0, 0x00, 0x03, 0xFF, 0x7F, 0xF0, 0x00, 0x07, 0xFF, 0x7F,
  0xF8, 0x00, 0x07, 0xFE, 0x3F, 0xFC, 0x00, 0x07, 0xFE, 0x3F, 0xFE, 0x00,
  0x0F, 0xFE, 0x1F, 0xFF, 0x00, 0x1F, 0xFC, 0x1F, 0xFF, 0xC0, 0x7F, 0xFC,
  0x0F, 0xFF, 0xFF, 0xFF, 0xF8, 0x07, 0xFF, 0xFF, 0xFF, 0xF8, 0x07, 0xFF,
  0xFF, 0xFF, 0xF0, 0x03, 0xFF, 0xFF, 0xFF, 0xE0, 0x01, 0xFF, 0xFF, 0xFF,
  0xC0, 0x00, 0x7F, 0xFF, 0xFF, 0x80, 0x00, 0x3F, 0xFF, 0xFE, 0x00, 0x00,
  0x0F, 0xFF, 0xF8, 0x00, 0x00, 0x00, 0xFF, 0xC0, 0x00, 0xFF, 0xFF, 0xFF,
  0xFF, 0xFF, 0xFF, 0xFF, 0xFF, 0xFF, 0xFF, 0xFF, 0xFF, 0xFF, 0xFF, 0xFF,
  0xFF, 0xFF, 0xFF, 0xFF, 0xFF, 0xFF, 0xFF, 0xFF, 0xFF, 0xFF, 0xFF, 0xFF,
  0xFF, 0xFF, 0xFF, 0xFF, 0xFF, 0xFF, 0xFF, 0xFF, 0xFF, 0xFF, 0xFF, 0x00,
  0x07, 0xFF, 0x00, 0x00, 0x00, 0x1F, 0xFC, 0x00, 0x00, 0x00, 0x7F, 0xF0,
  0x00, 0x00, 0x01, 0xFF, 0xC0, 0x00, 0x00, 0x07, 0xFF, 0x00, 0x00, 0x00,
  0x1F, 0xFC, 0x00, 0x00, 0x00, 0x7F, 0xF0, 0x00, 0x00, 0x01, 0xFF, 0xC0,
  0x00, 0x00, 0x07, 0xFF, 0x00, 0x00, 0x00, 0x1F, 0xFC, 0x00, 0x00, 0x00,
  0x7F, 0xF0, 0x00, 0x00, 0x01, 0xFF, 0xC0, 0x00, 0x00, 0x07, 0xFF, 0x00,
  0x00, 0x00, 0x1F, 0xFC, 0x00, 0x00, 0x00, 0x7F, 0xF0, 0x00, 0x00, 0x01,
  0xFF, 0xC0, 0x00, 0x00, 0x07, 0xFF, 0x00, 0x00, 0x00, 0x1F, 0xFC, 0x00,
  0x00, 0x00, 0x7F, 0xF0, 0x00, 0x00, 0x01, 0xFF, 0xC0, 0x00, 0x00, 0x07,
  0xFF, 0x00, 0x00, 0x00, 0x1F, 0xFC, 0x00, 0x00, 0x00, 0x7F, 0xF0, 0x00,
  0x00, 0x01, 0xFF, 0xC0, 0x00, 0x00, 0x07, 0xFF, 0x00, 0x00, 0x00, 0x1F,
  0xFC, 0x00, 0x00, 0x00, 0x7F, 0xF0, 0x00, 0x00, 0x01, 0xFF, 0xC0, 0x00,
  0x00, 0x07, 0xFF, 0x00, 0x00, 0x00, 0x1F, 0xFC, 0x00, 0x00, 0x00, 0x7F,
  0xF0, 0x00, 0x00, 0x01, 0xFF, 0xC0, 0x00, 0x00, 0x07, 0xFF, 0x00, 0x00,
  0x00, 0x1F, 0xFC, 0x00, 0x00, 0x00, 0x7F, 0xF0, 0x00, 0x00, 0x01, 0xFF,
  0xC0, 0x00, 0x00, 0x07, 0xFF, 0x00, 0x00, 0x00, 0x1F, 0xFC, 0x00, 0x00,
  0x00, 0x7F, 0xF0, 0x00, 0x00, 0x01, 0xFF, 0xC0, 0x00, 0x00, 0x07, 0xFF,
  0x00, 0x00, 0x00, 0x1F, 0xFC, 0x00, 0x00, 0x00, 0x7F, 0xF0, 0x00, 0x00,
  0x01, 0xFF, 0xC0, 0x00, 0x00, 0x07, 0xFF, 0x00, 0x00, 0x00, 0x1F, 0xFC,
  0x00, 0x00, 0x00, 0x7F, 0xF0, 0x00, 0x00, 0x01, 0xFF, 0xC0, 0x00, 0x00,
  0x07, 0xFF, 0x00, 0x00, 0x00, 0x1F, 0xFC, 0x00, 0x00, 0x00, 0x7F, 0xF0,
  0x00, 0x00, 0x01, 0xFF, 0xC0, 0x00, 0x00, 0x07, 0xFF, 0x00, 0x00, 0x00,
  0x1F, 0xFC, 0x00, 0x00, 0x00, 0x7F, 0xF0, 0x00, 0x00, 0x01, 0xFF, 0xC0,
  0x00, 0x00, 0x07, 0xFF, 0x00, 0x00, 0x00, 0x1F, 0xFC, 0x00, 0x00, 0x00,
  0x7F, 0xF0, 0x00, 0x00, 0x01, 0xFF, 0xC0, 0x00, 0x00, 0x07, 0xFF, 0x00,
  0x00, 0x00, 0x1F, 0xFC, 0x00, 0x00, 0x00, 0x7F, 0xF0, 0x00, 0x00, 0x01,
  0xFF, 0xC0, 0x00, 0x00, 0x07, 0xFF, 0x00, 0x00, 0x00, 0x1F, 0xFC, 0x00,
  0x00, 0x00, 0x7F, 0xF0, 0x00, 0x00, 0x01, 0xFF, 0xC0, 0x00, 0x00, 0x07,
  0xFF, 0x00, 0x00, 0x00, 0x1F, 0xFC, 0x00, 0x00, 0x00, 0x7F, 0xF0, 0x00,
  0x00, 0x01, 0xFF, 0xC0, 0x00, 0xFF, 0xC0, 0x00, 0x00, 0xFF, 0xFF, 0xF0,
  0x00, 0x00, 0x3F, 0xFF, 0xFC, 0x00, 0x00, 0x0F, 0xFF, 0xFF, 0x00, 0x00,
  0x03, 0xFF, 0xFF, 0xC0, 0x00, 0x00, 0xFF, 0xFF, 0xF0, 0x00, 0x00, 0x3F,
  0xFF, 0xFC, 0x00, 0x00, 0x0F, 0xFF, 0xFF, 0x00, 0x00, 0x03, 0xFF, 0xFF,
  0xC0, 0x00, 0x00, 0xFF, 0xFF, 0xF0, 0x00, 0x00, 0x3F, 0xFF, 0xFC, 0x00,
  0x00, 0x0F, 0xFF, 0xFF, 0x00, 0x00, 0x03, 0xFF, 0xFF, 0xC0, 0x00, 0x00,
  0xFF, 0xFF, 0xF0, 0x00, 0x00, 0x3F, 0xFF, 0xFC, 0x00, 0x00, 0x0F, 0xFF,
  0xFF, 0x00, 0x00, 0x03, 0xFF, 0xFF, 0xC0, 0x00, 0x00, 0xFF, 0xFF, 0xF0,
  0x00, 0x00, 0x3F, 0xFF, 0xFC, 0x00, 0x00, 0x0F, 0xFF, 0xFF, 0x00, 0x00,
  0x03, 0xFF, 0xFF, 0xC0, 0x00, 0x00, 0xFF, 0xFF, 0xF0, 0x00, 0x00, 0x3F,
  0xFF, 0xFC, 0x00, 0x00, 0x0F, 0xFF, 0xFF, 0x00, 0x00, 0x03, 0xFF, 0xFF,
  0xC0, 0x00, 0x00, 0xFF, 0xFF, 0xF0, 0x00, 0x00, 0x3F, 0xFF, 0xFC, 0x00,
  0x00, 0x0F, 0xFF, 0xFF, 0x00, 0x00, 0x03, 0xFF, 0xFF, 0xC0, 0x00, 0x00,
  0xFF, 0xFF, 0xF0, 0x00, 0x00, 0x3F, 0xFF, 0xFC, 0x00, 0x00, 0x0F, 0xFF,
  0xFF, 0x00, 0x00, 0x03, 0xFF, 0xFF, 0xC0, 0x00, 0x00, 0xFF, 0xFF, 0xF0,
  0x00, 0x00, 0x3F, 0xFF, 0xFC, 0x00, 0x00, 0x0F, 0xFF, 0xFF, 0x00, 0x00,
  0x03, 0xFF, 0xFF, 0xC0, 0x00, 0x00, 0xFF, 0xFF, 0xF0, 0x00, 0x00, 0x3F,
  0xFF, 0xFC, 0x00, 0x00, 0x0F, 0xFF, 0xFF, 0x00, 0x00, 0x03, 0xFF, 0xFF,
  0xC0, 0x00, 0x00, 0xFF, 0xFF, 0xF0, 0x00, 0x00, 0x3F, 0xFF, 0xFC, 0x00,
  0x00, 0x0F, 0xFF, 0xFF, 0x00, 0x00, 0x03, 0xFF, 0xFF, 0xC0, 0x00, 0x00,
  0xFF, 0xFF, 0xF0, 0x00, 0x00, 0x3F, 0xFF, 0xFC, 0x00, 0x00, 0x0F, 0xFF,
  0xFF, 0x00, 0x00, 0x03, 0xFF, 0xFF, 0xC0, 0x00, 0x00, 0xFF, 0xFF, 0xF0,
  0x00, 0x00, 0x3F, 0xFF, 0xFC, 0x00, 0x00, 0x0F, 0xFF, 0xFF, 0x00, 0x00,
  0x03, 0xFF, 0xFF, 0xC0, 0x00, 0x00, 0xFF, 0xFF, 0xF0, 0x00, 0x00, 0x3F,
  0xFF, 0xFC, 0x00, 0x00, 0x0F, 0xFF, 0xFF, 0x00, 0x00, 0x03, 0xFF, 0xFF,
  0xC0, 0x00, 0x00, 0xFF, 0xFF, 0xF0, 0x00, 0x00, 0x3F, 0xFF, 0xFC, 0x00,
  0x00, 0x0F, 0xFF, 0xFF, 0x00, 0x00, 0x03, 0xFF, 0xFF, 0xC0, 0x00, 0x00,
  0xFF, 0xFF, 0xF8, 0x00, 0x00, 0x7F, 0xF7, 0xFE, 0x00, 0x00, 0x1F, 0xF9,
  0xFF, 0x80, 0x00, 0x07, 0xFE, 0x7F, 0xE0, 0x00, 0x01, 0xFF, 0x9F, 0xF8,
  0x00, 0x00, 0x7F, 0xE7, 0xFF, 0x00, 0x00, 0x3F, 0xF8, 0xFF, 0xC0, 0x00,
  0x0F, 0xFC, 0x3F, 0xF8, 0x00, 0x07, 0xFF, 0x0F, 0xFF, 0x00, 0x03, 0xFF,
  0xC1, 0xFF, 0xE0, 0x01, 0xFF, 0xE0, 0x7F, 0xFE, 0x01, 0xFF, 0xF8, 0x1F,
  0xFF, 0xFF, 0xFF, 0xFC, 0x03, 0xFF, 0xFF, 0xFF, 0xFF, 0x00, 0x7F, 0xFF,
  0xFF, 0xFF, 0x80, 0x0F, 0xFF, 0xFF, 0xFF, 0xC0, 0x01, 0xFF, 0xFF, 0xFF,
  0xE0, 0x00, 0x3F, 0xFF, 0xFF, 0xF0, 0x00, 0x07, 0xFF, 0xFF, 0xF8, 0x00,
  0x00, 0x7F, 0xFF, 0xF0, 0x00, 0x00, 0x01, 0xFF, 0xE0, 0x00, 0x00, 0xFF,
  0xE0, 0x00, 0x00, 0x1F, 0xFB, 0xFF, 0x00, 0x00, 0x00, 0xFF, 0xDF, 0xF8,
  0x00, 0x00, 0x07, 0xFE, 0xFF, 0xC0, 0x00, 0x00, 0x7F, 0xE7, 0xFF, 0x00,
  0x00, 0x03, 0xFF, 0x3F, 0xF8, 0x00, 0x00, 0x1F, 0xF8, 0xFF, 0xC0, 0x00,
  0x00, 0xFF, 0xC7, 0xFE, 0x00, 0x00, 0x07, 0xFE, 0x3F, 0xF0, 0x00, 0x00,
  0x7F, 0xE1, 0xFF, 0xC0, 0x00, 0x03, 0xFF, 0x07, 0xFE, 0x00, 0x00, 0x1F,
  0xF8, 0x3F, 0xF0, 0x00, 0x00, 0xFF, 0xC1, 0xFF, 0x80, 0x00, 0x07, 0xFC,
  0x0F, 0xFE, 0x00, 0x00, 0x7F, 0xE0, 0x7F, 0xF0, 0x00, 0x03, 0xFF, 0x01,
  0xFF, 0x80, 0x00, 0x1F, 0xF8, 0x0F, 0xFC, 0x00, 0x00, 0xFF, 0xC0, 0x7F,
  0xE0, 0x00, 0x07, 0xFC, 0x03, 0xFF, 0x80, 0x00, 0x7F, 0xE0, 0x0F, 0xFC,
  0x00, 0x03, 0xFF, 0x00, 0x7F, 0xE0, 0x00, 0x1F, 0xF8, 0x03, 0xFF, 0x00,
  0x00, 0xFF, 0xC0, 0x1F, 0xF8, 0x00, 0x07, 0xFC, 0x00, 0xFF, 0xE0, 0x00,
  0x7F, 0xE0, 0x03, 0xFF, 0x00, 0x03, 0xFF, 0x00, 0x1F, 0xF8, 0x00, 0x1F,
  0xF8, 0x00, 0xFF, 0xC0, 0x00, 0xFF, 0x80, 0x07, 0xFE, 0x00, 0x07, 0xFC,
  0x00, 0x1F, 0xF8, 0x00, 0x7F, 0xE0, 0x00, 0xFF, 0xC0, 0x03, 0xFF, 0x00,
  0x07, 0xFE, 0x00, 0x1F, 0xF8, 0x00, 0x3F, 0xF0, 0x00, 0xFF, 0x80, 0x01,
  0xFF, 0xC0, 0x07, 0xFC, 0x00, 0x07, 0xFE, 0x00, 0x7F, 0xE0, 0x00, 0x3F,
  0xF0, 0x03, 0xFF, 0x00, 0x01, 0xFF, 0x80, 0x1F, 0xF0, 0x00, 0x0F, 0xFC,
  0x00, 0xFF, 0x80, 0x00, 0x3F, 0xF0, 0x07, 0xFC, 0x00, 0x01, 0xFF, 0x80,
  0x7F, 0xE0, 0x00, 0x0F, 0xFC, 0x03, 0xFF, 0x00, 0x00, 0x7F, 0xE0, 0x1F,
  0xF0, 0x00, 0x03, 0xFF, 0x00, 0xFF, 0x80, 0x00, 0x0F, 0xFC, 0x0F, 0xFC,
  0x00, 0x00, 0x7F, 0xE0, 0x7F, 0xE0, 0x00, 0x03, 0xFF, 0x03, 0xFE, 0x00,
  0x00, 0x1F, 0xF8, 0x1F, 0xF0, 0x00, 0x00, 0x7F, 0xE0, 0xFF, 0x80, 0x00,
  0x03, 0xFF, 0x0F, 0xFC, 0x00, 0x00, 0x1F, 0xF8, 0x7F, 0xE0, 0x00, 0x00,
  0xFF, 0xC3, 0xFE, 0x00, 0x00, 0x07, 0xFE, 0x1F, 0xF0, 0x00, 0x00, 0x1F,
  0xF8, 0xFF, 0x80, 0x00, 0x00, 0xFF, 0xCF, 0xFC, 0x00, 0x00, 0x07, 0xFE,
  0x7F, 0xC0, 0x00, 0x00, 0x3F, 0xF3, 0xFE, 0x00, 0x00, 0x00, 0xFF, 0x9F,
  0xF0, 0x00, 0x00, 0x07, 0xFE, 0xFF, 0x80, 0x00, 0x00, 0x3F, 0xFF, 0xFC,
  0x00, 0x00, 0x01, 0xFF, 0xFF, 0xC0, 0x00, 0x00, 0x0F, 0xFF, 0xFE, 0x00,
  0x00, 0x00, 0x3F, 0xFF, 0xF0, 0x00, 0x00, 0x01, 0xFF, 0xFF, 0x80, 0x00,
  0x00, 0x0F, 0xFF, 0xFC, 0x00, 0x00, 0x00, 0x7F, 0xFF, 0xC0, 0x00, 0x00,
  0x01, 0xFF, 0xFE, 0x00, 0x00, 0x00, 0x0F, 0xFF, 0xF0, 0x00, 0x00, 0x00,
  0x7F, 0xFF, 0x80, 0x00, 0x00, 0x03, 0xFF, 0xF8, 0x00, 0x00, 0x00, 0x1F,
  0xFF, 0xC0, 0x00, 0x00, 0x00, 0x7F, 0xFE, 0x00, 0x00, 0x00, 0x03, 0xFF,
  0xF0, 0x00, 0x00, 0x00, 0x1F, 0xFF, 0x80, 0x00, 0x00, 0x00, 0xFF, 0xF8,
  0x00, 0x00, 0x00, 0x03, 0xFF, 0xC0, 0x00, 0x00, 0x00, 0x1F, 0xFE, 0x00,
  0x00, 0x00, 0x00, 0xFF, 0xF0, 0x00, 0x00, 0x00, 0x07, 0xFF, 0x00, 0x00,
  0x00, 0x00, 0x3F, 0xF8, 0x00, 0x00, 0x00, 0x00, 0xFF, 0xC0, 0x00, 0x00,
  0x00, 0x07, 0xFE, 0x00, 0x00, 0xFF, 0x80, 0x00, 0x0F, 0xF0, 0x00, 0x01,
  0xFF, 0xFF, 0x80, 0x00, 0x0F, 0xF0, 0x00, 0x01, 0xFF, 0xFF, 0x80, 0x00,
  0x1F, 0xF0, 0x00, 0x03, 0xFE, 0xFF, 0x80, 0x00, 0x1F, 0xF0, 0x00, 0x03,
  0xFE, 0xFF, 0x80, 0x00, 0x1F, 0xF8, 0x00, 0x03, 0xFE, 0xFF, 0xC0, 0x00,
  0x1F, 0xF8, 0x00, 0x03, 0xFE, 0x7F, 0xC0, 0x00, 0x1F, 0xF8, 0x00, 0x03,
  0xFE, 0x7F, 0xC0, 0x00, 0x1F, 0xF8, 0x00, 0x03, 0xFE, 0x7F, 0xC0, 0x00,
  0x3F, 0xF8, 0x00, 0x03, 0xFE, 0x7F, 0xC0, 0x00, 0x3F, 0xFC, 0x00, 0x07,
  0xFC, 0x7F, 0xC0, 0x00, 0x3F, 0xFC, 0x00, 0x07, 0xFC, 0x7F, 0xC0, 0x00,
  0x3F, 0xFC, 0x00, 0x07, 0xFC, 0x3F, 0xE0, 0x00, 0x3F, 0xFC, 0x00, 0x07,
  0xFC, 0x3F, 0xE0, 0x00, 0x7F, 0xFC, 0x00, 0x07, 0xFC, 0x3F, 0xE0, 0x00,
  0x7F, 0xFC, 0x00, 0x07, 0xFC, 0x3F, 0xE0, 0x00, 0x7F, 0xFE, 0x00, 0x07,
  0xF8, 0x3F, 0xE0, 0x00, 0x7F, 0xFE, 0x00, 0x0F, 0xF8, 0x3F, 0xE0, 0x00,
  0x7F, 0xFE, 0x00, 0x0F, 0xF8, 0x1F, 0xE0, 0x00, 0xFF, 0xFE, 0x00, 0x0F,
  0xF8, 0x1F, 0xF0, 0x00, 0xFF, 0xFE, 0x00, 0x0F, 0xF8, 0x1F, 0xF0, 0x00,
  0xFF, 0xFF, 0x00, 0x0F, 0xF8, 0x1F, 0xF0, 0x00, 0xFF, 0xFF, 0x00, 0x0F,
  0xF0, 0x1F, 0xF0, 0x00, 0xFF, 0xFF, 0x00, 0x0F, 0xF0, 0x1F, 0xF0, 0x00,
  0xFE, 0x7F, 0x00, 0x1F, 0xF0, 0x1F, 0xF0, 0x01, 0xFE, 0x7F, 0x00, 0x1F,
  0xF0, 0x0F, 0xF8, 0x01, 0xFE, 0x7F, 0x80, 0x1F, 0xF0, 0x0F, 0xF8, 0x01,
  0xFE, 0x7F, 0x80, 0x1F, 0xF0, 0x0F, 0xF8, 0x01, 0xFE, 0x7F, 0x80, 0x1F,
  0xE0, 0x0F, 0xF8, 0x01, 0xFE, 0x3F, 0x80, 0x1F, 0xE0, 0x0F, 0xF8, 0x03,
  0xFC, 0x3F, 0x80, 0x1F, 0xE0, 0x0F, 0xF8, 0x03, 0xFC, 0x3F, 0x80, 0x3F,
  0xE0, 0x07, 0xF8, 0x03, 0xFC, 0x3F, 0xC0, 0x3F, 0xE0, 0x07, 0xFC, 0x03,
  0xFC, 0x3F, 0xC0, 0x3F, 0xE0, 0x07, 0xFC, 0x03, 0xFC, 0x3F, 0xC0, 0x3F,
  0xE0, 0x07, 0xFC, 0x07, 0xF8, 0x1F, 0xC0, 0x3F, 0xC0, 0x07, 0xFC, 0x07,
  0xF8, 0x1F, 0xC0, 0x3F, 0xC0, 0x07, 0xFC, 0x07, 0xF8, 0x1F, 0xE0, 0x3F,
  0xC0, 0x03, 0xFC, 0x07, 0xF8, 0x1F, 0xE0, 0x7F, 0xC0, 0x03, 0xFC, 0x07,
  0xF8, 0x1F, 0xE0, 0x7F, 0xC0, 0x03, 0xFE, 0x07, 0xF0, 0x0F, 0xE0, 0x7F,
  0xC0, 0x03, 0xFE, 0x0F, 0xF0, 0x0F, 0xE0, 0x7F, 0x80, 0x03, 0xFE, 0x0F,
  0xF0, 0x0F, 0xF0, 0x7F, 0x80, 0x03, 0xFE, 0x0F, 0xF0, 0x0F, 0xF0, 0x7F,
  0x80, 0x01, 0xFE, 0x0F, 0xF0, 0x0F, 0xF0, 0x7F, 0x80, 0x01, 0xFE, 0x0F,
  0xF0, 0x0F, 0xF0, 0xFF, 0x80, 0x01, 0xFE, 0x1F, 0xE0, 0x07, 0xF0, 0xFF,
  0x80, 0x01, 0xFF, 0x1F, 0xE0, 0x07, 0xF0, 0xFF, 0x00, 0x01, 0xFF, 0x1F,
  0xE0, 0x07, 0xF8, 0xFF, 0x00, 0x01, 0xFF, 0x1F, 0xE0, 0x07, 0xF8, 0xFF,
  0x00, 0x00, 0xFF, 0x1F, 0xE0, 0x07, 0xF8, 0xFF, 0x00, 0x00, 0xFF, 0x1F,
  0xC0, 0x03, 0xF8, 0xFF, 0x00, 0x00, 0xFF, 0x3F, 0xC0, 0x03, 0xF9, 0xFF,
  0x00, 0x00, 0xFF, 0xBF, 0xC0, 0x03, 0xFD, 0xFF, 0x00, 0x00, 0xFF, 0xBF,
  0xC0, 0x03, 0xFD, 0xFE, 0x00, 0x00, 0xFF, 0xBF, 0xC0, 0x03, 0xFD, 0xFE,
  0x00, 0x00, 0xFF, 0xBF, 0x80, 0x01, 0xFD, 0xFE, 0x00, 0x00, 0x7F, 0xFF,
  0x80, 0x01, 0xFD, 0xFE, 0x00, 0x00, 0x7F, 0xFF, 0x80, 0x01, 0xFD, 0xFE,
  0x00, 0x00, 0x7F, 0xFF, 0x80, 0x01, 0xFF, 0xFE, 0x00, 0x00, 0x7F, 0xFF,
  0x80, 0x01, 0xFF, 0xFC, 0x00, 0x00, 0x7F, 0xFF, 0x80, 0x01, 0xFF, 0xFC,
  0x00, 0x00, 0x7F, 0xFF, 0x00, 0x00, 0xFF, 0xFC, 0x00, 0x00, 0x3F, 0xFF,
  0x00, 0x00, 0xFF, 0xFC, 0x00, 0x00, 0x3F, 0xFF, 0x00, 0x00, 0xFF, 0xFC,
  0x00, 0x00, 0x3F, 0xFF, 0x00, 0x00, 0xFF, 0xFC, 0x00, 0x00, 0x3F, 0xFF,
  0x00, 0x00, 0xFF, 0xF8, 0x00, 0x00, 0x3F, 0xFE, 0x00, 0x00, 0x7F, 0xF8,
  0x00, 0x00, 0x3F, 0xFE, 0x00, 0x00, 0x7F, 0xF8, 0x00, 0x00, 0x1F, 0xFE,
  0x00, 0x00, 0x7F, 0xF8, 0x00, 0x00, 0x1F, 0xFE, 0x00, 0x00, 0x7F, 0xF8,
  0x00, 0x00, 0x1F, 0xFE, 0x00, 0x00, 0x7F, 0xF8, 0x00, 0x00, 0x1F, 0xFC,
  0x00, 0x00, 0x3F, 0xF0, 0x00, 0x00, 0x1F, 0xFC, 0x00, 0x00, 0x3F, 0xF0,
  0x00, 0x00, 0x1F, 0xFC, 0x00, 0x00, 0x3F, 0xF0, 0x00, 0x00, 0x0F, 0xFC,
  0x00, 0x00, 0x3F, 0xF0, 0x00, 0x00, 0x0F, 0xFC, 0x00, 0x00, 0x3F, 0xF0,
  0x00, 0x00, 0x0F, 0xFC, 0x00, 0x00, 0x3F, 0xF0, 0x00, 0x00, 0x0F, 0xF8,
  0x00, 0x00, 0x1F, 0xF0, 0x00, 0x00, 0x0F, 0xF8, 0x00, 0x00, 0x1F, 0xE0,
  0x00, 0x00, 0x0F, 0xF8, 0x00, 0x00, 0x1F, 0xE0, 0x00, 0x7F, 0xE0, 0x00,
  0x00, 0x3F, 0xF3, 0xFF, 0x00, 0x00, 0x03, 0xFF, 0x8F, 0xFC, 0x00, 0x00,
  0x1F, 0xF8, 0x7F, 0xE0, 0x00, 0x01, 0xFF, 0xC3, 0xFF, 0x80, 0x00, 0x0F,
  0xFC, 0x0F, 0xFC, 0x00, 0x00, 0x7F, 0xE0, 0x7F, 0xF0, 0x00, 0x07, 0xFE,
  0x01, 0xFF, 0x80, 0x00, 0x3F, 0xF0, 0x0F, 0xFC, 0x00, 0x01, 0xFF, 0x80,
  0x3F, 0xF0, 0x00, 0x1F, 0xF8, 0x01, 0xFF, 0x80, 0x00, 0xFF, 0xC0, 0x0F,
  0xFE, 0x00, 0x0F, 0xFC, 0x00, 0x3F, 0xF0, 0x00, 0x7F, 0xE0, 0x01, 0xFF,
  0xC0, 0x03, 0xFE, 0x00, 0x07, 0xFE, 0x00, 0x3F, 0xF0, 0x00, 0x3F, 0xF0,
  0x01, 0xFF, 0x80, 0x00, 0xFF, 0xC0, 0x1F, 0xF8, 0x00, 0x07, 0xFE, 0x00,
  0xFF, 0xC0, 0x00, 0x3F, 0xF8, 0x07, 0xFC, 0x00, 0x00, 0xFF, 0xC0, 0x7F,
  0xE0, 0x00, 0x07, 0xFF, 0x03, 0xFE, 0x00, 0x00, 0x1F, 0xF8, 0x3F, 0xF0,
  0x00, 0x00, 0xFF, 0xC1, 0xFF, 0x80, 0x00, 0x03, 0xFF, 0x0F, 0xF8, 0x00,
  0x00, 0x1F, 0xF8, 0xFF, 0xC0, 0x00, 0x00, 0xFF, 0xE7, 0xFC, 0x00, 0x00,
  0x03, 0xFF, 0x3F, 0xE0, 0x00, 0x00, 0x1F, 0xFF, 0xFE, 0x00, 0x00, 0x00,
  0x7F, 0xFF, 0xF0, 0x00, 0x00, 0x03, 0xFF, 0xFF, 0x80, 0x00, 0x00, 0x0F,
  0xFF, 0xF8, 0x00, 0x00, 0x00, 0x7F, 0xFF, 0xC0, 0x00, 0x00, 0x03, 0xFF,
  0xFC, 0x00, 0x00, 0x00, 0x0F, 0xFF, 0xE0, 0x00, 0x00, 0x00, 0x7F, 0xFE,
  0x00, 0x00, 0x00, 0x01, 0xFF, 0xF0, 0x00, 0x00, 0x00, 0x0F, 0xFF, 0x80,
  0x00, 0x00, 0x00, 0x3F, 0xF8, 0x00, 0x00, 0x00, 0x01, 0xFF, 0xC0, 0x00,
  0x00, 0x00, 0x1F, 0xFE, 0x00, 0x00, 0x00, 0x00, 0xFF, 0xF0, 0x00, 0x00,
  0x00, 0x0F, 0xFF, 0xC0, 0x00, 0x00, 0x00, 0x7F, 0xFE, 0x00, 0x00, 0x00,
  0x03, 0xFF, 0xF0, 0x00, 0x00, 0x00, 0x3F, 0xFF, 0xC0, 0x00, 0x00, 0x01,
  0xFF, 0xFE, 0x00, 0x00, 0x00, 0x0F, 0xFF, 0xF8, 0x00, 0x00, 0x00, 0xFF,
  0xFF, 0xC0, 0x00, 0x00, 0x07, 0xFF, 0xFF, 0x00, 0x00, 0x00, 0x7F, 0xFF,
  0xF8, 0x00, 0x00, 0x03, 0xFF, 0xFF, 0xC0, 0x00, 0x00, 0x1F, 0xF7, 0xFF,
  0x00, 0x00, 0x01, 0xFF, 0x9F, 0xF8, 0x00, 0x00, 0x0F, 0xF8, 0xFF, 0xE0,
  0x00, 0x00, 0xFF, 0xC3, 0xFF, 0x00, 0x00, 0x07, 0xFE, 0x1F, 0xFC, 0x00,
  0x00, 0x3F, 0xE0, 0x7F, 0xE0, 0x00, 0x03, 0xFF, 0x03, 0xFF, 0x00, 0x00,
  0x1F, 0xF8, 0x1F, 0xFC, 0x00, 0x01, 0xFF, 0x80, 0x7F, 0xE0, 0x00, 0x0F,
  0xFC, 0x03, 0xFF, 0x80, 0x00, 0x7F, 0xC0, 0x0F, 0xFC, 0x00, 0x07, 0xFE,
  0x00, 0x7F, 0xE0, 0x00, 0x3F, 0xF0, 0x01, 0xFF, 0x80, 0x03, 0xFF, 0x00,
  0x0F, 0xFC, 0x00, 0x1F, 0xF8, 0x00, 0x7F, 0xF0, 0x00, 0xFF, 0xC0, 0x01,
  0xFF, 0x80, 0x0F, 0xFC, 0x00, 0x0F, 0xFE, 0x00, 0x7F, 0xE0, 0x00, 0x3F,
  0xF0, 0x07, 0xFE, 0x00, 0x01, 0xFF, 0x80, 0x3F, 0xF0, 0x00, 0x07, 0xFE,
  0x01, 0xFF, 0x80, 0x00, 0x3F, 0xF0, 0x1F, 0xF8, 0x00, 0x01, 0xFF, 0xC0,
  0xFF, 0xC0, 0x00, 0x07, 0xFE, 0x0F, 0xFE, 0x00, 0x00, 0x3F, 0xF8, 0x7F,
  0xE0, 0x00, 0x00, 0xFF, 0xC3, 0xFF, 0x00, 0x00, 0x07, 0xFE, 0x3F, 0xF8,
  0x00, 0x00, 0x1F, 0xF9, 0xFF, 0x80, 0x00, 0x00, 0xFF, 0xDF, 0xFC, 0x00,
  0x00, 0x07, 0xFF, 0xFF, 0xC0, 0x00, 0x00, 0x7F, 0xFF, 0xFE, 0x00, 0x00,
  0x07, 0xFF, 0x7F, 0xE0, 0x00, 0x00, 0x7F, 0xE7, 0xFE, 0x00, 0x00, 0x07,
  0xFE, 0x7F, 0xF0, 0x00, 0x00, 0xFF, 0xE3, 0xFF, 0x00, 0x00, 0x0F, 0xFC,
  0x3F, 0xF0, 0x00, 0x00, 0xFF, 0xC3, 0xFF, 0x00, 0x00, 0x1F, 0xFC, 0x1F,
  0xF8, 0x00, 0x01, 0xFF, 0x81, 0xFF, 0x80, 0x00, 0x1F, 0xF8, 0x1F, 0xF8,
  0x00, 0x03, 0xFF, 0x80, 0xFF, 0xC0, 0x00, 0x3F, 0xF0, 0x0F, 0xFC, 0x00,
  0x03, 0xFF, 0x00, 0xFF, 0xC0, 0x00, 0x3F, 0xF0, 0x07, 0xFE, 0x00, 0x07,
  0xFE, 0x00, 0x7F, 0xE0, 0x00, 0x7F, 0xE0, 0x07, 0xFE, 0x00, 0x07, 0xFE,
  0x00, 0x3F, 0xF0, 0x00, 0xFF, 0xC0, 0x03, 0xFF, 0x00, 0x0F, 0xFC, 0x00,
  0x3F, 0xF0, 0x00, 0xFF, 0xC0, 0x01, 0xFF, 0x00, 0x1F, 0xF8, 0x00, 0x1F,
  0xF8, 0x01, 0xFF, 0x80, 0x01, 0xFF, 0x80, 0x1F, 0xF8, 0x00, 0x0F, 0xF8,
  0x01, 0xFF, 0x00, 0x00, 0xFF, 0xC0, 0x3F, 0xF0, 0x00, 0x0F, 0xFC, 0x03,
  0xFF, 0x00, 0x00, 0x7F, 0xC0, 0x3F, 0xE0, 0x00, 0x07, 0xFE, 0x07, 0xFE,
  0x00, 0x00, 0x7F, 0xE0, 0x7F, 0xE0, 0x00, 0x03, 0xFE, 0x07, 0xFC, 0x00,
  0x00, 0x3F, 0xF0, 0xFF, 0xC0, 0x00, 0x03, 0xFF, 0x0F, 0xFC, 0x00, 0x00,
  0x1F, 0xF0, 0xFF, 0x80, 0x00, 0x01, 0xFF, 0x0F, 0xF8, 0x00, 0x00, 0x1F,
  0xF9, 0xFF, 0x80, 0x00, 0x00, 0xFF, 0x9F, 0xF0, 0x00, 0x00, 0x0F, 0xF9,
  0xFF, 0x00, 0x00, 0x00, 0xFF, 0xFF, 0xF0, 0x00, 0x00, 0x07, 0xFF, 0xFE,
  0x00, 0x00, 0x00, 0x7F, 0xFF, 0xE0, 0x00, 0x00, 0x07, 0xFF, 0xFE, 0x00,
  0x00, 0x00, 0x3F, 0xFF, 0xC0, 0x00, 0x00, 0x03, 0xFF, 0xFC, 0x00, 0x00,
  0x00, 0x3F, 0xFF, 0xC0, 0x00, 0x00, 0x01, 0xFF, 0xF8, 0x00, 0x00, 0x00,
  0x1F, 0xFF, 0x80, 0x00, 0x00, 0x01, 0xFF, 0xF8, 0x00, 0x00, 0x00, 0x0F,
  0xFF, 0x00, 0x00, 0x00, 0x00, 0xFF, 0xF0, 0x00, 0x00, 0x00, 0x0F, 0xFF,
  0x00, 0x00, 0x00, 0x00, 0x7F, 0xE0, 0x00, 0x00, 0x00, 0x07, 0xFE, 0x00,
  0x00, 0x00, 0x00, 0x7F, 0xE0, 0x00, 0x00, 0x00, 0x07, 0xFE, 0x00, 0x00,
  0x00, 0x00, 0x7F, 0xE0, 0x00, 0x00, 0x00, 0x07, 0xFE, 0x00, 0x00, 0x00,
  0x00, 0x7F, 0xE0, 0x00, 0x00, 0x00, 0x07, 0xFE, 0x00, 0x00, 0x00, 0x00,
  0x7F, 0xE0, 0x00, 0x00, 0x00, 0x07, 0xFE, 0x00, 0x00, 0x00, 0x00, 0x7F,
  0xE0, 0x00, 0x00, 0x00, 0x07, 0xFE, 0x00, 0x00, 0x00, 0x00, 0x7F, 0xE0,
  0x00, 0x00, 0x00, 0x07, 0xFE, 0x00, 0x00, 0x00, 0x00, 0x7F, 0xE0, 0x00,
  0x00, 0x00, 0x07, 0xFE, 0x00, 0x00, 0x00, 0x00, 0x7F, 0xE0, 0x00, 0x00,
  0x00, 0x07, 0xFE, 0x00, 0x00, 0x00, 0x00, 0x7F, 0xE0, 0x00, 0x00, 0x00,
  0x07, 0xFE, 0x00, 0x00, 0x00, 0x00, 0x7F, 0xE0, 0x00, 0x00, 0x00, 0x07,
  0xFE, 0x00, 0x00, 0x00, 0x00, 0x7F, 0xE0, 0x00, 0x00, 0x00, 0x07, 0xFE,
  0x00, 0x00, 0x00, 0x00, 0x7F, 0xE0, 0x00, 0x00, 0x00, 0x07, 0xFE, 0x00,
  0x00, 0x00, 0x00, 0x7F, 0xE0, 0x00, 0x00, 0x00, 0x07, 0xFE, 0x00, 0x00,
  0x00, 0x00, 0x7F, 0xE0, 0x00, 0x00, 0x00, 0x07, 0xFE, 0x00, 0x00, 0x7F,
  0xFF, 0xFF, 0xFF, 0xEF, 0xFF, 0xFF, 0xFF, 0xFD, 0xFF, 0xFF, 0xFF, 0xFF,
  0xBF, 0xFF, 0xFF, 0xFF, 0xF7, 0xFF, 0xFF, 0xFF, 0xFE, 0xFF, 0xFF, 0xFF,
  0xFF, 0xDF, 0xFF, 0xFF, 0xFF, 0xF3, 0xFF, 0xFF, 0xFF, 0xFE, 0x00, 0x00,
  0x01, 0xFF, 0xC0, 0x00, 0x00, 0x3F, 0xF0, 0x00, 0x00, 0x0F, 0xFE, 0x00,
  0x00, 0x01, 0xFF, 0xC0, 0x00, 0x00, 0x7F, 0xF0, 0x00, 0x00, 0x0F, 0xFE,
  0x00, 0x00, 0x01, 0xFF, 0x80, 0x00, 0x00, 0x7F, 0xF0, 0x00, 0x00, 0x0F,
  0xFE, 0x00, 0x00, 0x01, 0xFF, 0x80, 0x00, 0x00, 0x7F, 0xF0, 0x00, 0x00,
  0x0F, 0xFE, 0x00, 0x00, 0x01, 0xFF, 0x80, 0x00, 0x00, 0x7F, 0xF0, 0x00,
  0x00, 0x0F, 0xFC, 0x00, 0x00, 0x03, 0xFF, 0x80, 0x00, 0x00, 0x7F, 0xF0,
  0x00, 0x00, 0x0F, 0xFC, 0x00, 0x00, 0x03, 0xFF, 0x80, 0x00, 0x00, 0x7F,
  0xF0, 0x00, 0x00, 0x0F, 0xFC, 0x00, 0x00, 0x03, 0xFF, 0x80, 0x00, 0x00,
  0x7F, 0xF0, 0x00, 0x00, 0x0F, 0xFC, 0x00, 0x00, 0x03, 0xFF, 0x80, 0x00,
  0x00, 0x7F, 0xE0, 0x00, 0x00, 0x0F, 0xFC, 0x00, 0x00, 0x03, 0xFF, 0x80,
  0x00, 0x00, 0x7F, 0xE0, 0x00, 0x00, 0x1F, 0xFC, 0x00, 0x00, 0x03, 0xFF,
  0x80, 0x00, 0x00, 0x7F, 0xE0, 0x00, 0x00, 0x1F, 0xFC, 0x00, 0x00, 0x03,
  0xFF, 0x00, 0x00, 0x00, 0x7F, 0xE0, 0x00, 0x00, 0x1F, 0xFC, 0x00, 0x00,
  0x03, 0xFF, 0x00, 0x00, 0x00, 0x7F, 0xE0, 0x00, 0x00, 0x1F, 0xFC, 0x00,
  0x00, 0x03, 0xFF, 0x00, 0x00, 0x00, 0xFF, 0xE0, 0x00, 0x00, 0x1F, 0xF8,
  0x00, 0x00, 0x03, 0xFF, 0x00, 0x00, 0x00, 0xFF, 0xE0, 0x00, 0x00, 0x1F,
  0xF8, 0x00, 0x00, 0x03, 0xFF, 0x00, 0x00, 0x00, 0xFF, 0xE0, 0x00, 0x00,
  0x1F, 0xF8, 0x00, 0x00, 0x03, 0xFF, 0x00, 0x00, 0x00, 0xFF, 0xE0, 0x00,
  0x00, 0x1F, 0xF8, 0x00, 0x00, 0x07, 0xFF, 0x00, 0x00, 0x00, 0xFF, 0xC0,
  0x00, 0x00, 0x1F, 0xF8, 0x00, 0x00, 0x07, 0xFF, 0x00, 0x00, 0x00, 0xFF,
  0xC0, 0x00, 0x00, 0x1F, 0xF8, 0x00, 0x00, 0x07, 0xFF, 0x00, 0x00, 0x00,
  0xFF, 0xC0, 0x00, 0x00, 0x1F, 0xF8, 0x00, 0x00, 0x07, 0xFE, 0x00, 0x00,
  0x00, 0xFF, 0xC0, 0x00, 0x00, 0x1F, 0xF8, 0x00, 0x00, 0x07, 0xFE, 0x00,
  0x00, 0x00, 0xFF, 0xFF, 0xFF, 0xFF, 0xFF, 0xFF, 0xFF, 0xFF, 0xFF, 0xFF,
  0xFF, 0xFF, 0xFF, 0xFF, 0xFF, 0xFF, 0xFF, 0xFF, 0xFF, 0xFF, 0xFF, 0xFF,
  0xFF, 0xFF, 0xFF, 0xFF, 0xFF, 0xFF, 0xFF, 0xFF, 0xFF, 0xFF, 0xFF, 0xFF,
  0xFF, 0xFF, 0xFF, 0xFF, 0xFF, 0xFF, 0xFF, 0xFF, 0xFF, 0xFF, 0xFF, 0xFF,
  0xFF, 0xFF, 0xFF, 0xFF, 0x00, 0x0F, 0xFC, 0x00, 0x3F, 0xF0, 0x00, 0xFF,
  0xC0, 0x03, 0xFF, 0x00, 0x0F, 0xFC, 0x00, 0x3F, 0xF0, 0x00, 0xFF, 0xC0,
  0x03, 0xFF, 0x00, 0x0F, 0xFC, 0x00, 0x3F, 0xF0, 0x00, 0xFF, 0xC0, 0x03,
  0xFF, 0x00, 0x0F, 0xFC, 0x00, 0x3F, 0xF0, 0x00, 0xFF, 0xC0, 0x03, 0xFF,
  0x00, 0x0F, 0xFC, 0x00, 0x3F, 0xF0, 0x00, 0xFF, 0xC0, 0x03, 0xFF, 0x00,
  0x0F, 0xFC, 0x00, 0x3F, 0xF0, 0x00, 0xFF, 0xC0, 0x03, 0xFF, 0x00, 0x0F,
  0xFC, 0x00, 0x3F, 0xF0, 0x00, 0xFF, 0xC0, 0x03, 0xFF, 0x00, 0x0F, 0xFC,
  0x00, 0x3F, 0xF0, 0x00, 0xFF, 0xC0, 0x03, 0xFF, 0x00, 0x0F, 0xFC, 0x00,
  0x3F, 0xF0, 0x00, 0xFF, 0xC0, 0x03, 0xFF, 0x00, 0x0F, 0xFC, 0x00, 0x3F,
  0xF0, 0x00, 0xFF, 0xC0, 0x03, 0xFF, 0x00, 0x0F, 0xFC, 0x00, 0x3F, 0xF0,
  0x00, 0xFF, 0xC0, 0x03, 0xFF, 0x00, 0x0F, 0xFC, 0x00, 0x3F, 0xF0, 0x00,
  0xFF, 0xC0, 0x03, 0xFF, 0x00, 0x0F, 0xFC, 0x00, 0x3F, 0xF0, 0x00, 0xFF,
  0xC0, 0x03, 0xFF, 0x00, 0x0F, 0xFC, 0x00, 0x3F, 0xF0, 0x00, 0xFF, 0xC0,
  0x03, 0xFF, 0x00, 0x0F, 0xFC, 0x00, 0x3F, 0xF0, 0x00, 0xFF, 0xC0, 0x03,
  0xFF, 0x00, 0x0F, 0xFC, 0x00, 0x3F, 0xF0, 0x00, 0xFF, 0xC0, 0x03, 0xFF,
  0x00, 0x0F, 0xFC, 0x00, 0x3F, 0xF0, 0x00, 0xFF, 0xC0, 0x03, 0xFF, 0x00,
  0x0F, 0xFC, 0x00, 0x3F, 0xF0, 0x00, 0xFF, 0xC0, 0x03, 0xFF, 0x00, 0x0F,
  0xFC, 0x00, 0x3F, 0xF0, 0x00, 0xFF, 0xC0, 0x03, 0xFF, 0x00, 0x0F, 0xFC,
  0x00, 0x3F, 0xF0, 0x00, 0xFF, 0xC0, 0x03, 0xFF, 0x00, 0x0F, 0xFC, 0x00,
  0x3F, 0xF0, 0x00, 0xFF, 0xC0, 0x03, 0xFF, 0x00, 0x0F, 0xFC, 0x00, 0x3F,
  0xF0, 0x00, 0xFF, 0xC0, 0x03, 0xFF, 0xFF, 0xFF, 0xFF, 0xFF, 0xFF, 0xFF,
  0xFF, 0xFF, 0xFF, 0xFF, 0xFF, 0xFF, 0xF0, 0xFF, 0x80, 0x00, 0x03, 0xFE,
  0x00, 0x00, 0x07, 0xFC, 0x00, 0x00, 0x1F, 0xF0, 0x00, 0x00, 0x7F, 0xC0,
  0x00, 0x01, 0xFF, 0x00, 0x00, 0x03, 0xFE, 0x00, 0x00, 0x0F, 0xF8, 0x00,
  0x00, 0x3F, 0xE0, 0x00, 0x00, 0xFF, 0x80, 0x00, 0x01, 0xFF, 0x00, 0x00,
  0x07, 0xFC, 0x00, 0x00, 0x1F, 0xF0, 0x00, 0x00, 0x7F, 0xC0, 0x00, 0x00,
  0xFF, 0x80, 0x00, 0x03, 0xFE, 0x00, 0x00, 0x0F, 0xF8, 0x00, 0x00, 0x1F,
  0xF0, 0x00, 0x00, 0x7F, 0xC0, 0x00, 0x01, 0xFF, 0x00, 0x00, 0x07, 0xFC,
  0x00, 0x00, 0x0F, 0xF8, 0x00, 0x00, 0x3F, 0xE0, 0x00, 0x00, 0xFF, 0x80,
  0x00, 0x03, 0xFE, 0x00, 0x00, 0x07, 0xFC, 0x00, 0x00, 0x1F, 0xF0, 0x00,
  0x00, 0x7F, 0xC0, 0x00, 0x01, 0xFF, 0x00, 0x00, 0x03, 0xFE, 0x00, 0x00,
  0x0F, 0xF8, 0x00, 0x00, 0x3F, 0xE0, 0x00, 0x00, 0x7F, 0xC0, 0x00, 0x01,
  0xFF, 0x00, 0x00, 0x07, 0xFC, 0x00, 0x00, 0x1F, 0xF0, 0x00, 0x00, 0x3F,
  0xE0, 0x00, 0x00, 0xFF, 0x80, 0x00, 0x03, 0xFE, 0x00, 0x00, 0x0F, 0xF8,
  0x00, 0x00, 0x1F, 0xF0, 0x00, 0x00, 0x7F, 0xC0, 0x00, 0x01, 0xFF, 0x00,
  0x00, 0x07, 0xFE, 0x00, 0x00, 0x0F, 0xF8, 0x00, 0x00, 0x3F, 0xE0, 0x00,
  0x00, 0xFF, 0x80, 0x00, 0x01, 0xFF, 0x00, 0x00, 0x07, 0xFC, 0x00, 0x00,
  0x1F, 0xF0, 0x00, 0x00, 0x7F, 0xC0, 0x00, 0x00, 0xFF, 0x80, 0x00, 0x03,
  0xFE, 0x00, 0x00, 0x0F, 0xF8, 0x00, 0x00, 0x3F, 0xE0, 0x00, 0x00, 0x7F,
  0xC0, 0x00, 0x01, 0xFF, 0x00, 0x00, 0x07, 0xFC, 0x00, 0x00, 0x1F, 0xF8,
  0x00, 0x00, 0x3F, 0xE0, 0x00, 0x00, 0xFF, 0x80, 0x00, 0x03, 0xFE, 0x00,
  0x00, 0x07, 0xFC, 0x00, 0x00, 0x1F, 0xF0, 0x00, 0x00, 0x7F, 0xC0, 0x00,
  0x01, 0xFF, 0x00, 0x00, 0x03, 0xFE, 0x00, 0x00, 0x0F, 0xF8, 0x00, 0x00,
  0x3F, 0xE0, 0x00, 0x00, 0xFF, 0x80, 0x00, 0x01, 0xFF, 0x00, 0x00, 0x07,
  0xFC, 0x00, 0x00, 0x1F, 0xF0, 0x00, 0x00, 0x7F, 0xE0, 0x00, 0x00, 0xFF,
  0x80, 0x00, 0x03, 0xFE, 0x00, 0x00, 0x0F, 0xF8, 0x00, 0x00, 0x1F, 0xF0,
  0x00, 0x00, 0x7F, 0xC0, 0x00, 0x01, 0xFF, 0xFF, 0xFF, 0xFF, 0xFF, 0xFF,
  0xFF, 0xFF, 0xFF, 0xFF, 0xFF, 0xFF, 0xFF, 0xFF, 0x80, 0x0F, 0xFC, 0x00,
  0x7F, 0xE0, 0x03, 0xFF, 0x00, 0x1F, 0xF8, 0x00, 0xFF, 0xC0, 0x07, 0xFE,
  0x00, 0x3F, 0xF0, 0x01, 0xFF, 0x80, 0x0F, 0xFC, 0x00, 0x7F, 0xE0, 0x03,
  0xFF, 0x00, 0x1F, 0xF8, 0x00, 0xFF, 0xC0, 0x07, 0xFE, 0x00, 0x3F, 0xF0,
  0x01, 0xFF, 0x80, 0x0F, 0xFC, 0x00, 0x7F, 0xE0, 0x03, 0xFF, 0x00, 0x1F,
  0xF8, 0x00, 0xFF, 0xC0, 0x07, 0xFE, 0x00, 0x3F, 0xF0, 0x01, 0xFF, 0x80,
  0x0F, 0xFC, 0x00, 0x7F, 0xE0, 0x03, 0xFF, 0x00, 0x1F, 0xF8, 0x00, 0xFF,
  0xC0, 0x07, 0xFE, 0x00, 0x3F, 0xF0, 0x01, 0xFF, 0x80, 0x0F, 0xFC, 0x00,
  0x7F, 0xE0, 0x03, 0xFF, 0x00, 0x1F, 0xF8, 0x00, 0xFF, 0xC0, 0x07, 0xFE,
  0x00, 0x3F, 0xF0, 0x01, 0xFF, 0x80, 0x0F, 0xFC, 0x00, 0x7F, 0xE0, 0x03,
  0xFF, 0x00, 0x1F, 0xF8, 0x00, 0xFF, 0xC0, 0x07, 0xFE, 0x00, 0x3F, 0xF0,
  0x01, 0xFF, 0x80, 0x0F, 0xFC, 0x00, 0x7F, 0xE0, 0x03, 0xFF, 0x00, 0x1F,
  0xF8, 0x00, 0xFF, 0xC0, 0x07, 0xFE, 0x00, 0x3F, 0xF0, 0x01, 0xFF, 0x80,
  0x0F, 0xFC, 0x00, 0x7F, 0xE0, 0x03, 0xFF, 0x00, 0x1F, 0xF8, 0x00, 0xFF,
  0xC0, 0x07, 0xFE, 0x00, 0x3F, 0xF0, 0x01, 0xFF, 0x80, 0x0F, 0xFC, 0x00,
  0x7F, 0xE0, 0x03, 0xFF, 0x00, 0x1F, 0xF8, 0x00, 0xFF, 0xC0, 0x07, 0xFE,
  0x00, 0x3F, 0xF0, 0x01, 0xFF, 0x80, 0x0F, 0xFC, 0x00, 0x7F, 0xE0, 0x03,
  0xFF, 0x00, 0x1F, 0xF8, 0x00, 0xFF, 0xC0, 0x07, 0xFE, 0x00, 0x3F, 0xF0,
  0x01, 0xFF, 0x80, 0x0F, 0xFC, 0x00, 0x7F, 0xE0, 0x03, 0xFF, 0x00, 0x1F,
  0xF8, 0x00, 0xFF, 0xC0, 0x07, 0xFE, 0x00, 0x3F, 0xF0, 0x01, 0xFF, 0xFF,
  0xFF, 0xFF, 0xFF, 0xFF, 0xFF, 0xFF, 0xFF, 0xFF, 0xFF, 0xFF, 0xFF, 0xFF,
  0xC0, 0x00, 0x07, 0xFF, 0x00, 0x00, 0x00, 0x3F, 0xFC, 0x00, 0x00, 0x03,
  0xFF, 0xE0, 0x00, 0x00, 0x1F, 0xFF, 0x00, 0x00, 0x00, 0xFF, 0xFC, 0x00,
  0x00, 0x0F, 0xFF, 0xE0, 0x00, 0x00, 0x7F, 0xFF, 0x80, 0x00, 0x07, 0xFF,
  0xFC, 0x00, 0x00, 0x3F, 0xFF, 0xF0, 0x00, 0x01, 0xFE, 0xFF, 0x80, 0x00,
  0x1F, 0xF3, 0xFC, 0x00, 0x00, 0xFF, 0x1F, 0xF0, 0x00, 0x0F, 0xF8, 0xFF,
  0x80, 0x00, 0x7F, 0xC3, 0xFE, 0x00, 0x07, 0xFC, 0x1F, 0xF0, 0x00, 0x3F,
  0xE0, 0xFF, 0x80, 0x01, 0xFF, 0x03, 0xFE, 0x00, 0x1F, 0xF0, 0x1F, 0xF0,
  0x00, 0xFF, 0x80, 0xFF, 0xC0, 0x0F, 0xFC, 0x03, 0xFE, 0x00, 0x7F, 0xC0,
  0x1F, 0xF0, 0x03, 0xFE, 0x00, 0xFF, 0xC0, 0x3F, 0xF0, 0x03, 0xFE, 0x01,
  0xFF, 0x00, 0x1F, 0xF8, 0x1F, 0xF8, 0x00, 0x7F, 0xC0, 0xFF, 0xC0, 0x03,
  0xFE, 0x07, 0xFC, 0x00, 0x1F, 0xF8, 0x7F, 0xE0, 0x00, 0x7F, 0xC3, 0xFE,
  0x00, 0x03, 0xFF, 0x3F, 0xF0, 0x00, 0x1F, 0xF9, 0xFF, 0x80, 0x00, 0x7F,
  0xEF, 0xF8, 0x00, 0x03, 0xFF, 0xFF, 0xFF, 0xFF, 0xFF, 0xFF, 0xFF, 0xFF,
  0xFF, 0xFF, 0xFF, 0xFF, 0xFF, 0xFF, 0xFF, 0xFF, 0xFF, 0xFF, 0xFF, 0xFF,
  0xFF, 0xFF, 0xFF, 0xFF, 0xFF, 0xFF, 0xFF, 0xFF, 0xFF, 0xFF, 0xFF, 0xFF,
  0xFF, 0xFF, 0xFF, 0xFF, 0xC0, 0xFF, 0xC0, 0x7F, 0xE0, 0x7F, 0xE0, 0x3F,
  0xE0, 0x3F, 0xE0, 0x1F, 0xF0, 0x1F, 0xF0, 0x0F, 0xF0, 0x07, 0xF8, 0x07,
  0xF8, 0x03, 0xF8, 0x03, 0xF8, 0x01, 0xFC, 0x01, 0xFC, 0x00, 0xFC, 0x00,
  0xFE, 0x00, 0x7E, 0x00, 0x3E, 0x00, 0x3F, 0x00, 0x07, 0xFE, 0x00, 0x00,
  0x1F, 0xFF, 0xF0, 0x00, 0x1F, 0xFF, 0xFE, 0x00, 0x0F, 0xFF, 0xFF, 0xC0,
  0x07, 0xFF, 0xFF, 0xF8, 0x03, 0xFF, 0xFF, 0xFF, 0x00, 0xFF, 0xFF, 0xFF,
  0xE0, 0x7F, 0xFF, 0xFF, 0xF8, 0x1F, 0xFC, 0x0F, 0xFF, 0x0F, 0xFE, 0x01,
  0xFF, 0xC3, 0xFF, 0x00, 0x3F, 0xF0, 0xFF, 0xC0, 0x0F, 0xFC, 0x3F, 0xE0,
  0x01, 0xFF, 0x9F, 0xF8, 0x00, 0x7F, 0xE7, 0xFE, 0x00, 0x1F, 0xF9, 0xFF,
  0x80, 0x07, 0xFE, 0x7F, 0xE0, 0x01, 0xFF, 0x9F, 0xF8, 0x00, 0x7F, 0xE7,
  0xFE, 0x00, 0x1F, 0xF8, 0x00, 0x00, 0x07, 0xFE, 0x00, 0x00, 0x01, 0xFF,
  0x80, 0x00, 0x00, 0x7F, 0xE0, 0x00, 0x00, 0x1F, 0xF8, 0x00, 0x00, 0x3F,
  0xFE, 0x00, 0x00, 0x3F, 0xFF, 0x80, 0x00, 0x3F, 0xFF, 0xE0, 0x00, 0x7F,
  0xFF, 0xF8, 0x00, 0x7F, 0xFF, 0xFE, 0x00, 0x3F, 0xFF, 0xFF, 0x80, 0x3F,
  0xFF, 0x7F, 0xE0, 0x1F, 0xFF, 0x1F, 0xF8, 0x0F, 0xFF, 0x87, 0xFE, 0x07,
  0xFF, 0x81, 0xFF, 0x83, 0xFF, 0xC0, 0x7F, 0xE1, 0xFF, 0xE0, 0x1F, 0xF8,
  0xFF, 0xF0, 0x07, 0xFE, 0x3F, 0xF8, 0x01, 0xFF, 0x9F, 0xFC, 0x00, 0x7F,
  0xE7, 0xFF, 0x00, 0x1F, 0xF9, 0xFF, 0x80, 0x07, 0xFE, 0x7F, 0xE0, 0x01,
  0xFF, 0xBF, 0xF8, 0x00, 0x7F, 0xEF, 0xFE, 0x00, 0x1F, 0xFB, 0xFF, 0x80,
  0x07, 0xFE, 0xFF, 0xE0, 0x01, 0xFF, 0xBF, 0xF8, 0x00, 0x7F, 0xEF, 0xFF,
  0x00, 0x3F, 0xFB, 0xFF, 0xC0, 0x1F, 0xFE, 0xFF, 0xF8, 0x0F, 0xFF, 0xBF,
  0xFF, 0x0F, 0xFF, 0xE7, 0xFF, 0xFF, 0xFF, 0xF9, 0xFF, 0xFF, 0xFB, 0xFE,
  0x3F, 0xFF, 0xFC, 0xFF, 0x8F, 0xFF, 0xFF, 0x3F, 0xE1, 0xFF, 0xFF, 0x8F,
  0xF8, 0x3F, 0xFF, 0xC3, 0xFF, 0x07, 0xFF, 0xE0, 0xFF, 0xC0, 0xFF, 0xF0,
  0x1F, 0xF0, 0x0F, 0xE0, 0x00, 0x00, 0xFF, 0xC0, 0x00, 0x00, 0x3F, 0xF0,
  0x00, 0x00, 0x0F, 0xFC, 0x00, 0x00, 0x03, 0xFF, 0x00, 0x00, 0x00, 0xFF,
  0xC0, 0x00, 0x00, 0x3F, 0xF0, 0x00, 0x00, 0x0F, 0xFC, 0x00, 0x00, 0x03,
  0xFF, 0x00, 0x00, 0x00, 0xFF, 0xC0, 0x00, 0x00, 0x3F, 0xF0, 0x00, 0x00,
  0x0F, 0xFC, 0x00, 0x00, 0x03, 0xFF, 0x00, 0x00, 0x00, 0xFF, 0xC0, 0x00,
  0x00, 0x3F, 0xF0, 0x00, 0x00, 0x0F, 0xFC, 0x00, 0x00, 0x03, 0xFF, 0x00,
  0x00, 0x00, 0xFF, 0xC0, 0x00, 0x00, 0x3F, 0xF0, 0x00, 0x00, 0x0F, 0xFC,
  0x00, 0x00, 0x03, 0xFF, 0x00, 0x00, 0x00, 0xFF, 0xC0, 0x00, 0x00, 0x3F,
  0xF0, 0x00, 0x00, 0x0F, 0xFC, 0x07, 0xF8, 0x03, 0xFF, 0x07, 0xFF, 0x80,
  0xFF, 0xC7, 0xFF, 0xF0, 0x3F, 0xF3, 0xFF, 0xFE, 0x0F, 0xFD, 0xFF, 0xFF,
  0xC3, 0xFF, 0xFF, 0xFF, 0xF8, 0xFF, 0xFF, 0xFF, 0xFE, 0x3F, 0xFF, 0xFF,
  0xFF, 0xCF, 0xFF, 0xC0, 0xFF, 0xF3, 0xFF, 0xC0, 0x0F, 0xFC, 0xFF, 0xE0,
  0x03, 0xFF, 0xBF, 0xF0, 0x00, 0x7F, 0xEF, 0xFC, 0x00, 0x1F, 0xFB, 0xFF,
  0x00, 0x07, 0xFE, 0xFF, 0xC0, 0x00, 0xFF, 0xBF, 0xF0, 0x00, 0x3F, 0xFF,
  0xFC, 0x00, 0x0F, 0xFF, 0xFF, 0x00, 0x03, 0xFF, 0xFF, 0xC0, 0x00, 0xFF,
  0xFF, 0xF0, 0x00, 0x3F, 0xFF, 0xFC, 0x00, 0x0F, 0xFF, 0xFF, 0x00, 0x03,
  0xFF, 0xFF, 0xC0, 0x00, 0xFF, 0xFF, 0xF0, 0x00, 0x3F, 0xFF, 0xFC, 0x00,
  0x0F, 0xFF, 0xFF, 0x00, 0x03, 0xFF, 0xFF, 0xC0, 0x00, 0xFF, 0xFF, 0xF0,
  0x00, 0x3F, 0xFF, 0xFC, 0x00, 0x0F, 0xFF, 0xFF, 0x00, 0x03, 0xFF, 0xFF,
  0xC0, 0x00, 0xFF, 0xFF, 0xF0, 0x00, 0x3F, 0xFF, 0xFC, 0x00, 0x0F, 0xFF,
  0xFF, 0x00, 0x03, 0xFF, 0xFF, 0xC0, 0x00, 0xFF, 0xFF, 0xF0, 0x00, 0x3F,
  0xFF, 0xFC, 0x00, 0x0F, 0xFF, 0xFF, 0x00, 0x03, 0xFF, 0xFF, 0xC0, 0x00,
  0xFF, 0xFF, 0xF0, 0x00, 0x3F, 0xFF, 0xFC, 0x00, 0x0F, 0xFF, 0xFF, 0x00,
  0x03, 0xFF, 0xFF, 0xC0, 0x00, 0xFF, 0xFF, 0xF0, 0x00, 0x3F, 0xEF, 0xFC,
  0x00, 0x0F, 0xFB, 0xFF, 0x00, 0x07, 0xFE, 0xFF, 0xC0, 0x01, 0xFF, 0xBF,
  0xF0, 0x00, 0x7F, 0xEF, 0xFC, 0x00, 0x3F, 0xF3, 0xFF, 0xC0, 0x0F, 0xFC,
  0xFF, 0xFC, 0x0F, 0xFF, 0x3F, 0xFF, 0xFF, 0xFF, 0x8F, 0xFF, 0xFF, 0xFF,
  0xE3, 0xFF, 0xFF, 0xFF, 0xF0, 0xFF, 0xFF, 0xFF, 0xF8, 0x3F, 0xF7, 0xFF,
  0xFE, 0x0F, 0xFC, 0x7F, 0xFF, 0x03, 0xFF, 0x0F, 0xFF, 0x00, 0x00, 0x00,
  0xFF, 0x00, 0x00, 0x00, 0x1F, 0xFC, 0x00, 0x00, 0xFF, 0xFF, 0x80, 0x03,
  0xFF, 0xFF, 0xE0, 0x07, 0xFF, 0xFF, 0xF0, 0x0F, 0xFF, 0xFF, 0xF8, 0x1F,
  0xFF, 0xFF, 0xFC, 0x1F, 0xFF, 0xFF, 0xFC, 0x3F, 0xFF, 0xFF, 0xFE, 0x3F,
  0xF8, 0x1F, 0xFE, 0x3F, 0xF0, 0x0F, 0xFE, 0x7F, 0xE0, 0x07, 0xFE, 0x7F,
  0xE0, 0x07, 0xFF, 0x7F, 0xE0, 0x03, 0xFF, 0x7F, 0xC0, 0x03, 0xFF, 0x7F,
  0xC0, 0x03, 0xFF, 0xFF, 0xC0, 0x03, 0xFF, 0xFF, 0xC0, 0x03, 0xFF, 0xFF,
  0xC0, 0x03, 0xFF, 0xFF, 0xC0, 0x03, 0xFF, 0xFF, 0xC0, 0x03, 0xFF, 0xFF,
  0xC0, 0x03, 0xFF, 0xFF, 0xC0, 0x03, 0xFF, 0xFF, 0xC0, 0x00, 0x00, 0xFF,
  0xC0, 0x00, 0x00, 0xFF, 0xC0, 0x00, 0x00, 0xFF, 0xC0, 0x00, 0x00, 0xFF,
  0xC0, 0x00, 0x00, 0xFF, 0xC0, 0x00, 0x00, 0xFF, 0xC0, 0x00, 0x00, 0xFF,
  0xC0, 0x00, 0x00, 0xFF, 0xC0, 0x00, 0x00, 0xFF, 0xC0, 0x00, 0x00, 0xFF,
  0xC0, 0x00, 0x00, 0xFF, 0xC0, 0x00, 0x00, 0xFF, 0xC0, 0x00, 0x00, 0xFF,
  0xC0, 0x00, 0x00, 0xFF, 0xC0, 0x03, 0xFF, 0xFF, 0xC0, 0x03, 0xFF, 0xFF,
  0xC0, 0x03, 0xFF, 0xFF, 0xC0, 0x03, 0xFF, 0xFF, 0xC0, 0x03, 0xFF, 0xFF,
  0xC0, 0x03, 0xFF, 0xFF, 0xC0, 0x03, 0xFF, 0xFF, 0xC0, 0x03, 0xFF, 0x7F,
  0xC0, 0x03, 0xFF, 0x7F, 0xC0, 0x03, 0xFF, 0x7F, 0xE0, 0x03, 0xFF, 0x7F,
  0xE0, 0x07, 0xFE, 0x7F, 0xE0, 0x07, 0xFE, 0x3F, 0xF0, 0x0F, 0xFE, 0x3F,
  0xFC, 0x1F, 0xFE, 0x3F, 0xFF, 0xFF, 0xFC, 0x1F, 0xFF, 0xFF, 0xFC, 0x1F,
  0xFF, 0xFF, 0xF8, 0x0F, 0xFF, 0xFF, 0xF8, 0x07, 0xFF, 0xFF, 0xF0, 0x03,
  0xFF, 0xFF, 0xC0, 0x00, 0xFF, 0xFF, 0x80, 0x00, 0x1F, 0xFC, 0x00, 0x00,
  0x00, 0x00, 0xFF, 0xC0, 0x00, 0x00, 0x3F, 0xF0, 0x00, 0x00, 0x0F, 0xFC,
  0x00, 0x00, 0x03, 0xFF, 0x00, 0x00, 0x00, 0xFF, 0xC0, 0x00, 0x00, 0x3F,
  0xF0, 0x00, 0x00, 0x0F, 0xFC, 0x00, 0x00, 0x03, 0xFF, 0x00, 0x00, 0x00,
  0xFF, 0xC0, 0x00, 0x00, 0x3F, 0xF0, 0x00, 0x00, 0x0F, 0xFC, 0x00, 0x00,
  0x03, 0xFF, 0x00, 0x00, 0x00, 0xFF, 0xC0, 0x00, 0x00, 0x3F, 0xF0, 0x00,
  0x00, 0x0F, 0xFC, 0x00, 0x00, 0x03, 0xFF, 0x00, 0x00, 0x00, 0xFF, 0xC0,
  0x00, 0x00, 0x3F, 0xF0, 0x00, 0x00, 0x0F, 0xFC, 0x00, 0x00, 0x03, 0xFF,
  0x00, 0x00, 0x00, 0xFF, 0xC0, 0x00, 0x00, 0x3F, 0xF0, 0x03, 0xFC, 0x0F,
  0xFC, 0x03, 0xFF, 0xC3, 0xFF, 0x03, 0xFF, 0xFC, 0xFF, 0xC1, 0xFF, 0xFF,
  0xBF, 0xF0, 0xFF, 0xFF, 0xFF, 0xFC, 0x3F, 0xFF, 0xFF, 0xFF, 0x1F, 0xFF,
  0xFF, 0xFF, 0xC7, 0xFF, 0xFF, 0xFF, 0xF3, 0xFF, 0xC0, 0xFF, 0xFC, 0xFF,
  0xE0, 0x0F, 0xFF, 0x3F, 0xF0, 0x00, 0xFF, 0xDF, 0xF8, 0x00, 0x3F, 0xF7,
  0xFE, 0x00, 0x0F, 0xFD, 0xFF, 0x80, 0x03, 0xFF, 0x7F, 0xE0, 0x00, 0xFF,
  0xDF, 0xF0, 0x00, 0x3F, 0xFF, 0xFC, 0x00, 0x0F, 0xFF, 0xFF, 0x00, 0x03,
  0xFF, 0xFF, 0xC0, 0x00, 0xFF, 0xFF, 0xF0, 0x00, 0x3F, 0xFF, 0xFC, 0x00,
  0x0F, 0xFF, 0xFF, 0x00, 0x03, 0xFF, 0xFF, 0xC0, 0x00, 0xFF, 0xFF, 0xF0,
  0x00, 0x3F, 0xFF, 0xFC, 0x00, 0x0F, 0xFF, 0xFF, 0x00, 0x03, 0xFF, 0xFF,
  0xC0, 0x00, 0xFF, 0xFF, 0xF0, 0x00, 0x3F, 0xFF, 0xFC, 0x00, 0x0F, 0xFF,
  0xFF, 0x00, 0x03, 0xFF, 0xFF, 0xC0, 0x00, 0xFF, 0xFF, 0xF0, 0x00, 0x3F,
  0xFF, 0xFC, 0x00, 0x0F, 0xFF, 0xFF, 0x00, 0x03, 0xFF, 0xFF, 0xC0, 0x00,
  0xFF, 0xFF, 0xF0, 0x00, 0x3F, 0xFF, 0xFC, 0x00, 0x0F, 0xFF, 0xFF, 0x00,
  0x03, 0xFF, 0xFF, 0xC0, 0x00, 0xFF, 0xFF, 0xF0, 0x00, 0x3F, 0xFF, 0xFC,
  0x00, 0x0F, 0xFF, 0xFF, 0x00, 0x03, 0xFF, 0xFF, 0xC0, 0x00, 0xFF, 0xFF,
  0xF0, 0x00, 0x3F, 0xF7, 0xFE, 0x00, 0x0F, 0xFD, 0xFF, 0x80, 0x03, 0xFF,
  0x7F, 0xE0, 0x00, 0xFF, 0xDF, 0xF8, 0x00, 0x3F, 0xF7, 0xFF, 0x00, 0x0F,
  0xFC, 0xFF, 0xE0, 0x07, 0xFF, 0x3F, 0xFC, 0x0F, 0xFF, 0xCF, 0xFF, 0xFF,
  0xFF, 0xF1, 0xFF, 0xFF, 0xFF, 0xFC, 0x7F, 0xFF, 0xFF, 0xFF, 0x0F, 0xFF,
  0xFF, 0xFF, 0xC1, 0xFF, 0xFF, 0xBF, 0xF0, 0x3F, 0xFF, 0xCF, 0xFC, 0x03,
  0xFF, 0xC3, 0xFF, 0x00, 0x3F, 0xC0, 0x00, 0x00, 0x00, 0x0F, 0xFC, 0x00,
  0x00, 0x3F, 0xFF, 0xC0, 0x00, 0x7F, 0xFF, 0xF8, 0x00, 0xFF, 0xFF, 0xFE,
  0x00, 0xFF, 0xFF, 0xFF, 0x80, 0x7F, 0xFF, 0xFF, 0xE0, 0x7F, 0xFF, 0xFF,
  0xF0, 0x7F, 0xFF, 0xFF, 0xFC, 0x3F, 0xFC, 0x0F, 0xFE, 0x1F, 0xF8, 0x03,
  0xFF, 0x1F, 0xF8, 0x00, 0xFF, 0xCF, 0xFC, 0x00, 0x7F, 0xE7, 0xFE, 0x00,
  0x3F, 0xF3, 0xFE, 0x00, 0x0F, 0xF9, 0xFF, 0x00, 0x07, 0xFD, 0xFF, 0x80,
  0x03, 0xFE, 0xFF, 0xC0, 0x01, 0xFF, 0xFF, 0xE0, 0x00, 0xFF, 0xFF, 0xF0,
  0x00, 0x7F, 0xFF, 0xF8, 0x00, 0x3F, 0xFF, 0xFC, 0x00, 0x1F, 0xFF, 0xFE,
  0x00, 0x0F, 0xFF, 0xFF, 0x00, 0x07, 0xFF, 0xFF, 0x80, 0x03, 0xFF, 0xFF,
  0xFF, 0xFF, 0xFF, 0xFF, 0xFF, 0xFF, 0xFF, 0xFF, 0xFF, 0xFF, 0xFF, 0xFF,
  0xFF, 0xFF, 0xFF, 0xFF, 0xFF, 0xFF, 0xFF, 0xFF, 0xFF, 0xFF, 0xFF, 0xFF,
  0xFF, 0x00, 0x00, 0x01, 0xFF, 0x80, 0x00, 0x00, 0xFF, 0xC0, 0x00, 0x00,
  0x7F, 0xE0, 0x00, 0x00, 0x3F, 0xF0, 0x00, 0x00, 0x1F, 0xF8, 0x00, 0x00,
  0x0F, 0xFC, 0x00, 0x00, 0x07, 0xFE, 0x00, 0x00, 0x03, 0xFF, 0x00, 0x07,
  0xFF, 0xFF, 0x80, 0x03, 0xFF, 0xFF, 0xC0, 0x01, 0xFF, 0xFF, 0xE0, 0x00,
  0xFF, 0xFF, 0xF0, 0x00, 0x7F, 0xFF, 0xF8, 0x00, 0x3F, 0xF7, 0xFC, 0x00,
  0x1F, 0xFB, 0xFE, 0x00, 0x0F, 0xFD, 0xFF, 0x80, 0x07, 0xFC, 0xFF, 0xC0,
  0x07, 0xFE, 0x7F, 0xE0, 0x03, 0xFF, 0x1F, 0xF8, 0x03, 0xFF, 0x8F, 0xFF,
  0x03, 0xFF, 0x87, 0xFF, 0xFF, 0xFF, 0xC1, 0xFF, 0xFF, 0xFF, 0xC0, 0x7F,
  0xFF, 0xFF, 0xE0, 0x3F, 0xFF, 0xFF, 0xE0, 0x0F, 0xFF, 0xFF, 0xE0, 0x01,
  0xFF, 0xFF, 0xE0, 0x00, 0x7F, 0xFF, 0xC0, 0x00, 0x03, 0xFF, 0x00, 0x00,
  0x00, 0x01, 0xFF, 0x80, 0x03, 0xFF, 0xF0, 0x01, 0xFF, 0xFC, 0x00, 0xFF,
  0xFF, 0x00, 0x7F, 0xFF, 0xC0, 0x1F, 0xFF, 0xF0, 0x0F, 0xFF, 0xFC, 0x03,
  0xFF, 0xFF, 0x00, 0xFF, 0xE0, 0x00, 0x3F, 0xF0, 0x00, 0x1F, 0xFC, 0x00,
  0x07, 0xFE, 0x00, 0x01, 0xFF, 0x80, 0x00, 0x7F, 0xE0, 0x00, 0x1F, 0xF8,
  0x00, 0x07, 0xFE, 0x00, 0x01, 0xFF, 0x80, 0x00, 0x7F, 0xE0, 0x00, 0x1F,
  0xF8, 0x00, 0x07, 0xFE, 0x00, 0xFF, 0xFF, 0xFF, 0xFF, 0xFF, 0xFF, 0xFF,
  0xFF, 0xFF, 0xFF, 0xFF, 0xFF, 0xFF, 0xFF, 0xFF, 0xFF, 0xFF, 0xFF, 0xFF,
  0xFF, 0xFF, 0xFF, 0xFF, 0xFF, 0xFF, 0xFF, 0x01, 0xFF, 0x80, 0x00, 0x7F,
  0xE0, 0x00, 0x1F, 0xF8, 0x00, 0x07, 0xFE, 0x00, 0x01, 0xFF, 0x80, 0x00,
  0x7F, 0xE0, 0x00, 0x1F, 0xF8, 0x00, 0x07, 0xFE, 0x00, 0x01, 0xFF, 0x80,
  0x00, 0x7F, 0xE0, 0x00, 0x1F, 0xF8, 0x00, 0x07, 0xFE, 0x00, 0x01, 0xFF,
  0x80, 0x00, 0x7F, 0xE0, 0x00, 0x1F, 0xF8, 0x00, 0x07, 0xFE, 0x00, 0x01,
  0xFF, 0x80, 0x00, 0x7F, 0xE0, 0x00, 0x1F, 0xF8, 0x00, 0x07, 0xFE, 0x00,
  0x01, 0xFF, 0x80, 0x00, 0x7F, 0xE0, 0x00, 0x1F, 0xF8, 0x00, 0x07, 0xFE,
  0x00, 0x01, 0xFF, 0x80, 0x00, 0x7F, 0xE0, 0x00, 0x1F, 0xF8, 0x00, 0x07,
  0xFE, 0x00, 0x01, 0xFF, 0x80, 0x00, 0x7F, 0xE0, 0x00, 0x1F, 0xF8, 0x00,
  0x07, 0xFE, 0x00, 0x01, 0xFF, 0x80, 0x00, 0x7F, 0xE0, 0x00, 0x1F, 0xF8,
  0x00, 0x07, 0xFE, 0x00, 0x01, 0xFF, 0x80, 0x00, 0x7F, 0xE0, 0x00, 0x1F,
  0xF8, 0x00, 0x07, 0xFE, 0x00, 0x01, 0xFF, 0x80, 0x00, 0x7F, 0xE0, 0x00,
  0x1F, 0xF8, 0x00, 0x07, 0xFE, 0x00, 0x01, 0xFF, 0x80, 0x00, 0x7F, 0xE0,
  0x00, 0x1F, 0xF8, 0x00, 0x07, 0xFE, 0x00, 0x01, 0xFF, 0x80, 0x00, 0x7F,
  0xE0, 0x00, 0x00, 0x00, 0x00, 0x00, 0x00, 0x00, 0x00, 0xFF, 0x80, 0x01,
  0xC0, 0x01, 0xFF, 0xFC, 0x00, 0xF0, 0x01, 0xFF, 0xFF, 0xC0, 0xFC, 0x00,
  0xFF, 0xFF, 0xF8, 0x7F, 0x80, 0x7F, 0xFF, 0xFF, 0x3F, 0xE0, 0x3F, 0xFF,
  0xFF, 0xFF, 0xFC, 0x1F, 0xFF, 0xFF, 0xFF, 0xFF, 0x07, 0xFF, 0xFF, 0xFF,
  0xFF, 0x03, 0xFF, 0xC1, 0xFF, 0xFE, 0x00, 0xFF, 0xC0, 0x1F, 0xFC, 0x00,
  0x7F, 0xF0, 0x07, 0xFE, 0x00, 0x1F, 0xF8, 0x00, 0xFF, 0xC0, 0x07, 0xFE,
  0x00, 0x3F, 0xF0, 0x01, 0xFF, 0x80, 0x07, 0xFC, 0x00, 0xFF, 0xC0, 0x01,
  0xFF, 0x00, 0x3F, 0xF0, 0x00, 0x7F, 0xE0, 0x0F, 0xFC, 0x00, 0x1F, 0xF8,
  0x03, 0xFF, 0x00, 0x07, 0xFE, 0x00, 0xFF, 0xC0, 0x01, 0xFF, 0x80, 0x3F,
  0xF0, 0x00, 0x7F, 0xE0, 0x0F, 0xFC, 0x00, 0x1F, 0xF8, 0x03, 0xFF, 0x00,
  0x07, 0xFE, 0x00, 0xFF, 0xC0, 0x01, 0xFF, 0x80, 0x3F, 0xF0, 0x00, 0x7F,
  0xE0, 0x0F, 0xFC, 0x00, 0x1F, 0xF8, 0x03, 0xFF, 0x00, 0x07, 0xFE, 0x00,
  0xFF, 0xC0, 0x01, 0xFF, 0x80, 0x1F, 0xF8, 0x00, 0x7F, 0xC0, 0x07, 0xFE,
  0x00, 0x3F, 0xF0, 0x01, 0xFF, 0x80, 0x0F, 0xFC, 0x00, 0x7F, 0xF0, 0x03,
  0xFF, 0x00, 0x0F, 0xFC, 0x01, 0xFF, 0x80, 0x03, 0xFF, 0xC1, 0xFF, 0xE0,
  0x00, 0x7F, 0xFF, 0xFF, 0xF8, 0x00, 0x1F, 0xFF, 0xFF, 0xFC, 0x00, 0x03,
  0xFF, 0xFF, 0xFE, 0x00, 0x00, 0x7F, 0xFF, 0xFF, 0x80, 0x00, 0x0F, 0xFF,
  0xFF, 0xC0, 0x00, 0x07, 0xFF, 0xFF, 0xC0, 0x00, 0x03, 0xFF, 0xFF, 0xE0,
  0x00, 0x01, 0xFE, 0xFF, 0xC0, 0x00, 0x00, 0x7F, 0x00, 0x00, 0x00, 0x00,
  0x3F, 0x80, 0x00, 0x00, 0x00, 0x1F, 0xE0, 0x00, 0x00, 0x00, 0x07, 0xF8,
  0x00, 0x00, 0x00, 0x03, 0xFE, 0x00, 0x00, 0x00, 0x00, 0xFF, 0xE0, 0x00,
  0x00, 0x00, 0x3F, 0xFF, 0xFC, 0x00, 0x00, 0x0F, 0xFF, 0xFF, 0xFE, 0x00,
  0x03, 0xFF, 0xFF, 0xFF, 0xF0, 0x00, 0xFF, 0xFF, 0xFF, 0xFE, 0x00, 0x1F,
  0xFF, 0xFF, 0xFF, 0xC0, 0x03, 0xFF, 0xFF, 0xFF, 0xF8, 0x00, 0x7F, 0xFF,
  0xFF, 0xFF, 0x00, 0x07, 0xFF, 0xFF, 0xFF, 0xE0, 0x01, 0xFF, 0xFF, 0xFF,
  0xF8, 0x01, 0xFE, 0x01, 0xFF, 0xFE, 0x00, 0xFF, 0x00, 0x01, 0xFF, 0xC0,
  0x7F, 0x80, 0x00, 0x3F, 0xF0, 0x3F, 0xC0, 0x00, 0x07, 0xFC, 0x1F, 0xE0,
  0x00, 0x00, 0xFF, 0x07, 0xF8, 0x00, 0x00, 0x3F, 0xC3, 0xFE, 0x00, 0x00,
  0x0F, 0xF0, 0xFF, 0x80, 0x00, 0x03, 0xFC, 0x3F, 0xE0, 0x00, 0x00, 0xFF,
  0x0F, 0xFC, 0x00, 0x00, 0x7F, 0xC3, 0xFF, 0x80, 0x00, 0x3F, 0xE0, 0xFF,
  0xF8, 0x00, 0x7F, 0xF8, 0x3F, 0xFF, 0xFF, 0xFF, 0xFC, 0x07, 0xFF, 0xFF,
  0xFF, 0xFF, 0x01, 0xFF, 0xFF, 0xFF, 0xFF, 0x80, 0x3F, 0xFF, 0xFF, 0xFF,
  0xC0, 0x03, 0xFF, 0xFF, 0xFF, 0xE0, 0x00, 0x7F, 0xFF, 0xFF, 0xE0, 0x00,
  0x07, 0xFF, 0xFF, 0xE0, 0x00, 0x00, 0x0F, 0xFF, 0x80, 0x00, 0x00, 0xFF,
  0xC0, 0x00, 0x00, 0x7F, 0xE0, 0x00, 0x00, 0x3F, 0xF0, 0x00, 0x00, 0x1F,
  0xF8, 0x00, 0x00, 0x0F, 0xFC, 0x00, 0x00, 0x07, 0xFE, 0x00, 0x00, 0x03,
  0xFF, 0x00, 0x00, 0x01, 0xFF, 0x80, 0x00, 0x00, 0xFF, 0xC0, 0x00, 0x00,
  0x7F, 0xE0, 0x00, 0x00, 0x3F, 0xF0, 0x00, 0x00, 0x1F, 0xF8, 0x00, 0x00,
  0x0F, 0xFC, 0x00, 0x00, 0x07, 0xFE, 0x00, 0x00, 0x03, 0xFF, 0x00, 0x00,
  0x01, 0xFF, 0x80, 0x00, 0x00, 0xFF, 0xC0, 0x00, 0x00, 0x7F, 0xE0, 0x00,
  0x00, 0x3F, 0xF0, 0x00, 0x00, 0x1F, 0xF8, 0x00, 0x00, 0x0F, 0xFC, 0x00,
  0x00, 0x07, 0xFE, 0x00, 0x00, 0x03, 0xFF, 0x00, 0x3F, 0xC1, 0xFF, 0x80,
  0xFF, 0xF0, 0xFF, 0xC1, 0xFF, 0xFC, 0x7F, 0xE1, 0xFF, 0xFF, 0x3F, 0xF3,
  0xFF, 0xFF, 0xDF, 0xFB, 0xFF, 0xFF, 0xEF, 0xFF, 0xFF, 0xFF, 0xF7, 0xFF,
  0xFF, 0xFF, 0xFF, 0xFF, 0xFC, 0x1F, 0xFF, 0xFF, 0xF0, 0x07, 0xFF, 0xFF,
  0xF0, 0x03, 0xFF, 0xFF, 0xE0, 0x00, 0xFF, 0xFF, 0xF0, 0x00, 0x7F, 0xFF,
  0xF8, 0x00, 0x3F, 0xFF, 0xFC, 0x00, 0x1F, 0xFF, 0xFE, 0x00, 0x0F, 0xFF,
  0xFF, 0x00, 0x07, 0xFF, 0xFF, 0x80, 0x03, 0xFF, 0xFF, 0xC0, 0x01, 0xFF,
  0xFF, 0xE0, 0x00, 0xFF, 0xFF, 0xF0, 0x00, 0x7F, 0xFF, 0xF8, 0x00, 0x3F,
  0xFF, 0xFC, 0x00, 0x1F, 0xFF, 0xFE, 0x00, 0x0F, 0xFF, 0xFF, 0x00, 0x07,
  0xFF, 0xFF, 0x80, 0x03, 0xFF, 0xFF, 0xC0, 0x01, 0xFF, 0xFF, 0xE0, 0x00,
  0xFF, 0xFF, 0xF0, 0x00, 0x7F, 0xFF, 0xF8, 0x00, 0x3F, 0xFF, 0xFC, 0x00,
  0x1F, 0xFF, 0xFE, 0x00, 0x0F, 0xFF, 0xFF, 0x00, 0x07, 0xFF, 0xFF, 0x80,
  0x03, 0xFF, 0xFF, 0xC0, 0x01, 0xFF, 0xFF, 0xE0, 0x00, 0xFF, 0xFF, 0xF0,
  0x00, 0x7F, 0xFF, 0xF8, 0x00, 0x3F, 0xFF, 0xFC, 0x00, 0x1F, 0xFF, 0xFE,
  0x00, 0x0F, 0xFF, 0xFF, 0x00, 0x07, 0xFF, 0xFF, 0x80, 0x03, 0xFF, 0xFF,
  0xC0, 0x01, 0xFF, 0xFF, 0xE0, 0x00, 0xFF, 0xFF, 0xF0, 0x00, 0x7F, 0xFF,
  0xF8, 0x00, 0x3F, 0xFF, 0xFC, 0x00, 0x1F, 0xFF, 0xFE, 0x00, 0x0F, 0xFF,
  0xFF, 0x00, 0x07, 0xFF, 0xFF, 0x80, 0x03, 0xFF, 0xFF, 0xC0, 0x01, 0xFF,
  0xFF, 0xE0, 0x00, 0xFF, 0xFF, 0xF0, 0x00, 0x7F, 0xFF, 0xF8, 0x00, 0x3F,
  0xFF, 0xFC, 0x00, 0x1F, 0xFF, 0xFE, 0x00, 0x0F, 0xFF, 0xFF, 0x00, 0x07,
  0xFF, 0xFF, 0x80, 0x03, 0xFF, 0xFF, 0xFF, 0xFF, 0xFF, 0xFF, 0xFF, 0xFF,
  0xFF, 0xFF, 0xFF, 0xFF, 0xFF, 0xFF, 0xFC, 0x00, 0x00, 0x00, 0x00, 0x00,
  0x00, 0x00, 0x00, 0x00, 0x00, 0x00, 0xFF, 0xFF, 0xFF, 0xFF, 0xFF, 0xFF,
  0xFF, 0xFF, 0xFF, 0xFF, 0xFF, 0xFF, 0xFF, 0xFF, 0xFF, 0xFF, 0xFF, 0xFF,
  0xFF, 0xFF, 0xFF, 0xFF, 0xFF, 0xFF, 0xFF, 0xFF, 0xFF, 0xFF, 0xFF, 0xFF,
  0xFF, 0xFF, 0xFF, 0xFF, 0xFF, 0xFF, 0xFF, 0xFF, 0xFF, 0xFF, 0xFF, 0xFF,
  0xFF, 0xFF, 0xFF, 0xFF, 0xFF, 0xFF, 0xFF, 0xFF, 0xFF, 0xFF, 0xFF, 0xFF,
  0xFF, 0xFF, 0xFF, 0xFF, 0xFF, 0xFF, 0xFF, 0xFF, 0xFF, 0xFF, 0xFF, 0xFF,
  0xFF, 0xFF, 0xFF, 0xFF, 0xFF, 0xC0, 0x00, 0x7F, 0xE0, 0x0F, 0xFC, 0x01,
  0xFF, 0x80, 0x3F, 0xF0, 0x07, 0xFE, 0x00, 0xFF, 0xC0, 0x1F, 0xF8, 0x03,
  0xFF, 0x00, 0x7F, 0xE0, 0x0F, 0xFC, 0x01, 0xFF, 0x80, 0x00, 0x00, 0x00,
  0x00, 0x00, 0x00, 0x00, 0x00, 0x00, 0x00, 0x00, 0x00, 0x00, 0x00, 0x00,
  0x00, 0x00, 0x00, 0x00, 0x3F, 0xF0, 0x07, 0xFE, 0x00, 0xFF, 0xC0, 0x1F,
  0xF8, 0x03, 0xFF, 0x00, 0x7F, 0xE0, 0x0F, 0xFC, 0x01, 0xFF, 0x80, 0x3F,
  0xF0, 0x07, 0xFE, 0x00, 0xFF, 0xC0, 0x1F, 0xF8, 0x03, 0xFF, 0x00, 0x7F,
  0xE0, 0x0F, 0xFC, 0x01, 0xFF, 0x80, 0x3F, 0xF0, 0x07, 0xFE, 0x00, 0xFF,
  0xC0, 0x1F, 0xF8, 0x03, 0xFF, 0x00, 0x7F, 0xE0, 0x0F, 0xFC, 0x01, 0xFF,
  0x80, 0x3F, 0xF0, 0x07, 0xFE, 0x00, 0xFF, 0xC0, 0x1F, 0xF8, 0x03, 0xFF,
  0x00, 0x7F, 0xE0, 0x0F, 0xFC, 0x01, 0xFF, 0x80, 0x3F, 0xF0, 0x07, 0xFE,
  0x00, 0xFF, 0xC0, 0x1F, 0xF8, 0x03, 0xFF, 0x00, 0x7F, 0xE0, 0x0F, 0xFC,
  0x01, 0xFF, 0x80, 0x3F, 0xF0, 0x07, 0xFE, 0x00, 0xFF, 0xC0, 0x1F, 0xF8,
  0x03, 0xFF, 0x00, 0x7F, 0xE0, 0x0F, 0xFC, 0x01, 0xFF, 0x80, 0x3F, 0xF0,
  0x07, 0xFE, 0x00, 0xFF, 0xC0, 0x1F, 0xF8, 0x03, 0xFF, 0x00, 0x7F, 0xE0,
  0x0F, 0xFC, 0x01, 0xFF, 0x80, 0x3F, 0xF0, 0x07, 0xFE, 0x00, 0xFF, 0xC0,
  0x1F, 0xF8, 0x03, 0xFF, 0x00, 0xFF, 0xE0, 0x3F, 0xFC, 0x0F, 0xFF, 0x7F,
  0xFF, 0xEF, 0xFF, 0xF9, 0xFF, 0xFF, 0x3F, 0xFF, 0xC7, 0xFF, 0xF0, 0xFF,
  0xFC, 0x1F, 0xFF, 0x01, 0xFF, 0x00, 0x00, 0xFF, 0xC0, 0x00, 0x00, 0x0F,
  0xFC, 0x00, 0x00, 0x00, 0xFF, 0xC0, 0x00, 0x00, 0x0F, 0xFC, 0x00, 0x00,
  0x00, 0xFF, 0xC0, 0x00, 0x00, 0x0F, 0xFC, 0x00, 0x00, 0x00, 0xFF, 0xC0,
  0x00, 0x00, 0x0F, 0xFC, 0x00, 0x00, 0x00, 0xFF, 0xC0, 0x00, 0x00, 0x0F,
  0xFC, 0x00, 0x00, 0x00, 0xFF, 0xC0, 0x00, 0x00, 0x0F, 0xFC, 0x00, 0x00,
  0x00, 0xFF, 0xC0, 0x00, 0x00, 0x0F, 0xFC, 0x00, 0x00, 0x00, 0xFF, 0xC0,
  0x00, 0x00, 0x0F, 0xFC, 0x00, 0x00, 0x00, 0xFF, 0xC0, 0x00, 0x00, 0x0F,
  0xFC, 0x00, 0x00, 0x00, 0xFF, 0xC0, 0x00, 0x00, 0x0F, 0xFC, 0x00, 0x00,
  0x00, 0xFF, 0xC0, 0x00, 0x00, 0x0F, 0xFC, 0x00, 0x00, 0x00, 0xFF, 0xC0,
  0x00, 0x00, 0x0F, 0xFC, 0x00, 0x07, 0xFF, 0xFF, 0xC0, 0x00, 0xFF, 0xEF,
  0xFC, 0x00, 0x0F, 0xFE, 0xFF, 0xC0, 0x01, 0xFF, 0xCF, 0xFC, 0x00, 0x3F,
  0xFC, 0xFF, 0xC0, 0x03, 0xFF, 0x8F, 0xFC, 0x00, 0x7F, 0xF0, 0xFF, 0xC0,
  0x07, 0xFF, 0x0F, 0xFC, 0x00, 0xFF, 0xE0, 0xFF, 0xC0, 0x1F, 0xFE, 0x0F,
  0xFC, 0x01, 0xFF, 0xC0, 0xFF, 0xC0, 0x3F, 0xF8, 0x0F, 0xFC, 0x03, 0xFF,
  0x80, 0xFF, 0xC0, 0x7F, 0xF0, 0x0F, 0xFC, 0x0F, 0xFF, 0x00, 0xFF, 0xC0,
  0xFF, 0xE0, 0x0F, 0xFC, 0x1F, 0xFC, 0x00, 0xFF, 0xC3, 0xFF, 0xC0, 0x0F,
  0xFC, 0x3F, 0xF8, 0x00, 0xFF, 0xC7, 0xFF, 0x80, 0x0F, 0xFC, 0x7F, 0xF0,
  0x00, 0xFF, 0xCF, 0xFE, 0x00, 0x0F, 0xFD, 0xFF, 0xE0, 0x00, 0xFF, 0xDF,
  0xFE, 0x00, 0x0F, 0xFF, 0xFF, 0xF0, 0x00, 0xFF, 0xFF, 0xFF, 0x00, 0x0F,
  0xFF, 0xFF, 0xF0, 0x00, 0xFF, 0xFF, 0xFF, 0x80, 0x0F, 0xFF, 0xDF, 0xF8,
  0x00, 0xFF, 0xFD, 0xFF, 0xC0, 0x0F, 0xFF, 0x8F, 0xFC, 0x00, 0xFF, 0xF0,
  0xFF, 0xC0, 0x0F, 0xFF, 0x0F, 0xFE, 0x00, 0xFF, 0xE0, 0x7F, 0xE0, 0x0F,
  0xFC, 0x07, 0xFE, 0x00, 0xFF, 0xC0, 0x3F, 0xF0, 0x0F, 0xFC, 0x03, 0xFF,
  0x00, 0xFF, 0xC0, 0x3F, 0xF8, 0x0F, 0xFC, 0x01, 0xFF, 0x80, 0xFF, 0xC0,
  0x1F, 0xF8, 0x0F, 0xFC, 0x01, 0xFF, 0xC0, 0xFF, 0xC0, 0x0F, 0xFC, 0x0F,
  0xFC, 0x00, 0xFF, 0xC0, 0xFF, 0xC0, 0x0F, 0xFE, 0x0F, 0xFC, 0x00, 0x7F,
  0xE0, 0xFF, 0xC0, 0x07, 0xFF, 0x0F, 0xFC, 0x00, 0x3F, 0xF0, 0xFF, 0xC0,
  0x03, 0xFF, 0x0F, 0xFC, 0x00, 0x3F, 0xF8, 0xFF, 0xC0, 0x01, 0xFF, 0x8F,
  0xFC, 0x00, 0x1F, 0xF8, 0xFF, 0xC0, 0x01, 0xFF, 0xCF, 0xFC, 0x00, 0x0F,
  0xFC, 0xFF, 0xC0, 0x00, 0xFF, 0xEF, 0xFC, 0x00, 0x0F, 0xFE, 0xFF, 0xC0,
  0x00, 0x7F, 0xEF, 0xFC, 0x00, 0x07, 0xFF, 0xFF, 0xFF, 0xFF, 0xFF, 0xFF,
  0xFF, 0xFF, 0xFF, 0xFF, 0xFF, 0xFF, 0xFF, 0xFF, 0xFF, 0xFF, 0xFF, 0xFF,
  0xFF, 0xFF, 0xFF, 0xFF, 0xFF, 0xFF, 0xFF, 0xFF, 0xFF, 0xFF, 0xFF, 0xFF,
  0xFF, 0xFF, 0xFF, 0xFF, 0xFF, 0xFF, 0xFF, 0xFF, 0xFF, 0xFF, 0xFF, 0xFF,
  0xFF, 0xFF, 0xFF, 0xFF, 0xFF, 0xFF, 0xFF, 0xFF, 0xFF, 0xFF, 0xFF, 0xFF,
  0xFF, 0xFF, 0xFF, 0xFF, 0xFF, 0xFF, 0xFF, 0xFF, 0xFF, 0xFF, 0xFF, 0xFF,
  0xFF, 0xFF, 0xFF, 0xFF, 0xFF, 0xFF, 0xFF, 0xFF, 0xFF, 0xFF, 0xFF, 0xFF,
  0xFF, 0xFF, 0xFF, 0xFF, 0xFF, 0xFF, 0xFF, 0xFF, 0xFF, 0xFF, 0xFF, 0xFF,
  0xFF, 0xFF, 0xFF, 0xFF, 0xFF, 0xFF, 0xFF, 0xFF, 0xFF, 0xFF, 0xFF, 0x00,
  0x00, 0x1F, 0xC0, 0x00, 0x3F, 0x80, 0xFF, 0xC0, 0xFF, 0xF8, 0x01, 0xFF,
  0xE0, 0xFF, 0xC1, 0xFF, 0xFC, 0x07, 0xFF, 0xF8, 0xFF, 0xC7, 0xFF, 0xFE,
  0x0F, 0xFF, 0xF8, 0xFF, 0xCF, 0xFF, 0xFE, 0x1F, 0xFF, 0xFC, 0xFF, 0xDF,
  0xFF, 0xFF, 0x3F, 0xFF, 0xFE, 0xFF, 0xFF, 0xFF, 0xFF, 0x7F, 0xFF, 0xFE,
  0xFF, 0xFF, 0x07, 0xFF, 0xFE, 0x0F, 0xFE, 0xFF, 0xFC, 0x03, 0xFF, 0xF8,
  0x07, 0xFF, 0xFF, 0xF0, 0x03, 0xFF, 0xE0, 0x07, 0xFF, 0xFF, 0xE0, 0x01,
  0xFF, 0xC0, 0x03, 0xFF, 0xFF, 0xC0, 0x01, 0xFF, 0x80, 0x03, 0xFF, 0xFF,
  0xC0, 0x01, 0xFF, 0x80, 0x03, 0xFF, 0xFF, 0xC0, 0x01, 0xFF, 0x80, 0x03,
  0xFF, 0xFF, 0xC0, 0x01, 0xFF, 0x80, 0x03, 0xFF, 0xFF, 0xC0, 0x01, 0xFF,
  0x80, 0x03, 0xFF, 0xFF, 0xC0, 0x01, 0xFF, 0x80, 0x03, 0xFF, 0xFF, 0xC0,
  0x01, 0xFF, 0x80, 0x03, 0xFF, 0xFF, 0xC0, 0x01, 0xFF, 0x80, 0x03, 0xFF,
  0xFF, 0xC0, 0x01, 0xFF, 0x80, 0x03, 0xFF, 0xFF, 0xC0, 0x01, 0xFF, 0x80,
  0x03, 0xFF, 0xFF, 0xC0, 0x01, 0xFF, 0x80, 0x03, 0xFF, 0xFF, 0xC0, 0x01,
  0xFF, 0x80, 0x03, 0xFF, 0xFF, 0xC0, 0x01, 0xFF, 0x80, 0x03, 0xFF, 0xFF,
  0xC0, 0x01, 0xFF, 0x80, 0x03, 0xFF, 0xFF, 0xC0, 0x01, 0xFF, 0x80, 0x03,
  0xFF, 0xFF, 0xC0, 0x01, 0xFF, 0x80, 0x03, 0xFF, 0xFF, 0xC0, 0x01, 0xFF,
  0x80, 0x03, 0xFF, 0xFF, 0xC0, 0x01, 0xFF, 0x80, 0x03, 0xFF, 0xFF, 0xC0,
  0x01, 0xFF, 0x80, 0x03, 0xFF, 0xFF, 0xC0, 0x01, 0xFF, 0x80, 0x03, 0xFF,
  0xFF, 0xC0, 0x01, 0xFF, 0x80, 0x03, 0xFF, 0xFF, 0xC0, 0x01, 0xFF, 0x80,
  0x03, 0xFF, 0xFF, 0xC0, 0x01, 0xFF, 0x80, 0x03, 0xFF, 0xFF, 0xC0, 0x01,
  0xFF, 0x80, 0x03, 0xFF, 0xFF, 0xC0, 0x01, 0xFF, 0x80, 0x03, 0xFF, 0xFF,
  0xC0, 0x01, 0xFF, 0x80, 0x03, 0xFF, 0xFF, 0xC0, 0x01, 0xFF, 0x80, 0x03,
  0xFF, 0xFF, 0xC0, 0x01, 0xFF, 0x80, 0x03, 0xFF, 0xFF, 0xC0, 0x01, 0xFF,
  0x80, 0x03, 0xFF, 0xFF, 0xC0, 0x01, 0xFF, 0x80, 0x03, 0xFF, 0xFF, 0xC0,
  0x01, 0xFF, 0x80, 0x03, 0xFF, 0xFF, 0xC0, 0x01, 0xFF, 0x80, 0x03, 0xFF,
  0xFF, 0xC0, 0x01, 0xFF, 0x80, 0x03, 0xFF, 0xFF, 0xC0, 0x01, 0xFF, 0x80,
  0x03, 0xFF, 0xFF, 0xC0, 0x01, 0xFF, 0x80, 0x03, 0xFF, 0xFF, 0xC0, 0x01,
  0xFF, 0x80, 0x03, 0xFF, 0xFF, 0xC0, 0x01, 0xFF, 0x80, 0x03, 0xFF, 0xFF,
  0xC0, 0x01, 0xFF, 0x80, 0x03, 0xFF, 0xFF, 0xC0, 0x01, 0xFF, 0x80, 0x03,
  0xFF, 0xFF, 0xC0, 0x01, 0xFF, 0x80, 0x03, 0xFF, 0xFF, 0xC0, 0x01, 0xFF,
  0x80, 0x03, 0xFF, 0xFF, 0xC0, 0x01, 0xFF, 0x80, 0x03, 0xFF, 0xFF, 0xC0,
  0x01, 0xFF, 0x80, 0x03, 0xFF, 0xFF, 0xC0, 0x01, 0xFF, 0x80, 0x03, 0xFF,
  0xFF, 0xC0, 0x01, 0xFF, 0x80, 0x03, 0xFF, 0xFF, 0xC0, 0x01, 0xFF, 0x80,
  0x03, 0xFF, 0xFF, 0xC0, 0x01, 0xFF, 0x80, 0x03, 0xFF, 0x00, 0x00, 0x0F,
  0xF0, 0x7F, 0xE0, 0x3F, 0xFC, 0x3F, 0xF0, 0x7F, 0xFF, 0x1F, 0xF8, 0x7F,
  0xFF, 0xCF, 0xFC, 0xFF, 0xFF, 0xF7, 0xFE, 0xFF, 0xFF, 0xFB, 0xFF, 0xFF,
  0xFF, 0xFD, 0xFF, 0xFF, 0xFF, 0xFF, 0xFF, 0xFE, 0x07, 0xFF, 0xFF, 0xFC,
  0x01, 0xFF, 0xFF, 0xF8, 0x00, 0xFF, 0xFF, 0xF8, 0x00, 0x3F, 0xFF, 0xFC,
  0x00, 0x1F, 0xFF, 0xFE, 0x00, 0x0F, 0xFF, 0xFF, 0x00, 0x07, 0xFF, 0xFF,
  0x80, 0x03, 0xFF, 0xFF, 0xC0, 0x01, 0xFF, 0xFF, 0xE0, 0x00, 0xFF, 0xFF,
  0xF0, 0x00, 0x7F, 0xFF, 0xF8, 0x00, 0x3F, 0xFF, 0xFC, 0x00, 0x1F, 0xFF,
  0xFE, 0x00, 0x0F, 0xFF, 0xFF, 0x00, 0x07, 0xFF, 0xFF, 0x80, 0x03, 0xFF,
  0xFF, 0xC0, 0x01, 0xFF, 0xFF, 0xE0, 0x00, 0xFF, 0xFF, 0xF0, 0x00, 0x7F,
  0xFF, 0xF8, 0x00, 0x3F, 0xFF, 0xFC, 0x00, 0x1F, 0xFF, 0xFE, 0x00, 0x0F,
  0xFF, 0xFF, 0x00, 0x07, 0xFF, 0xFF, 0x80, 0x03, 0xFF, 0xFF, 0xC0, 0x01,
  0xFF, 0xFF, 0xE0, 0x00, 0xFF, 0xFF, 0xF0, 0x00, 0x7F, 0xFF, 0xF8, 0x00,
  0x3F, 0xFF, 0xFC, 0x00, 0x1F, 0xFF, 0xFE, 0x00, 0x0F, 0xFF, 0xFF, 0x00,
  0x07, 0xFF, 0xFF, 0x80, 0x03, 0xFF, 0xFF, 0xC0, 0x01, 0xFF, 0xFF, 0xE0,
  0x00, 0xFF, 0xFF, 0xF0, 0x00, 0x7F, 0xFF, 0xF8, 0x00, 0x3F, 0xFF, 0xFC,
  0x00, 0x1F, 0xFF, 0xFE, 0x00, 0x0F, 0xFF, 0xFF, 0x00, 0x07, 0xFF, 0xFF,
  0x80, 0x03, 0xFF, 0xFF, 0xC0, 0x01, 0xFF, 0xFF, 0xE0, 0x00, 0xFF, 0xFF,
  0xF0, 0x00, 0x7F, 0xFF, 0xF8, 0x00, 0x3F, 0xFF, 0xFC, 0x00, 0x1F, 0xFF,
  0xFE, 0x00, 0x0F, 0xFF, 0xFF, 0x00, 0x07, 0xFF, 0xFF, 0x80, 0x03, 0xFF,
  0xFF, 0xC0, 0x01, 0xFF, 0xFF, 0xE0, 0x00, 0xFF, 0xC0, 0x00, 0x0F, 0xFC,
  0x00, 0x00, 0x3F, 0xFF, 0xC0, 0x00, 0x7F, 0xFF, 0xF0, 0x00, 0x7F, 0xFF,
  0xFE, 0x00, 0xFF, 0xFF, 0xFF, 0x80, 0x7F, 0xFF, 0xFF, 0xC0, 0x7F, 0xFF,
  0xFF, 0xF0, 0x7F, 0xFF, 0xFF, 0xFC, 0x3F, 0xFC, 0x1F, 0xFE, 0x1F, 0xF8,
  0x03, 0xFF, 0x1F, 0xF8, 0x00, 0xFF, 0xCF, 0xFC, 0x00, 0x7F, 0xE7, 0xFE,
  0x00, 0x3F, 0xF3, 0xFE, 0x00, 0x0F, 0xFB, 0xFF, 0x00, 0x07, 0xFF, 0xFF,
  0x80, 0x03, 0xFF, 0xFF, 0xC0, 0x01, 0xFF, 0xFF, 0xE0, 0x00, 0xFF, 0xFF,
  0xF0, 0x00, 0x7F, 0xFF, 0xF8, 0x00, 0x3F, 0xFF, 0xFC, 0x00, 0x1F, 0xFF,
  0xFE, 0x00, 0x0F, 0xFF, 0xFF, 0x00, 0x07, 0xFF, 0xFF, 0x80, 0x03, 0xFF,
  0xFF, 0xC0, 0x01, 0xFF, 0xFF, 0xE0, 0x00, 0xFF, 0xFF, 0xF0, 0x00, 0x7F,
  0xFF, 0xF8, 0x00, 0x3F, 0xFF, 0xFC, 0x00, 0x1F, 0xFF, 0xFE, 0x00, 0x0F,
  0xFF, 0xFF, 0x00, 0x07, 0xFF, 0xFF, 0x80, 0x03, 0xFF, 0xFF, 0xC0, 0x01,
  0xFF, 0xFF, 0xE0, 0x00, 0xFF, 0xFF, 0xF0, 0x00, 0x7F, 0xFF, 0xF8, 0x00,
  0x3F, 0xFF, 0xFC, 0x00, 0x1F, 0xFF, 0xFE, 0x00, 0x0F, 0xFF, 0xFF, 0x00,
  0x07, 0xFF, 0xFF, 0x80, 0x03, 0xFF, 0xFF, 0xC0, 0x01, 0xFF, 0xFF, 0xE0,
  0x00, 0xFF, 0xFF, 0xF0, 0x00, 0x7F, 0xFF, 0xF8, 0x00, 0x3F, 0xFF, 0xFC,
  0x00, 0x1F, 0xFB, 0xFE, 0x00, 0x0F, 0xF9, 0xFF, 0x80, 0x0F, 0xFC, 0xFF,
  0xC0, 0x07, 0xFE, 0x7F, 0xE0, 0x03, 0xFF, 0x1F, 0xF8, 0x03, 0xFF, 0x0F,
  0xFF, 0x07, 0xFF, 0x87, 0xFF, 0xFF, 0xFF, 0x81, 0xFF, 0xFF, 0xFF, 0xC0,
  0x7F, 0xFF, 0xFF, 0xC0, 0x3F, 0xFF, 0xFF, 0xC0, 0x0F, 0xFF, 0xFF, 0xC0,
  0x01, 0xFF, 0xFF, 0xC0, 0x00, 0x7F, 0xFF, 0x80, 0x00, 0x07, 0xFE, 0x00,
  0x00, 0x00, 0x00, 0x7F, 0x80, 0x3F, 0xF0, 0x7F, 0xF8, 0x0F, 0xFC, 0x7F,
  0xFF, 0x03, 0xFF, 0x3F, 0xFF, 0xE0, 0xFF, 0xDF, 0xFF, 0xFC, 0x3F, 0xFF,
  0xFF, 0xFF, 0x8F, 0xFF, 0xFF, 0xFF, 0xE3, 0xFF, 0xFF, 0xFF, 0xFC, 0xFF,
  0xFE, 0x0F, 0xFF, 0x3F, 0xFC, 0x00, 0xFF, 0xCF, 0xFE, 0x00, 0x3F, 0xFB,
  0xFF, 0x00, 0x07, 0xFE, 0xFF, 0xC0, 0x01, 0xFF, 0xBF, 0xF0, 0x00, 0x7F,
  0xEF, 0xFC, 0x00, 0x0F, 0xFB, 0xFF, 0x00, 0x03, 0xFF, 0xFF, 0xC0, 0x00,
  0xFF, 0xFF, 0xF0, 0x00, 0x3F, 0xFF, 0xFC, 0x00, 0x0F, 0xFF, 0xFF, 0x00,
  0x03, 0xFF, 0xFF, 0xC0, 0x00, 0xFF, 0xFF, 0xF0, 0x00, 0x3F, 0xFF, 0xFC,
  0x00, 0x0F, 0xFF, 0xFF, 0x00, 0x03, 0xFF, 0xFF, 0xC0, 0x00, 0xFF, 0xFF,
  0xF0, 0x00, 0x3F, 0xFF, 0xFC, 0x00, 0x0F, 0xFF, 0xFF, 0x00, 0x03, 0xFF,
  0xFF, 0xC0, 0x00, 0xFF, 0xFF, 0xF0, 0x00, 0x3F, 0xFF, 0xFC, 0x00, 0x0F,
  0xFF, 0xFF, 0x00, 0x03, 0xFF, 0xFF, 0xC0, 0x00, 0xFF, 0xFF, 0xF0, 0x00,
  0x3F, 0xFF, 0xFC, 0x00, 0x0F, 0xFF, 0xFF, 0x00, 0x03, 0xFF, 0xFF, 0xC0,
  0x00, 0xFF, 0xFF, 0xF0, 0x00, 0x3F, 0xFF, 0xFC, 0x00, 0x0F, 0xFF, 0xFF,
  0x00, 0x03, 0xFF, 0xFF, 0xC0, 0x00, 0xFF, 0xFF, 0xF0, 0x00, 0x3F, 0xFF,
  0xFC, 0x00, 0x0F, 0xFF, 0xFF, 0x00, 0x03, 0xFE, 0xFF, 0xC0, 0x00, 0xFF,
  0xBF, 0xF0, 0x00, 0x7F, 0xEF, 0xFC, 0x00, 0x1F, 0xFB, 0xFF, 0x00, 0x07,
  0xFE, 0xFF, 0xC0, 0x03, 0xFF, 0x3F, 0xFC, 0x00, 0xFF, 0xCF, 0xFF, 0xC0,
  0xFF, 0xF3, 0xFF, 0xFF, 0xFF, 0xF8, 0xFF, 0xFF, 0xFF, 0xFE, 0x3F, 0xFF,
  0xFF, 0xFF, 0x0F, 0xFF, 0xFF, 0xFF, 0x83, 0xFF, 0x7F, 0xFF, 0xE0, 0xFF,
  0xC7, 0xFF, 0xF0, 0x3F, 0xF0, 0xFF, 0xF0, 0x0F, 0xFC, 0x0F, 0xF0, 0x03,
  0xFF, 0x00, 0x00, 0x00, 0xFF, 0xC0, 0x00, 0x00, 0x3F, 0xF0, 0x00, 0x00,
  0x0F, 0xFC, 0x00, 0x00, 0x03, 0xFF, 0x00, 0x00, 0x00, 0xFF, 0xC0, 0x00,
  0x00, 0x3F, 0xF0, 0x00, 0x00, 0x0F, 0xFC, 0x00, 0x00, 0x03, 0xFF, 0x00,
  0x00, 0x00, 0xFF, 0xC0, 0x00, 0x00, 0x3F, 0xF0, 0x00, 0x00, 0x0F, 0xFC,
  0x00, 0x00, 0x03, 0xFF, 0x00, 0x00, 0x00, 0xFF, 0xC0, 0x00, 0x00, 0x3F,
  0xF0, 0x00, 0x00, 0x0F, 0xFC, 0x00, 0x00, 0x03, 0xFF, 0x00, 0x00, 0x00,
  0xFF, 0xC0, 0x00, 0x00, 0x00, 0x00, 0x3F, 0xC0, 0x00, 0x00, 0x3F, 0xFC,
  0x3F, 0xF0, 0x3F, 0xFF, 0xCF, 0xFC, 0x1F, 0xFF, 0xFB, 0xFF, 0x0F, 0xFF,
  0xFF, 0xFF, 0xC3, 0xFF, 0xFF, 0xFF, 0xF1, 0xFF, 0xFF, 0xFF, 0xFC, 0x7F,
  0xFF, 0xFF, 0xFF, 0x3F, 0xFC, 0x0F, 0xFF, 0xCF, 0xFE, 0x00, 0xFF, 0xF3,
  0xFF, 0x00, 0x0F, 0xFD, 0xFF, 0x80, 0x03, 0xFF, 0x7F, 0xE0, 0x00, 0xFF,
  0xDF, 0xF8, 0x00, 0x3F, 0xF7, 0xFE, 0x00, 0x0F, 0xFD, 0xFF, 0x00, 0x03,
  0xFF, 0xFF, 0xC0, 0x00, 0xFF, 0xFF, 0xF0, 0x00, 0x3F, 0xFF, 0xFC, 0x00,
  0x0F, 0xFF, 0xFF, 0x00, 0x03, 0xFF, 0xFF, 0xC0, 0x00, 0xFF, 0xFF, 0xF0,
  0x00, 0x3F, 0xFF, 0xFC, 0x00, 0x0F, 0xFF, 0xFF, 0x00, 0x03, 0xFF, 0xFF,
  0xC0, 0x00, 0xFF, 0xFF, 0xF0, 0x00, 0x3F, 0xFF, 0xFC, 0x00, 0x0F, 0xFF,
  0xFF, 0x00, 0x03, 0xFF, 0xFF, 0xC0, 0x00, 0xFF, 0xFF, 0xF0, 0x00, 0x3F,
  0xFF, 0xFC, 0x00, 0x0F, 0xFF, 0xFF, 0x00, 0x03, 0xFF, 0xFF, 0xC0, 0x00,
  0xFF, 0xFF, 0xF0, 0x00, 0x3F, 0xFF, 0xFC, 0x00, 0x0F, 0xFF, 0xFF, 0x00,
  0x03, 0xFF, 0xFF, 0xC0, 0x00, 0xFF, 0xFF, 0xF0, 0x00, 0x3F, 0xFF, 0xFC,
  0x00, 0x0F, 0xFF, 0xFF, 0x00, 0x03, 0xFF, 0xFF, 0xC0, 0x00, 0xFF, 0xFF,
  0xF0, 0x00, 0x3F, 0xFF, 0xFC, 0x00, 0x0F, 0xFF, 0xFF, 0x00, 0x03, 0xFF,
  0x7F, 0xE0, 0x00, 0xFF, 0xDF, 0xF8, 0x00, 0x3F, 0xF7, 0xFE, 0x00, 0x0F,
  0xFD, 0xFF, 0x80, 0x03, 0xFF, 0x7F, 0xF0, 0x00, 0xFF, 0xCF, 0xFE, 0x00,
  0x7F, 0xF3, 0xFF, 0xC0, 0xFF, 0xFC, 0xFF, 0xFF, 0xFF, 0xFF, 0x1F, 0xFF,
  0xFF, 0xFF, 0xC7, 0xFF, 0xFF, 0xFF, 0xF0, 0xFF, 0xFF, 0xFF, 0xFC, 0x1F,
  0xFF, 0xFB, 0xFF, 0x03, 0xFF, 0xFC, 0xFF, 0xC0, 0x3F, 0xFC, 0x3F, 0xF0,
  0x03, 0xFC, 0x0F, 0xFC, 0x00, 0x00, 0x03, 0xFF, 0x00, 0x00, 0x00, 0xFF,
  0xC0, 0x00, 0x00, 0x3F, 0xF0, 0x00, 0x00, 0x0F, 0xFC, 0x00, 0x00, 0x03,
  0xFF, 0x00, 0x00, 0x00, 0xFF, 0xC0, 0x00, 0x00, 0x3F, 0xF0, 0x00, 0x00,
  0x0F, 0xFC, 0x00, 0x00, 0x03, 0xFF, 0x00, 0x00, 0x00, 0xFF, 0xC0, 0x00,
  0x00, 0x3F, 0xF0, 0x00, 0x00, 0x0F, 0xFC, 0x00, 0x00, 0x03, 0xFF, 0x00,
  0x00, 0x00, 0xFF, 0xC0, 0x00, 0x00, 0x3F, 0xF0, 0x00, 0x00, 0x0F, 0xFC,
  0x00, 0x00, 0x03, 0xFF, 0x00, 0x00, 0x00, 0xFF, 0xC0, 0x00, 0x00, 0x0F,
  0xFF, 0xE0, 0x3F, 0xFF, 0xF0, 0x7F, 0xFF, 0xF8, 0x7F, 0xFF, 0xFC, 0x7F,
  0xFF, 0xFE, 0x7F, 0xFF, 0xFF, 0x7F, 0xFF, 0xFF, 0xBF, 0xFF, 0xFF, 0xFF,
  0xFF, 0xFF, 0xFF, 0xFF, 0xFF, 0xFF, 0x80, 0xFF, 0xFF, 0x00, 0x0F, 0xFF,
  0x00, 0x07, 0xFF, 0x00, 0x03, 0xFF, 0x80, 0x01, 0xFF, 0x80, 0x00, 0xFF,
  0xC0, 0x00, 0x7F, 0xE0, 0x00, 0x3F, 0xF0, 0x00, 0x1F, 0xF8, 0x00, 0x0F,
  0xFC, 0x00, 0x07, 0xFE, 0x00, 0x03, 0xFF, 0x00, 0x01, 0xFF, 0x80, 0x00,
  0xFF, 0xC0, 0x00, 0x7F, 0xE0, 0x00, 0x3F, 0xF0, 0x00, 0x1F, 0xF8, 0x00,
  0x0F, 0xFC, 0x00, 0x07, 0xFE, 0x00, 0x03, 0xFF, 0x00, 0x01, 0xFF, 0x80,
  0x00, 0xFF, 0xC0, 0x00, 0x7F, 0xE0, 0x00, 0x3F, 0xF0, 0x00, 0x1F, 0xF8,
  0x00, 0x0F, 0xFC, 0x00, 0x07, 0xFE, 0x00, 0x03, 0xFF, 0x00, 0x01, 0xFF,
  0x80, 0x00, 0xFF, 0xC0, 0x00, 0x7F, 0xE0, 0x00, 0x3F, 0xF0, 0x00, 0x1F,
  0xF8, 0x00, 0x0F, 0xFC, 0x00, 0x07, 0xFE, 0x00, 0x03, 0xFF, 0x00, 0x01,
  0xFF, 0x80, 0x00, 0xFF, 0xC0, 0x00, 0x7F, 0xE0, 0x00, 0x3F, 0xF0, 0x00,
  0x1F, 0xF8, 0x00, 0x0F, 0xFC, 0x00, 0x07, 0xFE, 0x00, 0x03, 0xFF, 0x00,
  0x01, 0xFF, 0x80, 0x00, 0xFF, 0xC0, 0x00, 0x7F, 0xE0, 0x00, 0x00, 0x00,
  0x1F, 0xF0, 0x00, 0x01, 0xFF, 0xF8, 0x00, 0x0F, 0xFF, 0xFC, 0x00, 0x3F,
  0xFF, 0xFC, 0x00, 0xFF, 0xFF, 0xFC, 0x03, 0xFF, 0xFF, 0xFC, 0x07, 0xFF,
  0xFF, 0xFC, 0x1F, 0xFF, 0xFF, 0xF8, 0x3F, 0xFC, 0x1F, 0xF8, 0x7F, 0xF0,
  0x1F, 0xF1, 0xFF, 0xC0, 0x1F, 0xE3, 0xFF, 0x00, 0x3F, 0xE7, 0xFE, 0x00,
  0x3F, 0xCF, 0xFC, 0x00, 0x7F, 0x9F, 0xF8, 0x00, 0xFF, 0x3F, 0xF0, 0x00,
  0xFE, 0x7F, 0xF0, 0x01, 0xE0, 0xFF, 0xE0, 0x02, 0x01, 0xFF, 0xE0, 0x00,
  0x01, 0xFF, 0xE0, 0x00, 0x03, 0xFF, 0xE0, 0x00, 0x03, 0xFF, 0xE0, 0x00,
  0x07, 0xFF, 0xE0, 0x00, 0x07, 0xFF, 0xE0, 0x00, 0x0F, 0xFF, 0xE0, 0x00,
  0x0F, 0xFF, 0xE0, 0x00, 0x0F, 0xFF, 0xE0, 0x00, 0x0F, 0xFF, 0xE0, 0x00,
  0x0F, 0xFF, 0xE0, 0x00, 0x07, 0xFF, 0xE0, 0x00, 0x07, 0xFF, 0xE0, 0x00,
  0x07, 0xFF, 0xE0, 0x00, 0x07, 0xFF, 0xE0, 0x00, 0x07, 0xFF, 0xC0, 0x00,
  0x07, 0xFF, 0xC0, 0x00, 0x07, 0xFF, 0xC0, 0x00, 0x03, 0xFF, 0x80, 0x00,
  0x03, 0xFF, 0x80, 0x00, 0x03, 0xFF, 0x00, 0x00, 0x07, 0xFE, 0x00, 0x80,
  0x07, 0xFE, 0x1F, 0x00, 0x0F, 0xFD, 0xFE, 0x00, 0x0F, 0xFF, 0xFC, 0x00,
  0x1F, 0xFF, 0xFC, 0x00, 0x3F, 0xFF, 0xF8, 0x00, 0x7F, 0xFF, 0xF0, 0x00,
  0xFF, 0xFF, 0xF0, 0x01, 0xFF, 0x7F, 0xE0, 0x07, 0xFE, 0xFF, 0xE0, 0x1F,
  0xF8, 0xFF, 0xF0, 0x7F, 0xF1, 0xFF, 0xFF, 0xFF, 0xE1, 0xFF, 0xFF, 0xFF,
  0x83, 0xFF, 0xFF, 0xFE, 0x03, 0xFF, 0xFF, 0xFC, 0x03, 0xFF, 0xFF, 0xE0,
  0x01, 0xFF, 0xFF, 0x80, 0x01, 0xFF, 0xFC, 0x00, 0x00, 0x7F, 0xC0, 0x00,
  0x03, 0xFF, 0x00, 0x00, 0xFF, 0xC0, 0x00, 0x3F, 0xF0, 0x00, 0x0F, 0xFC,
  0x00, 0x03, 0xFF, 0x00, 0x00, 0xFF, 0xC0, 0x00, 0x3F, 0xF0, 0x00, 0x0F,
  0xFC, 0x00, 0x03, 0xFF, 0x00, 0x00, 0xFF, 0xC0, 0x00, 0x3F, 0xF0, 0x00,
  0x0F, 0xFC, 0x00, 0x03, 0xFF, 0x00, 0x00, 0xFF, 0xC0, 0x00, 0x3F, 0xF0,
  0x00, 0x0F, 0xFC, 0x00, 0x03, 0xFF, 0x00, 0x3F, 0xFF, 0xFF, 0xFF, 0xFF,
  0xFF, 0xFF, 0xFF, 0xFF, 0xFF, 0xFF, 0xFF, 0xFF, 0xFF, 0xFF, 0xFF, 0xFF,
  0xFF, 0xFF, 0xFF, 0xFF, 0xFF, 0xFF, 0x03, 0xFF, 0x00, 0x00, 0xFF, 0xC0,
  0x00, 0x3F, 0xF0, 0x00, 0x0F, 0xFC, 0x00, 0x03, 0xFF, 0x00, 0x00, 0xFF,
  0xC0, 0x00, 0x3F, 0xF0, 0x00, 0x0F, 0xFC, 0x00, 0x03, 0xFF, 0x00, 0x00,
  0xFF, 0xC0, 0x00, 0x3F, 0xF0, 0x00, 0x0F, 0xFC, 0x00, 0x03, 0xFF, 0x00,
  0x00, 0xFF, 0xC0, 0x00, 0x3F, 0xF0, 0x00, 0x0F, 0xFC, 0x00, 0x03, 0xFF,
  0x00, 0x00, 0xFF, 0xC0, 0x00, 0x3F, 0xF0, 0x00, 0x0F, 0xFC, 0x00, 0x03,
  0xFF, 0x00, 0x00, 0xFF, 0xC0, 0x00, 0x3F, 0xF0, 0x00, 0x0F, 0xFC, 0x00,
  0x03, 0xFF, 0x00, 0x00, 0xFF, 0xC0, 0x00, 0x3F, 0xF0, 0x00, 0x0F, 0xFC,
  0x00, 0x03, 0xFF, 0x00, 0x00, 0xFF, 0xC0, 0x00, 0x3F, 0xF0, 0x00, 0x0F,
  0xFC, 0x00, 0x03, 0xFF, 0x00, 0x00, 0xFF, 0xC0, 0x00, 0x3F, 0xF0, 0x00,
  0x0F, 0xFC, 0x00, 0x03, 0xFF, 0x00, 0x00, 0xFF, 0xC0, 0x00, 0x3F, 0xF0,
  0x00, 0x0F, 0xFC, 0x00, 0x03, 0xFF, 0x80, 0x00, 0xFF, 0xE0, 0x00, 0x1F,
  0xFE, 0x00, 0x07, 0xFF, 0xFF, 0x01, 0xFF, 0xFF, 0xC0, 0x3F, 0xFF, 0xF0,
  0x0F, 0xFF, 0xFC, 0x01, 0xFF, 0xFF, 0x00, 0x3F, 0xFF, 0xC0, 0x03, 0xFF,
  0xF0, 0x00, 0x3F, 0xF8, 0xFF, 0xC0, 0x01, 0xFF, 0xFF, 0xE0, 0x00, 0xFF,
  0xFF, 0xF0, 0x00, 0x7F, 0xFF, 0xF8, 0x00, 0x3F, 0xFF, 0xFC, 0x00, 0x1F,
  0xFF, 0xFE, 0x00, 0x0F, 0xFF, 0xFF, 0x00, 0x07, 0xFF, 0xFF, 0x80, 0x03,
  0xFF, 0xFF, 0xC0, 0x01, 0xFF, 0xFF, 0xE0, 0x00, 0xFF, 0xFF, 0xF0, 0x00,
  0x7F, 0xFF, 0xF8, 0x00, 0x3F, 0xFF, 0xFC, 0x00, 0x1F, 0xFF, 0xFE, 0x00,
  0x0F, 0xFF, 0xFF, 0x00, 0x07, 0xFF, 0xFF, 0x80, 0x03, 0xFF, 0xFF, 0xC0,
  0x01, 0xFF, 0xFF, 0xE0, 0x00, 0xFF, 0xFF, 0xF0, 0x00, 0x7F, 0xFF, 0xF8,
  0x00, 0x3F, 0xFF, 0xFC, 0x00, 0x1F, 0xFF, 0xFE, 0x00, 0x0F, 0xFF, 0xFF,
  0x00, 0x07, 0xFF, 0xFF, 0x80, 0x03, 0xFF, 0xFF, 0xC0, 0x01, 0xFF, 0xFF,
  0xE0, 0x00, 0xFF, 0xFF, 0xF0, 0x00, 0x7F, 0xFF, 0xF8, 0x00, 0x3F, 0xFF,
  0xFC, 0x00, 0x1F, 0xFF, 0xFE, 0x00, 0x0F, 0xFF, 0xFF, 0x00, 0x07, 0xFF,
  0xFF, 0x80, 0x03, 0xFF, 0xFF, 0xC0, 0x01, 0xFF, 0xFF, 0xE0, 0x00, 0xFF,
  0xFF, 0xF0, 0x00, 0x7F, 0xFF, 0xF8, 0x00, 0x3F, 0xFF, 0xFC, 0x00, 0x1F,
  0xFF, 0xFE, 0x00, 0x0F, 0xFF, 0xFF, 0x00, 0x07, 0xFF, 0xFF, 0x80, 0x03,
  0xFF, 0xFF, 0xC0, 0x01, 0xFF, 0xFF, 0xE0, 0x00, 0xFF, 0xFF, 0xF0, 0x00,
  0x7F, 0xFF, 0xF8, 0x00, 0x3F, 0xFF, 0xFC, 0x00, 0x1F, 0xFF, 0xFE, 0x00,
  0x0F, 0xFF, 0xFF, 0x00, 0x07, 0xFF, 0xFF, 0xC0, 0x0F, 0xFF, 0xFF, 0xE0,
  0x0F, 0xFF, 0xFF, 0xF8, 0x1F, 0xFF, 0xFF, 0xFF, 0xFF, 0xFF, 0xEF, 0xFF,
  0xFF, 0xFF, 0xF7, 0xFF, 0xFF, 0xDF, 0xFB, 0xFF, 0xFF, 0xCF, 0xFC, 0xFF,
  0xFF, 0x87, 0xFE, 0x3F, 0xFF, 0x83, 0xFF, 0x0F, 0xFF, 0x01, 0xFF, 0x81,
  0xFC, 0x00, 0x00, 0x00, 0x7F, 0xE0, 0x00, 0x7F, 0xEF, 0xFC, 0x00, 0x0F,
  0xFD, 0xFF, 0x80, 0x01, 0xFF, 0xBF, 0xF8, 0x00, 0x7F, 0xF7, 0xFF, 0x00,
  0x0F, 0xFC, 0x7F, 0xE0, 0x01, 0xFF, 0x8F, 0xFC, 0x00, 0x3F, 0xF1, 0xFF,
  0x80, 0x07, 0xFE, 0x3F, 0xF0, 0x00, 0xFF, 0xC7, 0xFE, 0x00, 0x1F, 0xF0,
  0x7F, 0xE0, 0x07, 0xFE, 0x0F, 0xFC, 0x00, 0xFF, 0xC1, 0xFF, 0x80, 0x1F,
  0xF8, 0x3F, 0xF0, 0x03, 0xFF, 0x07, 0xFE, 0x00, 0x7F, 0xE0, 0xFF, 0xC0,
  0x0F, 0xF8, 0x0F, 0xFC, 0x03, 0xFF, 0x01, 0xFF, 0x80, 0x7F, 0xE0, 0x3F,
  0xF0, 0x0F, 0xFC, 0x07, 0xFE, 0x01, 0xFF, 0x80, 0xFF, 0xC0, 0x3F, 0xE0,
  0x0F, 0xF8, 0x07, 0xFC, 0x01, 0xFF, 0x00, 0xFF, 0x80, 0x3F, 0xF0, 0x3F,
  0xF0, 0x07, 0xFE, 0x07, 0xFE, 0x00, 0xFF, 0xC0, 0xFF, 0x80, 0x0F, 0xF8,
  0x1F, 0xF0, 0x01, 0xFF, 0x03, 0xFE, 0x00, 0x3F, 0xE0, 0x7F, 0xC0, 0x07,
  0xFE, 0x1F, 0xF8, 0x00, 0xFF, 0xC3, 0xFE, 0x00, 0x0F, 0xF8, 0x7F, 0xC0,
  0x01, 0xFF, 0x0F, 0xF8, 0x00, 0x3F, 0xE1, 0xFF, 0x00, 0x07, 0xFC, 0x3F,
  0xE0, 0x00, 0xFF, 0x87, 0xFC, 0x00, 0x0F, 0xF9, 0xFF, 0x00, 0x01, 0xFF,
  0x3F, 0xE0, 0x00, 0x3F, 0xE7, 0xFC, 0x00, 0x07, 0xFC, 0xFF, 0x80, 0x00,
  0xFF, 0x9F, 0xF0, 0x00, 0x0F, 0xF3, 0xFC, 0x00, 0x01, 0xFE, 0x7F, 0x80,
  0x00, 0x3F, 0xFF, 0xF0, 0x00, 0x07, 0xFF, 0xFE, 0x00, 0x00, 0xFF, 0xFF,
  0xC0, 0x00, 0x0F, 0xFF, 0xF0, 0x00, 0x01, 0xFF, 0xFE, 0x00, 0x00, 0x3F,
  0xFF, 0xC0, 0x00, 0x07, 0xFF, 0xF8, 0x00, 0x00, 0xFF, 0xFF, 0x00, 0x00,
  0x0F, 0xFF, 0xE0, 0x00, 0x01, 0xFF, 0xF8, 0x00, 0x00, 0x3F, 0xFF, 0x00,
  0x00, 0x07, 0xFF, 0xE0, 0x00, 0x00, 0xFF, 0xFC, 0x00, 0x00, 0x0F, 0xFF,
  0x80, 0x00, 0xFF, 0x00, 0x03, 0xFC, 0x00, 0x1F, 0xFF, 0xF8, 0x00, 0x7F,
  0xC0, 0x01, 0xFF, 0xFF, 0x80, 0x07, 0xFC, 0x00, 0x1F, 0xEF, 0xF8, 0x00,
  0x7F, 0xC0, 0x01, 0xFE, 0xFF, 0x80, 0x07, 0xFE, 0x00, 0x1F, 0xE7, 0xF8,
  0x00, 0x7F, 0xE0, 0x03, 0xFE, 0x7F, 0x80, 0x07, 0xFE, 0x00, 0x3F, 0xE7,
  0xF8, 0x00, 0xFF, 0xE0, 0x03, 0xFE, 0x7F, 0xC0, 0x0F, 0xFE, 0x00, 0x3F,
  0xC7, 0xFC, 0x00, 0xFF, 0xF0, 0x03, 0xFC, 0x7F, 0xC0, 0x0F, 0xFF, 0x00,
  0x3F, 0xC3, 0xFC, 0x00, 0xFF, 0xF0, 0x03, 0xFC, 0x3F, 0xC0, 0x0F, 0xFF,
  0x00, 0x7F, 0xC3, 0xFC, 0x01, 0xFF, 0xF0, 0x07, 0xFC, 0x3F, 0xC0, 0x1F,
  0xFF, 0x00, 0x7F, 0x83, 0xFE, 0x01, 0xFF, 0xF8, 0x07, 0xF8, 0x3F, 0xE0,
  0x1F, 0xFF, 0x80, 0x7F, 0x81, 0xFE, 0x01, 0xFF, 0xF8, 0x07, 0xF8, 0x1F,
  0xE0, 0x3F, 0xFF, 0x80, 0x7F, 0x81, 0xFE, 0x03, 0xFB, 0xF8, 0x0F, 0xF8,
  0x1F, 0xE0, 0x3F, 0x9F, 0x80, 0xFF, 0x01, 0xFE, 0x03, 0xF9, 0xFC, 0x0F,
  0xF0, 0x1F, 0xF0, 0x3F, 0x9F, 0xC0, 0xFF, 0x01, 0xFF, 0x03, 0xF9, 0xFC,
  0x0F, 0xF0, 0x0F, 0xF0, 0x7F, 0x1F, 0xC0, 0xFF, 0x00, 0xFF, 0x07, 0xF0,
  0xFC, 0x0F, 0xF0, 0x0F, 0xF0, 0x7F, 0x0F, 0xE1, 0xFE, 0x00, 0xFF, 0x07,
  0xF0, 0xFE, 0x1F, 0xE0, 0x0F, 0xF0, 0x7F, 0x0F, 0xE1, 0xFE, 0x00, 0xFF,
  0x0F, 0xE0, 0xFE, 0x1F, 0xE0, 0x07, 0xF8, 0xFE, 0x07, 0xE1, 0xFE, 0x00,
  0x7F, 0x8F, 0xE0, 0x7E, 0x1F, 0xE0, 0x07, 0xF8, 0xFE, 0x07, 0xF1, 0xFC,
  0x00, 0x7F, 0x8F, 0xE0, 0x7F, 0x3F, 0xC0, 0x07, 0xF8, 0xFE, 0x07, 0xF3,
  0xFC, 0x00, 0x7F, 0x9F, 0xC0, 0x7F, 0x3F, 0xC0, 0x03, 0xF9, 0xFC, 0x03,
  0xF3, 0xFC, 0x00, 0x3F, 0xDF, 0xC0, 0x3F, 0xBF, 0xC0, 0x03, 0xFD, 0xFC,
  0x03, 0xFB, 0xFC, 0x00, 0x3F, 0xDF, 0xC0, 0x3F, 0xBF, 0x80, 0x03, 0xFF,
  0xF8, 0x03, 0xFB, 0xF8, 0x00, 0x3F, 0xFF, 0x80, 0x1F, 0xFF, 0x80, 0x01,
  0xFF, 0xF8, 0x01, 0xFF, 0xF8, 0x00, 0x1F, 0xFF, 0x80, 0x1F, 0xFF, 0x80,
  0x01, 0xFF, 0xF8, 0x01, 0xFF, 0xF8, 0x00, 0x1F, 0xFF, 0x00, 0x1F, 0xFF,
  0x00, 0x01, 0xFF, 0xF0, 0x00, 0xFF, 0xF0, 0x00, 0x1F, 0xFF, 0x00, 0x0F,
  0xFF, 0x00, 0x01, 0xFF, 0xF0, 0x00, 0xFF, 0xF0, 0x00, 0x0F, 0xFF, 0x00,
  0x0F, 0xFF, 0x00, 0x00, 0xFF, 0xE0, 0x00, 0xFF, 0xF0, 0x00, 0x0F, 0xFE,
  0x00, 0x07, 0xFE, 0x00, 0x00, 0xFF, 0xE0, 0x00, 0x7F, 0xE0, 0x00, 0x0F,
  0xFE, 0x00, 0x07, 0xFE, 0x00, 0x00, 0xFF, 0xE0, 0x00, 0x7F, 0xE0, 0x00,
  0x07, 0xFE, 0x00, 0x07, 0xFE, 0x00, 0x00, 0x7F, 0xC0, 0x00, 0x3F, 0xE0,
  0x00, 0xFF, 0xC0, 0x00, 0x3F, 0xF7, 0xFE, 0x00, 0x07, 0xFE, 0x7F, 0xE0,
  0x00, 0x7F, 0xE3, 0xFF, 0x00, 0x0F, 0xFE, 0x3F, 0xF0, 0x00, 0xFF, 0xC1,
  0xFF, 0x80, 0x0F, 0xFC, 0x1F, 0xF8, 0x01, 0xFF, 0x80, 0xFF, 0xC0, 0x1F,
  0xF8, 0x0F, 0xFC, 0x03, 0xFF, 0x00, 0x7F, 0xE0, 0x3F, 0xF0, 0x07, 0xFE,
  0x03, 0xFE, 0x00, 0x7F, 0xE0, 0x7F, 0xE0, 0x03, 0xFF, 0x07, 0xFC, 0x00,
  0x3F, 0xF0, 0xFF, 0xC0, 0x01, 0xFF, 0x8F, 0xFC, 0x00, 0x1F, 0xF8, 0xFF,
  0x80, 0x00, 0xFF, 0xDF, 0xF8, 0x00, 0x0F, 0xFD, 0xFF, 0x00, 0x00, 0x7F,
  0xFF, 0xF0, 0x00, 0x07, 0xFF, 0xFE, 0x00, 0x00, 0x3F, 0xFF, 0xE0, 0x00,
  0x03, 0xFF, 0xFC, 0x00, 0x00, 0x1F, 0xFF, 0xC0, 0x00, 0x01, 0xFF, 0xF8,
  0x00, 0x00, 0x1F, 0xFF, 0x80, 0x00, 0x00, 0xFF, 0xF0, 0x00, 0x00, 0x0F,
  0xFF, 0x00, 0x00, 0x00, 0xFF, 0xF0, 0x00, 0x00, 0x0F, 0xFE, 0x00, 0x00,
  0x00, 0xFF, 0xF0, 0x00, 0x00, 0x1F, 0xFF, 0x00, 0x00, 0x01, 0xFF, 0xF8,
  0x00, 0x00, 0x3F, 0xFF, 0x80, 0x00, 0x03, 0xFF, 0xFC, 0x00, 0x00, 0x7F,
  0xFF, 0xC0, 0x00, 0x07, 0xFF, 0xFC, 0x00, 0x00, 0x7F, 0xFF, 0xE0, 0x00,
  0x0F, 0xFF, 0xFE, 0x00, 0x00, 0xFF, 0xBF, 0xF0, 0x00, 0x1F, 0xFB, 0xFF,
  0x00, 0x01, 0xFF, 0x1F, 0xF8, 0x00, 0x3F, 0xF1, 0xFF, 0x80, 0x03, 0xFF,
  0x0F, 0xFC, 0x00, 0x3F, 0xE0, 0xFF, 0xC0, 0x07, 0xFE, 0x07, 0xFE, 0x00,
  0x7F, 0xC0, 0x7F, 0xE0, 0x0F, 0xFC, 0x07, 0xFF, 0x00, 0xFF, 0xC0, 0x3F,
  0xF0, 0x1F, 0xF8, 0x03, 0xFF, 0x01, 0xFF, 0x80, 0x1F, 0xF8, 0x1F, 0xF0,
  0x01, 0xFF, 0x83, 0xFF, 0x00, 0x0F, 0xFC, 0x3F, 0xF0, 0x00, 0xFF, 0xC7,
  0xFE, 0x00, 0x07, 0xFE, 0x7F, 0xE0, 0x00, 0x7F, 0xEF, 0xFC, 0x00, 0x03,
  0xFF, 0xFF, 0xC0, 0x00, 0x3F, 0xF0, 0xFF, 0xE0, 0x00, 0x3F, 0xFF, 0xFE,
  0x00, 0x07, 0xFF, 0xFF, 0xE0, 0x00, 0x7F, 0xFF, 0xFE, 0x00, 0x07, 0xFE,
  0x7F, 0xE0, 0x00, 0x7F, 0xE7, 0xFE, 0x00, 0x07, 0xFE, 0x7F, 0xF0, 0x00,
  0x7F, 0xE7, 0xFF, 0x00, 0x0F, 0xFE, 0x3F, 0xF0, 0x00, 0xFF, 0xC3, 0xFF,
  0x00, 0x0F, 0xFC, 0x3F, 0xF0, 0x00, 0xFF, 0xC3, 0xFF, 0x00, 0x0F, 0xFC,
  0x1F, 0xF8, 0x01, 0xFF, 0x81, 0xFF, 0x80, 0x1F, 0xF8, 0x1F, 0xF8, 0x01,
  0xFF, 0x81, 0xFF, 0x80, 0x1F, 0xF8, 0x0F, 0xF8, 0x01, 0xFF, 0x80, 0xFF,
  0xC0, 0x1F, 0xF0, 0x0F, 0xFC, 0x03, 0xFF, 0x00, 0xFF, 0xC0, 0x3F, 0xF0,
  0x07, 0xFC, 0x03, 0xFF, 0x00, 0x7F, 0xC0, 0x3F, 0xE0, 0x07, 0xFC, 0x03,
  0xFE, 0x00, 0x7F, 0xE0, 0x3F, 0xE0, 0x07, 0xFE, 0x07, 0xFE, 0x00, 0x3F,
  0xE0, 0x7F, 0xE0, 0x03, 0xFE, 0x07, 0xFC, 0x00, 0x3F, 0xE0, 0x7F, 0xC0,
  0x03, 0xFF, 0x07, 0xFC, 0x00, 0x1F, 0xF0, 0x7F, 0xC0, 0x01, 0xFF, 0x0F,
  0xF8, 0x00, 0x1F, 0xF0, 0xFF, 0x80, 0x01, 0xFF, 0x0F, 0xF8, 0x00, 0x0F,
  0xF0, 0xFF, 0x80, 0x00, 0xFF, 0x8F, 0xF0, 0x00, 0x0F, 0xF8, 0xFF, 0x00,
  0x00, 0xFF, 0x9F, 0xF0, 0x00, 0x07, 0xF9, 0xFF, 0x00, 0x00, 0x7F, 0x9F,
  0xF0, 0x00, 0x07, 0xFD, 0xFE, 0x00, 0x00, 0x7F, 0xDF, 0xE0, 0x00, 0x07,
  0xFF, 0xFE, 0x00, 0x00, 0x3F, 0xFF, 0xE0, 0x00, 0x03, 0xFF, 0xFC, 0x00,
  0x00, 0x3F, 0xFF, 0xC0, 0x00, 0x03, 0xFF, 0xFC, 0x00, 0x00, 0x1F, 0xFF,
  0xC0, 0x00, 0x01, 0xFF, 0xFC, 0x00, 0x00, 0x1F, 0xFF, 0x80, 0x00, 0x01,
  0xFF, 0xF8, 0x00, 0x00, 0x0F, 0xFF, 0x80, 0x00, 0x00, 0xFF, 0xF8, 0x00,
  0x00, 0x0F, 0xFF, 0x00, 0x00, 0x00, 0xFF, 0xF0, 0x00, 0x00, 0x0F, 0xFF,
  0x00, 0x00, 0x00, 0x7F, 0xF0, 0x00, 0x00, 0x07, 0xFF, 0x00, 0x00, 0x00,
  0x7F, 0xE0, 0x00, 0x00, 0x07, 0xFE, 0x00, 0x00, 0x00, 0x7F, 0xE0, 0x00,
  0x00, 0x07, 0xFE, 0x00, 0x00, 0x00, 0x7F, 0xC0, 0x00, 0x00, 0x0F, 0xFC,
  0x00, 0x00, 0x03, 0xFF, 0xC0, 0x00, 0x1F, 0xFF, 0xF8, 0x00, 0x01, 0xFF,
  0xFF, 0x80, 0x00, 0x1F, 0xFF, 0xF0, 0x00, 0x01, 0xFF, 0xFE, 0x00, 0x00,
  0x1F, 0xFF, 0xC0, 0x00, 0x01, 0xFF, 0xF8, 0x00, 0x00, 0x1F, 0xFE, 0x00,
  0x00, 0x01, 0xFE, 0x00, 0x00, 0x00, 0x3F, 0xFF, 0xFF, 0xF9, 0xFF, 0xFF,
  0xFF, 0xCF, 0xFF, 0xFF, 0xFE, 0x7F, 0xFF, 0xFF, 0xF3, 0xFF, 0xFF, 0xFF,
  0x9F, 0xFF, 0xFF, 0xFC, 0xFF, 0xFF, 0xFF, 0xE7, 0xFF, 0xFF, 0xFE, 0x00,
  0x00, 0x7F, 0xF0, 0x00, 0x03, 0xFF, 0x00, 0x00, 0x3F, 0xF8, 0x00, 0x01,
  0xFF, 0xC0, 0x00, 0x1F, 0xFC, 0x00, 0x00, 0xFF, 0xE0, 0x00, 0x07, 0xFE,
  0x00, 0x00, 0x7F, 0xF0, 0x00, 0x03, 0xFF, 0x80, 0x00, 0x3F, 0xF8, 0x00,
  0x01, 0xFF, 0xC0, 0x00, 0x0F, 0xFC, 0x00, 0x00, 0xFF, 0xE0, 0x00, 0x07,
  0xFF, 0x00, 0x00, 0x7F, 0xF0, 0x00, 0x03, 0xFF, 0x80, 0x00, 0x3F, 0xF8,
  0x00, 0x01, 0xFF, 0xC0, 0x00, 0x0F, 0xFE, 0x00, 0x00, 0xFF, 0xE0, 0x00,
  0x07, 0xFF, 0x00, 0x00, 0x7F, 0xF0, 0x00, 0x03, 0xFF, 0x80, 0x00, 0x1F,
  0xF8, 0x00, 0x01, 0xFF, 0xC0, 0x00, 0x0F, 0xFE, 0x00, 0x00, 0xFF, 0xE0,
  0x00, 0x07, 0xFF, 0x00, 0x00, 0x3F, 0xF0, 0x00, 0x03, 0xFF, 0x80, 0x00,
  0x1F, 0xFC, 0x00, 0x01, 0xFF, 0xC0, 0x00, 0x0F, 0xFE, 0x00, 0x00, 0xFF,
  0xE0, 0x00, 0x07, 0xFF, 0x00, 0x00, 0x3F, 0xF8, 0x00, 0x03, 0xFF, 0x80,
  0x00, 0x1F, 0xFC, 0x00, 0x01, 0xFF, 0xC0, 0x00, 0x0F, 0xFE, 0x00, 0x00,
  0x7F, 0xE0, 0x00, 0x07, 0xFF, 0xFF, 0xFF, 0xBF, 0xFF, 0xFF, 0xFD, 0xFF,
  0xFF, 0xFF, 0xEF, 0xFF, 0xFF, 0xFF, 0x7F, 0xFF, 0xFF, 0xFB, 0xFF, 0xFF,
  0xFF, 0xDF, 0xFF, 0xFF, 0xFE, 0xFF, 0xFF, 0xFF, 0xF0, 0x00, 0x00, 0x01,
  0x00, 0x0F, 0xFF, 0x00, 0x3F, 0xFF, 0x00, 0x7F, 0xFF, 0x00, 0xFF, 0xFF,
  0x00, 0xFF, 0xFF, 0x01, 0xFF, 0xFF, 0x01, 0xFF, 0xFF, 0x01, 0xFF, 0xFF,
  0x03, 0xFF, 0xC0, 0x03, 0xFF, 0xC0, 0x03, 0xFF, 0x80, 0x03, 0xFF, 0x80,
  0x03, 0xFF, 0x80, 0x03, 0xFF, 0x80, 0x03, 0xFF, 0x80, 0x03, 0xFF, 0x80,
  0x03, 0xFF, 0x80, 0x03, 0xFF, 0x80, 0x03, 0xFF, 0x80, 0x03, 0xFF, 0x80,
  0x03, 0xFF, 0x80, 0x03, 0xFF, 0x80, 0x03, 0xFF, 0x80, 0x03, 0xFF, 0x80,
  0x03, 0xFF, 0x80, 0x03, 0xFF, 0x80, 0x03, 0xFF, 0x80, 0x03, 0xFF, 0x80,
  0x03, 0xFF, 0x80, 0x03, 0xFF, 0x80, 0x03, 0xFF, 0x80, 0x03, 0xFF, 0x80,
  0x03, 0xFF, 0x80, 0x03, 0xFF, 0x80, 0x03, 0xFF, 0x80, 0x03, 0xFF, 0x80,
  0x03, 0xFF, 0x80, 0x03, 0xFF, 0x80, 0x03, 0xFF, 0x80, 0x03, 0xFF, 0x80,
  0x03, 0xFF, 0x80, 0x03, 0xFF, 0x80, 0x07, 0xFF, 0x00, 0x07, 0xFF, 0x00,
  0x07, 0xFF, 0x00, 0x1F, 0xFE, 0x00, 0xFF, 0xFE, 0x00, 0xFF, 0xFC, 0x00,
  0xFF, 0xF8, 0x00, 0xFF, 0xF0, 0x00, 0xFF, 0xF0, 0x00, 0xFF, 0xF8, 0x00,
  0xFF, 0xFC, 0x00, 0xFF, 0xFE, 0x00, 0x1F, 0xFF, 0x00, 0x07, 0xFF, 0x00,
  0x07, 0xFF, 0x00, 0x07, 0xFF, 0x00, 0x03, 0xFF, 0x80, 0x03, 0xFF, 0x80,
  0x03, 0xFF, 0x80, 0x03, 0xFF, 0x80, 0x03, 0xFF, 0x80, 0x03, 0xFF, 0x80,
  0x03, 0xFF, 0x80, 0x03, 0xFF, 0x80, 0x03, 0xFF, 0x80, 0x03, 0xFF, 0x80,
  0x03, 0xFF, 0x80, 0x03, 0xFF, 0x80, 0x03, 0xFF, 0x80, 0x03, 0xFF, 0x80,
  0x03, 0xFF, 0x80, 0x03, 0xFF, 0x80, 0x03, 0xFF, 0x80, 0x03, 0xFF, 0x80,
  0x03, 0xFF, 0x80, 0x03, 0xFF, 0x80, 0x03, 0xFF, 0x80, 0x03, 0xFF, 0x80,
  0x03, 0xFF, 0x80, 0x03, 0xFF, 0x80, 0x03, 0xFF, 0x80, 0x03, 0xFF, 0x80,
  0x03, 0xFF, 0x80, 0x03, 0xFF, 0x80, 0x03, 0xFF, 0x80, 0x03, 0xFF, 0x80,
  0x03, 0xFF, 0x80, 0x03, 0xFF, 0x80, 0x03, 0xFF, 0xC0, 0x01, 0xFF, 0xE0,
  0x01, 0xFF, 0xFF, 0x01, 0xFF, 0xFF, 0x01, 0xFF, 0xFF, 0x00, 0xFF, 0xFF,
  0x00, 0xFF, 0xFF, 0x00, 0x7F, 0xFF, 0x00, 0x1F, 0xFF, 0x00, 0x01, 0xFF,
  0xFF, 0xFF, 0xFF, 0xFF, 0xFF, 0xFF, 0xFF, 0xFF, 0xFF, 0xFF, 0xFF, 0xFF,
  0xFF, 0xFF, 0xFF, 0xFF, 0xFF, 0xFF, 0xFF, 0xFF, 0xFF, 0xFF, 0xFF, 0xFF,
  0xFF, 0xFF, 0xFF, 0xFF, 0xFF, 0xFF, 0xFF, 0xFF, 0xFF, 0xFF, 0xFF, 0xFF,
  0xFF, 0xFF, 0xFF, 0xFF, 0xFF, 0xFF, 0xFF, 0xFF, 0xFF, 0xFF, 0xFF, 0xFF,
  0xFF, 0xFF, 0xFF, 0xFF, 0xFF, 0xFF, 0xFF, 0xFF, 0xFF, 0xFF, 0xFF, 0xFF,
  0xFF, 0xFF, 0xFF, 0xFF, 0xFF, 0xFF, 0xFF, 0xFF, 0xFF, 0xFF, 0xFF, 0xFF,
  0xFF, 0xFF, 0xFF, 0xFF, 0xFF, 0xFF, 0xFF, 0xFF, 0xFF, 0xFF, 0xFF, 0xFF,
  0xFF, 0xFF, 0xFF, 0xFF, 0xFF, 0xFF, 0xFF, 0xFF, 0xFF, 0xFF, 0xFF, 0xFF,
  0xFF, 0xFF, 0xFF, 0xFF, 0xFF, 0xFF, 0xFF, 0xFF, 0xFF, 0xFF, 0xFF, 0xFF,
  0xFF, 0xFF, 0xFF, 0xFF, 0xFF, 0xFF, 0xFF, 0xFF, 0xFF, 0xFF, 0xFC, 0x80,
  0x00, 0x00, 0xFF, 0xF0, 0x00, 0xFF, 0xFC, 0x00, 0xFF, 0xFE, 0x00, 0xFF,
  0xFF, 0x00, 0xFF, 0xFF, 0x00, 0xFF, 0xFF, 0x80, 0xFF, 0xFF, 0x80, 0xFF,
  0xFF, 0x80, 0x03, 0xFF, 0xC0, 0x03, 0xFF, 0xC0, 0x01, 0xFF, 0xC0, 0x01,
  0xFF, 0xC0, 0x01, 0xFF, 0xC0, 0x01, 0xFF, 0xC0, 0x01, 0xFF, 0xC0, 0x01,
  0xFF, 0xC0, 0x01, 0xFF, 0xC0, 0x01, 0xFF, 0xC0, 0x01, 0xFF, 0xC0, 0x01,
  0xFF, 0xC0, 0x01, 0xFF, 0xC0, 0x01, 0xFF, 0xC0, 0x01, 0xFF, 0xC0, 0x01,
  0xFF, 0xC0, 0x01, 0xFF, 0xC0, 0x01, 0xFF, 0xC0, 0x01, 0xFF, 0xC0, 0x01,
  0xFF, 0xC0, 0x01, 0xFF, 0xC0, 0x01, 0xFF, 0xC0, 0x01, 0xFF, 0xC0, 0x01,
  0xFF, 0xC0, 0x01, 0xFF, 0xC0, 0x01, 0xFF, 0xC0, 0x01, 0xFF, 0xC0, 0x01,
  0xFF, 0xC0, 0x01, 0xFF, 0xC0, 0x01, 0xFF, 0xC0, 0x01, 0xFF, 0xC0, 0x01,
  0xFF, 0xC0, 0x01, 0xFF, 0xC0, 0x01, 0xFF, 0xC0, 0x00, 0xFF, 0xE0, 0x00,
  0xFF, 0xE0, 0x00, 0xFF, 0xF0, 0x00, 0xFF, 0xF8, 0x00, 0x7F, 0xFF, 0x00,
  0x3F, 0xFF, 0x00, 0x1F, 0xFF, 0x00, 0x0F, 0xFF, 0x00, 0x0F, 0xFF, 0x00,
  0x1F, 0xFF, 0x00, 0x3F, 0xFF, 0x00, 0x7F, 0xFF, 0x00, 0xFF, 0xF8, 0x00,
  0xFF, 0xF0, 0x00, 0xFF, 0xE0, 0x00, 0xFF, 0xE0, 0x01, 0xFF, 0xC0, 0x01,
  0xFF, 0xC0, 0x01, 0xFF, 0xC0, 0x01, 0xFF, 0xC0, 0x01, 0xFF, 0xC0, 0x01,
  0xFF, 0xC0, 0x01, 0xFF, 0xC0, 0x01, 0xFF, 0xC0, 0x01, 0xFF, 0xC0, 0x01,
  0xFF, 0xC0, 0x01, 0xFF, 0xC0, 0x01, 0xFF, 0xC0, 0x01, 0xFF, 0xC0, 0x01,
  0xFF, 0xC0, 0x01, 0xFF, 0xC0, 0x01, 0xFF, 0xC0, 0x01, 0xFF, 0xC0, 0x01,
  0xFF, 0xC0, 0x01, 0xFF, 0xC0, 0x01, 0xFF, 0xC0, 0x01, 0xFF, 0xC0, 0x01,
  0xFF, 0xC0, 0x01, 0xFF, 0xC0, 0x01, 0xFF, 0xC0, 0x01, 0xFF, 0xC0, 0x01,
  0xFF, 0xC0, 0x01, 0xFF, 0xC0, 0x01, 0xFF, 0xC0, 0x01, 0xFF, 0xC0, 0x01,
  0xFF, 0xC0, 0x01, 0xFF, 0xC0, 0x01, 0xFF, 0xC0, 0x03, 0xFF, 0xC0, 0x07,
  0xFF, 0x80, 0xFF, 0xFF, 0x80, 0xFF, 0xFF, 0x80, 0xFF, 0xFF, 0x80, 0xFF,
  0xFF, 0x00, 0xFF, 0xFF, 0x00, 0xFF, 0xFE, 0x00, 0xFF, 0xF8, 0x00, 0xFF,
  0xC0, 0x00, 0x00, 0x3E, 0x00, 0x00, 0x00, 0x07, 0xFC, 0x00, 0x00, 0x00,
  0xFF, 0xF8, 0x00, 0x10, 0x0F, 0xFF, 0xE0, 0x01, 0xC1, 0xFF, 0xFF, 0xC0,
  0x3F, 0x1F, 0xFF, 0xFF, 0x83, 0xF9, 0xFF, 0xFF, 0xFF, 0xFF, 0xEF, 0xFF,
  0xFF, 0xFF, 0xFF, 0x7F, 0x83, 0xFF, 0xFF, 0xE1, 0xF8, 0x07, 0xFF, 0xFE,
  0x07, 0x00, 0x0F, 0xFF, 0xE0, 0x10, 0x00, 0x3F, 0xFE, 0x00, 0x00, 0x00,
  0x7F, 0xC0, 0x00, 0x00, 0x00, 0xF8, 0x00 };

const GFXglyph Oswald_Regular50pt7bGlyphs[] PROGMEM = {
  {     0,   1,   1,  22,    0,    0 },   // 0x20 ' '
  {     1,  10,  80,  20,    5,  -79 },   // 0x21 '!'
  {   101,  23,  24,  26,    2,  -79 },   // 0x22 '"'
  {   170,  42,  80,  48,    3,  -79 },   // 0x23 '#'
  {   590,  40,  96,  48,    4,  -87 },   // 0x24 '$'
  {  1070,  80,  82,  88,    4,  -80 },   // 0x25 '%'
  {  1890,  48,  82,  60,    6,  -80 },   // 0x26 '&'
  {  2382,  10,  24,  12,    2,  -79 },   // 0x27 '''
  {  2412,  19, 100,  29,    7,  -80 },   // 0x28 '('
  {  2650,  19, 100,  26,    3,  -80 },   // 0x29 ')'
  {  2888,  33,  34,  39,    4,  -79 },   // 0x2A '*'
  {  3029,  36,  40,  40,    2,  -60 },   // 0x2B '+'
  {  3209,  11,  24,  19,    4,  -10 },   // 0x2C ','
  {  3242,  22,   8,  30,    4,  -32 },   // 0x2D '-'
  {  3264,  10,  12,  18,    5,  -11 },   // 0x2E '.'
  {  3279,  30,  80,  36,    3,  -79 },   // 0x2F '/'
  {  3579,  39,  81,  51,    6,  -80 },   // 0x30 '0'
  {  3974,  24,  80,  37,    3,  -79 },   // 0x31 '1'
  {  4214,  39,  81,  47,    4,  -80 },   // 0x32 '2'
  {  4609,  39,  82,  47,    4,  -80 },   // 0x33 '3'
  {  5009,  42,  80,  47,    4,  -79 },   // 0x34 '4'
  {  5429,  39,  80,  47,    5,  -79 },   // 0x35 '5'
  {  5819,  40,  82,  50,    6,  -80 },   // 0x36 '6'
  {  6229,  32,  80,  38,    2,  -79 },   // 0x37 '7'
  {  6549,  39,  82,  49,    5,  -80 },   // 0x38 '8'
  {  6949,  39,  82,  49,    4,  -80 },   // 0x39 '9'
  {  7349,  10,  43,  19,    6,  -52 },   // 0x3A ':'
  {  7403,  11,  60,  21,    6,  -55 },   // 0x3B ';'
  {  7486,  28,  41,  37,    3,  -61 },   // 0x3C '<'
  {  7630,  30,  26,  40,    5,  -53 },   // 0x3D '='
  {  7728,  28,  41,  37,    6,  -61 },   // 0x3E '>'
  {  7872,  38,  81,  47,    5,  -80 },   // 0x3F '?'
  {  8257,  79,  93,  89,    6,  -79 },   // 0x40 '@'
  {  9176,  44,  80,  48,    2,  -79 },   // 0x41 'A'
  {  9616,  41,  80,  51,    6,  -79 },   // 0x42 'B'
  { 10026,  41,  82,  50,    5,  -80 },   // 0x43 'C'
  { 10447,  41,  80,  52,    6,  -79 },   // 0x44 'D'
  { 10857,  31,  80,  40,    6,  -79 },   // 0x45 'E'
  { 11167,  31,  80,  38,    6,  -79 },   // 0x46 'F'
  { 11477,  43,  82,  53,    5,  -80 },   // 0x47 'G'
  { 11918,  42,  80,  54,    6,  -79 },   // 0x48 'H'
  { 12338,  11,  80,  25,    7,  -79 },   // 0x49 'I'
  { 12448,  23,  82,  29,    0,  -79 },   // 0x4A 'J'
  { 12684,  42,  80,  48,    6,  -79 },   // 0x4B 'K'
  { 13104,  32,  80,  39,    6,  -79 },   // 0x4C 'L'
  { 13424,  52,  80,  64,    6,  -79 },   // 0x4D 'M'
  { 13944,  39,  80,  51,    6,  -79 },   // 0x4E 'N'
  { 14334,  43,  82,  53,    5,  -80 },   // 0x4F 'O'
  { 14775,  39,  80,  47,    6,  -79 },   // 0x50 'P'
  { 15165,  43,  97,  53,    5,  -80 },   // 0x51 'Q'
  { 15687,  40,  80,  50,    6,  -79 },   // 0x52 'R'
  { 16087,  40,  82,  46,    4,  -80 },   // 0x53 'S'
  { 16497,  38,  80,  40,    1,  -79 },   // 0x54 'T'
  { 16877,  42,  81,  52,    5,  -79 },   // 0x55 'U'
  { 17303,  45,  80,  49,    2,  -79 },   // 0x56 'V'
  { 17753,  64,  80,  71,    4,  -79 },   // 0x57 'W'
  { 18393,  45,  80,  47,    1,  -79 },   // 0x58 'X'
  { 18843,  44,  80,  46,    1,  -79 },   // 0x59 'Y'
  { 19283,  35,  80,  41,    4,  -79 },   // 0x5A 'Z'
  { 19633,  22,  98,  33,    6,  -79 },   // 0x5B '['
  { 19903,  30,  80,  36,    3,  -79 },   // 0x5C '\'
  { 20203,  21,  98,  30,    3,  -79 },   // 0x5D ']'
  { 20461,  37,  32,  43,    3,  -79 },   // 0x5E '^'
  { 20609,  34,   8,  34,    0,    6 },   // 0x5F '_'
  { 20643,  16,  20,  27,    6,  -80 },   // 0x60 '`'
  { 20683,  34,  59,  40,    2,  -57 },   // 0x61 'a'
  { 20934,  34,  81,  43,    5,  -79 },   // 0x62 'b'
  { 21279,  32,  59,  40,    4,  -57 },   // 0x63 'c'
  { 21515,  34,  81,  43,    4,  -79 },   // 0x64 'd'
  { 21860,  33,  59,  41,    4,  -57 },   // 0x65 'e'
  { 22104,  26,  78,  29,    2,  -76 },   // 0x66 'f'
  { 22358,  42,  77,  43,    2,  -58 },   // 0x67 'g'
  { 22763,  33,  80,  44,    6,  -79 },   // 0x68 'h'
  { 23093,  10,  77,  22,    6,  -76 },   // 0x69 'i'
  { 23190,  19,  91,  22,   -2,  -76 },   // 0x6A 'j'
  { 23407,  36,  80,  41,    5,  -79 },   // 0x6B 'k'
  { 23767,  10,  80,  22,    6,  -79 },   // 0x6C 'l'
  { 23867,  56,  58,  66,    5,  -57 },   // 0x6D 'm'
  { 24273,  33,  58,  43,    5,  -57 },   // 0x6E 'n'
  { 24513,  33,  59,  41,    4,  -57 },   // 0x6F 'o'
  { 24757,  34,  77,  43,    5,  -57 },   // 0x70 'p'
  { 25085,  34,  77,  43,    4,  -57 },   // 0x71 'q'
  { 25413,  25,  58,  32,    6,  -57 },   // 0x72 'r'
  { 25595,  31,  59,  37,    3,  -57 },   // 0x73 's'
  { 25824,  26,  75,  30,    2,  -73 },   // 0x74 't'
  { 26068,  33,  58,  43,    5,  -56 },   // 0x75 'u'
  { 26308,  35,  57,  38,    1,  -56 },   // 0x76 'v'
  { 26558,  52,  57,  58,    3,  -56 },   // 0x77 'w'
  { 26929,  36,  57,  38,    1,  -56 },   // 0x78 'x'
  { 27186,  36,  72,  38,    1,  -57 },   // 0x79 'y'
  { 27510,  29,  57,  34,    3,  -56 },   // 0x7A 'z'
  { 27717,  24, 101,  29,    3,  -80 },   // 0x7B '{'
  { 28020,  10,  95,  24,    7,  -79 },   // 0x7C '|'
  { 28139,  24, 101,  32,    4,  -80 },   // 0x7D '}'
  { 28442,  37,  14,  44,    3,  -47 } }; // 0x7E '~'

const GFXfont Oswald_Regular50pt7b PROGMEM = {
  (uint8_t  *)Oswald_Regular50pt7bBitmaps,
  (GFXglyph *)Oswald_Regular50pt7bGlyphs,
  0x20, 0x7E, 145 };

// Approx. 29179 bytes
